0/   Common Name,1/   Latin Name,1b/  Genus,1c/  Cultivar (Y/N),1d/  Source,2/  Native Status Tier,3/  Native Status - Basis,22/  Native to (Level II Ecoregion),2/  Slug,3/  Drive Image ID,8/  Category,9/  Habit,10/  Flower,11/  Leaf,"12/  Height, Min (ft)","13/  Height, Max (ft)","14/  Spread, Min (ft)","15/  Spread, Max (ft)",4/  Light Req,5/  Water Req,6/  Soil Req,7/  Zone,24/  Drought Resistant,25/  Low Maintenance,52/  Shade Tolerance [USDA PLANTS],53/  Ellenberg-style L value (1-9) [where available],"50/  Coeff. of Conservatism C (0-10) [Chicago Region FQA, Swink&Wilhelm 1994]",51/  Coeff. of Wetness W (-5..+5) [Chicago Region FQA],16/  Bloom Color,17/  Bloom Time,18/  Fall Leaf Color,19/  Fall Color Time,20/  Attractive Seedhead Time,21/  Garden Attributes,23/  Context,28/  Growth Rate/Lifespan,27/  Summary Blurb,29/  Detailed Description,"30/  Maintenance, General","31/  Maintenance, Late Winter","32/  Maintenance, Early Spring","33/  Maintenance, Mid Spring","34/  Maintenance, Late Spring","35/  Maintenance, Early Summer","36/  Maintenance, Mid Summer","37/  Maintenance, Late Summer","38/  Maintenance, Early Fall","39/  Maintenance, Mid Fall","40/  Maintenance, Late Fall","41/  Maintenance, Winter","43/  [DOC] Pollinators Supported (documented, partial)","44/  [DOC] Pollinator Taxa Count (documented floor, not a census)",45/  [EST] CSR Strategy,46/  [EST] CSR Basis,47/  [REC] Companion - CSR-Matched,48/  [REC] Companion - Site-Matched (Soil/Water/Light),49/  [REC] Companion - Complementary Seasonal Interest,58/  Image - Spring (URL or Drive ID),59/  Image - Summer (URL or Drive ID),60/  Image - Fall (URL or Drive ID),61/  Image - Winter (URL or Drive ID)
Yarrow,Achillea millefolium,Achillea,N,Existing (enriched),Native,Native to N. America incl. Upper Midwest (note: much nursery stock is European genotype).,Central USA Plains,achillea_millefolium,,flower,spreading mat,,fine,2,3,2,2,"full sun, part sun",dry,"rocky/poor, average, clay, sand","4a, 4b, 5a, 5b, 6a, 6b, 7a, 7b, 8a, 8b",FALSE,FALSE,Intermediate,,0,3,"yellow, orange, white","Late Spring, Early Summer, Mid Summer, Late Summer",green,,,attractive seedheads,,moderate growth; moderate-lived; perennial,"Flat-topped white flower clusters over ferny, aromatic foliage; tough, drought-proof, and alive with small beneficial insects.","Fern like foilage, flat flower heads",,,,,,,,,,,,,Sweat bees (Halictidae); mining bees (Andrenidae); predatory & paper wasps; hoverflies (Syrphidae); beetles; small butterflies,6,CR  (Competitive-Ruderal),"Rhizomatous mat-former that colonizes disturbed, poor, dry ground and reseeds freely; vigorous lateral spread (C) plus disturbance tolerance (R). Low fidelity to intact habitat (low C-value).",Monarda fistulosa; Rudbeckia hirta; Solidago rugosa 'Fireworks',Schizachyrium scoparium; Asclepias tuberosa; Echinacea purpurea,Liatris spicata (mid-summer spikes); Symphyotrichum novae-angliae (fall); Sporobolus heterolepis (fall seedheads),,,,
Black Cohosh,Actaea racemosa,Actaea,N,Existing (enriched),Native,Native to eastern N. America; range margin reaches IL/IN.,Central USA Plains,actaea_racemosa,,flower,clump,,bold,4,6,2,4,"part shade, full shade",average,"high organic, loam","3a, 3b, 4a, 4b, 5a, 5b, 6a, 6b, 7a, 7b, 8a, 8b",FALSE,FALSE,,,,,white,"Mid Summer, Late Summer",,,,"black cohosh, tall white spires, medicinal, woodland native",,perennial,"Tall white bottlebrush spires rise above dark, divided foliage — a dramatic vertical accent for rich, shaded soil.",,,,,,,,,,,,,,Bumblebees; sweat bees; flies (scent-attracted); beetles,4,CS  (Competitor-Stress-tolerator),"Long-lived rhizomatous woodland perennial of rich, moist shade; slow to establish but persistent and large (S with C in fertile soils). High habitat fidelity.",Hydrangea arborescens; Eutrochium maculatum; Polygonatum commutatum,Tiarella cordifolia; Asarum canadense; Polystichum acrostichoides,Mertensia virginica (spring ephemeral); Phlox divaricata (spring); Polystichum acrostichoides (evergreen winter),,,,
Anise Hyssop,Agastache foeniculum,Agastache,N,Existing (enriched),Native,Native to northern prairies incl. Upper Midwest.,Central USA Plains,agastache_foeniculum,,flower,upright clump,,,2,3,1,2,"full sun, part sun",moist/well-drained,"average, well-drained","4a, 5b, 6a, 6b, 7a, 5a, 7b, 8a, 8b",FALSE,FALSE,,,,,purple,"Mid Summer, Early Summer, Late Summer",,,,"hyssop, long-blooming, attracts bees and butterflies",,perennial,Anise-scented foliage topped with soft lavender spikes; a long-blooming nectar magnet for bees and butterflies.,,,,,,,,,,,,,,Bumblebees; honey bees; leafcutter bees (Megachile); green sweat bees (Agapostemon); butterflies; skippers; occasional hummingbirds,7,CSR / CR-leaning,"Fast-growing, free-reseeding sun perennial of well-drained soils; resource-responsive growth (C) with strong ruderal recruitment (R), moderate longevity.",Rudbeckia hirta; Monarda fistulosa; Echinacea purpurea,Echinacea purpurea; Pycnanthemum virginianum; Liatris spicata,Penstemon digitalis (early summer); Symphyotrichum novae-angliae (fall); Schizachyrium scoparium (fall color),,,,
Ornamental Onion,Allium,Allium,N,Existing (enriched),Congener - non-native,Ornamental Allium; same genus as native A. cernuum / A. canadense.,Central USA Plains,allium,,flower,clump,,,2,3,2,2,"full sun, part sun","dry, average","average, well-drained","4a, 4b, 5a, 5b, 6a, 6b, 7a, 7b, 8a, 8b",TRUE,TRUE,,,,,"purple, pink",Mid Summer,,,,"ornamental onion, spherical blooms, attracts pollinators",,,Globe-shaped flower heads on slender stems; an ornamental onion that adds structural pops and draws foraging bees.,,,,,,,,,,,,,,Honey bees; bumblebees; sweat bees; occasional butterflies & flies,4,S / CSR,"Bulbous geophyte; drought- and stress-tolerant, storing resources to ride out dry periods (S). Most ornamental selections are non-aggressive clumpers.",Nepeta x faassenii; Hylotelephium 'Autumn Joy'; Sporobolus heterolepis,Hylotelephium 'Autumn Joy'; Schizachyrium scoparium; Bouteloua curtipendula,Amsonia hubrichtii (gold fall foliage); Symphyotrichum novae-angliae (fall); spring minor bulbs,,,,
Arkansas Blue Star,Amsonia hubrichtii,Amsonia,N,Existing (enriched),Congener - near-region,US native of the Ouachita/Ozark uplands (nearest ecological unit); same genus as lower-Midwest natives A. tabernaemontana / A. illustris.,Southeastern USA Plains,amsonia_hubrichtii,,flower,mound,,,2,3,2,3,full sun,"dry, average","average, well-drained","5a, 5b, 6a, 6b, 7a, 7b, 8a, 8b",FALSE,FALSE,,,,,light blue,"Mid Spring, Late Spring","gold, yellow","Mid Fall, Late Fall",,"fine texture, deer resistant, fall color",,perennial,"Fine thread-like foliage forms a soft mound topped with pale-blue spring stars, then turns brilliant gold in fall.",,,,,,,,,,,,,,Bumblebees; carpenter bees; butterflies; clearwing/sphinx moths; bee flies,5,CS  (Competitor-Stress-tolerator),"Long-lived, deep-rooted clump that is drought- and neglect-tolerant once established (S) yet builds a substantial mounding mass (C). Slow but enduring.",Baptisia australis; Sporobolus heterolepis; Echinacea purpurea,Baptisia australis; Schizachyrium scoparium; Echinacea purpurea,Allium (early); little bluestem & New England aster (fall) to echo Amsonia's gold fall foliage,,,,
Eastern Columbine,Aquilegia canadensis,Aquilegia,N,Existing (enriched),Native,Native to eastern N. America incl. Upper Midwest.,Eastern Mixed Wood Plains,aquilegia_canadensis,,flower,mound,see-through,gray green,2,4,1,2,"full sun, full shade, part shade","dry, moist/well-drained, average","rocky/poor, clay","3a, 3b, 4a, 5a, 5b, 6a, 6b, 4b, 7a, 7b, 8a, 8b",FALSE,TRUE,,,6,1,"red, pink","Mid Spring, Late Spring",,,,pollinator friendly,"woodland, container","Short-lived plant, will live for 3-4 years but will reseed throughout the garden","Woodland edge and rocky outbank perennial that works well with smaller, low plants.",Will not survive with taller competition. Flowers are a critical food source for returning ruby-throated hummingbirds in spring and are also visited by bumblebees and hawk moths for the nectar and other bees for the pollen. ,"On younger plants, deadheading can prolong bloom time. Deadleafing keeps apprearnce clean. Plants can be cut to the ground for a refresh and will grow new foilage. This may take several weeks, especially in dry condiditons. Avoid locations with hot afternoon sun. ",,,,Deadhead to lateral flower buds as needed to encourage more blooms,Deadhead to lateral flower buds as needed to encourage more blooms,Cut old flowering stems to the ground when all flowering is finished and the stem has dried out. Dead leaf any damaged leaves and cutback to ground if the plant looks ragged. It will flush out new growth. ,Cut old flowering stems to the ground when all flowering is finished and the stem has dried out. Deadleaf any damaged leaves and cutback to ground if the plant looks ragged. It will flush out new growth. ,Deadleaf any damaged leaves and cutback to ground if the plant looks ragged. It will flush out new growth. ,Deadleaf any damaged leaves and cutback to ground if the plant looks ragged. It will flush out new growth. ,,,Ruby-throated hummingbird (primary); bumblebees; hawk moths; halictid bees (pollen),4,SR / CSR  (Stress-tolerant Ruderal),"Short-lived (3-4 yr) reseeder of rocky outcrops and woodland edges; cannot persist under taller competition (low C, per sheet) but recruits readily from seed (R) in stressful thin soils (S).",Heuchera villosa 'Autumn Bride'; Carex rosea; Phlox divaricata,Heuchera villosa 'Autumn Bride'; Carex rosea; Phlox divaricata,Heuchera (late-summer bloom); Polystichum (evergreen winter); Carex rosea (fine texture all season),,,,
Woodland Phlox,Phlox divaricata,Phlox,N,Existing (enriched),Native,Native to eastern N. America incl. Upper Midwest.,Eastern Mixed Wood Plains,phlox_divaricata,,flower,mound,spray,fine,1,1,1,1,"part shade, part sun",moist/well-drained,high organic,"5a, 5b, 6a, 4a, 4b, 6b, 7a, 7b, 8a, 8b",FALSE,FALSE,,,5,3,"blue, purple, white","Mid Spring, Late Spring",,,,border,woodland,perennial,"Light blue, white and lavendar flowers. Flowers best in part sun conditions.",,Plant in spring to avoid winter frost heaving. ,,,,,"Using hedge sheers, cut off any browning flowering stems down to the green foilage","Using hedge sheers, cut off any browning flowering stems down to the green foilage. In hot, humid conditions, Phlox divaricata may develop powdery mildew. Shear down to promote lush, new growth. If allowed to dry out in the summer or if given too much sun the foilage may die back.","In hot, humid conditions, Phlox divaricata may develop powdery mildew. Shear down to promote lush, new growth. If allowed to dry out in the summer or if given too much sun the foilage may die back.","In hot, humid conditions, Phlox divaricata may develop powdery mildew. Shear down to promote lush, new growth. If allowed to dry out in the summer or if given too much sun the foilage may die back.",,,,Butterflies; skippers; sphinx/hawk moths; bee flies (Bombylius); bumblebees; long-tongued bees,6,CS / CSR,"Stoloniferous woodland mat that knits a modest groundcover layer (mild C) under shade, persisting in rich moist soils (S); spreads slowly, not aggressive.",Tiarella cordifolia; Heuchera villosa 'Autumn Bride'; Geranium maculatum,Tiarella cordifolia; Asarum canadense; Mertensia virginica,Actaea racemosa (summer); Polystichum acrostichoides (evergreen winter); Heuchera (fall foliage),,,,
Early Meadow Rue,Thalictrum dioicum,Thalictrum,N,Existing (enriched),Native,Native to eastern N. America incl. Upper Midwest.,Eastern Mixed Wood Plains,thalictrum_dioicum,,flower,mound,,fine,1,2,1,2,"part shade, full shade",moist/well-drained,"high organic, loam","3a, 3b, 4a, 4b, 5a, 5b, 6a, 6b, 7a",FALSE,FALSE,,,7,2,"green, yellow","Early Spring, Mid Spring",,,,"textural, deer resistant",woodland,perennial,"Delicate, columbine-like foliage; airy early-spring woodland accent.",,,,,,,,,,,,,,"WIND-POLLINATED & dioecious - negligible insect pollination; occasional pollen-collecting bees on male plants. Value is foliage/structure, not pollinator forage.",0,CS / S  (woodland Stress-tolerator),"Long-lived, fine-textured woodland perennial of rich shade; persists in stable, resource-limited understory (S) with modest spread.",Carex rosea; Aquilegia canadensis; Phlox divaricata,Polystichum acrostichoides; Asarum canadense; Mertensia virginica,"Pairs early-spring filigree with later woodlanders: Actaea racemosa (summer), Tiarella cordifolia (spring-summer)",,,,
"Coral Bells, Hairy Alumroot",Heuchera villosa 'autumn bride',Heuchera,Y,Existing (enriched),Native cultivar,"Selection of H. villosa, native to eastern US (Appalachian/near-region).",Eastern Mixed Wood Plains,heuchera_villosa_'autumn_bride',,flower,mound,vertical,"bold, evergreen",1,2,1,2,"full sun, part sun","dry, average",,"3a, 3b, 4a, 4b, 5a, 8b, 8a, 7b, 7a, 6b, 6a, 5b",FALSE,TRUE,,,,,white,"Late Summer, Early Fall, Mid Fall, Late Fall",,,,"coral bells, colorful foliage, attracts hummingbirds","woodland, container",perennial,"Large, fuzzy lime-green leaves with big clouds of small white flowers ","Exceptional heat and humidity tolerance,","Provide consisten moisture while plugs are being established, then run them on the drier side. Performs best in part shade. Spring is optimal planting time. Divide every few years to maintain their vigor.",,Deadleaf and sheer off any damaged leaves and dead flower stalks. Divide every three years to maintain vigor.,,,,,,,,Apply a layer of mulch around plant to prevent frost heaving,,Small sweat bees (Halictidae); hoverflies; occasional hummingbirds & wasps,3,S / CS,"Tough, heat/humidity-tolerant clump with semi-evergreen foliage; persists on lean, dry-to-average soils (S) building a solid leaf mound (mild C).",Carex rosea; Aquilegia canadensis; Tiarella cordifolia,Carex pensylvanica; Aquilegia canadensis; Polystichum acrostichoides,Phlox divaricata & Mertensia virginica (spring); Actaea racemosa (summer); foliage holds through winter,,,,
Rosy Sedge,Carex rosea,Carex,N,Existing (enriched),Native,Native to eastern N. America incl. Upper Midwest.,Eastern Mixed Wood Plains,carex_rosea,,sedge,mound,,"evergreen, fine",1,1,1,1,"full sun, part sun, part shade","dry, average",,"3a, 3b, 4a, 4b, 5a, 5b, 6a, 6b, 7a, 7b, 8a, 8b",TRUE,FALSE,,,4,5,,"Late Spring, Mid Spring",,,,"groundcover, textural, border",woodland,,"Finely textured, shade tolerant ",,,,,,,,,,,,,,"WIND-POLLINATED - no pollinator nectar value. Ecological value is larval host for sedge-feeding skippers & satyrs (e.g., dun skipper, wood-nymphs) plus ground cover/structure.",0,CS / CSR  (shade groundcover sedge),"Fine, shade-tolerant clumping sedge of dry-to-average woodland soils; persistent, low-competition cover (S with mild C as it knits in).",Heuchera villosa 'Autumn Bride'; Aquilegia canadensis; Phlox divaricata,Polystichum acrostichoides; Aquilegia canadensis; Heuchera villosa 'Autumn Bride',"Fine texture all season; pair with spring ephemerals (Mertensia, Thalictrum) and summer Actaea",,,,
Christmas Fern,Polystichum acrostichoides,Polystichum,N,Existing (enriched),Native,Native to eastern N. America incl. Upper Midwest.,,polystichum_acrostichoides,,fern,vase,,"dark green, evergreen",1,2,1,2,"part shade, full shade","dry, average","sand, clay, loam","3a, 3b, 4a, 4b, 5a, 5b, 6a, 6b, 7a, 7b, 8a, 8b",FALSE,TRUE,,,9,5,,,,,,"textural, deer resistant","woodland, container",perennial,"Semi-evergreen/evergreen, dark and leathery leaves",,"Mulch around base to provide a steady amount of organic matter. If plants are looking weak, fortify with compost. Occasional deadleafing throughout the season may be required.",,Old fronds that look spent can be trimmed back to the base of the plant.,,,,,,,,,,"NON-FLOWERING (spore-bearing fern) - 0 pollinators. Provides evergreen cover, shelter & winter structure.",0,S  (Stress-tolerator),"Slow, long-lived evergreen woodland fern of shaded, often dry-rocky sites; classic stress-tolerator persisting where light and nutrients are limited.",Carex rosea; Heuchera villosa 'Autumn Bride'; Tiarella cordifolia,Asarum canadense; Carex rosea; Tiarella cordifolia,"Evergreen winter structure; pair with spring ephemerals (Mertensia, Dicentra) and summer Actaea racemosa",,,,
Wild Bergamot,Monarda fistulosa,Monarda,N,Existing (enriched),Native,Native prairie/edge species across the Upper Midwest.,Temperate Prairies,monarda_fistulosa,,flower,spreading clump,,coarse,2,4,1,3,"full sun, part sun","dry, average","average, rocky/poor, clay","3a, 3b, 4a, 4b, 5a, 5b, 6a, 6b, 7a, 7b, 8a, 8b",TRUE,TRUE,Intermediate,,4,3,"lavender, purple, pink","Mid Summer, Late Summer",,,"Fall, Winter","pollinator friendly, fragrant, attractive seedheads","prairie, border",Long-lived; spreads by rhizome and reseeds,Aromatic lavender pompoms; a top pollinator and hummingbird-moth plant.,,,,,,,,,,,,,,Bumblebees; long-tongued bees; hummingbird clearwing moths; ruby-throated hummingbird; butterflies; skippers; specialist bee (Dufourea monardae),6,CR  (Competitive-Ruderal),"Rhizomatous spreader of open prairie/edge; vigorous lateral growth (C) plus ready reseeding (R). Adaptable, moderate habitat fidelity.",Rudbeckia hirta; Echinacea purpurea; Pycnanthemum virginianum,Echinacea purpurea; Asclepias tuberosa; Schizachyrium scoparium,Penstemon digitalis (early summer); Symphyotrichum novae-angliae (fall); little bluestem (fall color),,,,
Black-eyed Susan,Rudbeckia hirta,Rudbeckia,N,Existing (enriched),Native,Native across the Upper Midwest.,Temperate Prairies,rudbeckia_hirta,,flower,upright clump,,coarse,1,3,1,2,"full sun, part sun","dry, average","average, clay, rocky/poor","3a, 3b, 4a, 4b, 5a, 5b, 6a, 6b, 7a, 7b, 8a, 8b",TRUE,TRUE,Intolerant,,1,3,"yellow, gold","Early Summer, Mid Summer, Late Summer",,,"Fall, Winter","pollinator friendly, attractive seedheads","prairie, border, container",Short-lived (1-3 yr); reseeds freely,Golden daisies over a long season; short-lived but self-sows reliably.,,,,,,,,,,,,,,Sweat bees; mining bees (Andrena); bumblebees; small butterflies; hoverflies; beetles,6,R / CR  (Ruderal),"Short-lived pioneer that colonizes open, disturbed ground and recruits heavily from seed (R), with quick competitive growth in the gap year.",Monarda fistulosa; Agastache foeniculum; Echinacea purpurea,Echinacea purpurea; Schizachyrium scoparium; Asclepias tuberosa,Penstemon digitalis (early); Symphyotrichum novae-angliae & Solidago (fall),,,,
Purple Coneflower,Echinacea purpurea,Echinacea,N,Existing (enriched),Native,Native to central/eastern US incl. parts of the Midwest.,Temperate Prairies,echinacea_purpurea,,flower,upright clump,,fine,2,4,1,2,"full sun, part sun","dry, average","average, clay, loam","3a, 3b, 4a, 4b, 5a, 5b, 6a, 6b, 7a, 7b, 8a, 8b",TRUE,TRUE,Intolerant,,3,5,"pink, purple","Early Summer, Mid Summer, Late Summer",,,"Fall, Winter","pollinator friendly, attractive seedheads, deer resistant","prairie, border","Long-lived; clump-forming, light reseeding",Long-blooming prairie classic; seedheads feed goldfinches into winter.,,,,,,,,,,,,,,Bumblebees; sweat bees; mining bees (Andrena); butterflies; skippers; (seed: goldfinches),5,CSR  (generalist),"Robust, adaptable mid-successional perennial balancing competitive vigor, drought tolerance and modest reseeding - sits near the centre of CSR space.",Rudbeckia hirta; Monarda fistulosa; Liatris spicata,Asclepias tuberosa; Schizachyrium scoparium; Amsonia hubrichtii,Penstemon digitalis (early); New England aster & little bluestem (fall),,,,
Dense Blazing Star,Liatris spicata,Liatris,N,Existing (enriched),Native,"Native to eastern/central N. America; near-region in the Upper Midwest (local congeners L. aspera, L. pycnostachya).",Temperate Prairies,liatris_spicata,,flower,vertical spike,,coarse,2,4,1,1,full sun,"average, moist/well-drained","average, loam","3a, 3b, 4a, 4b, 5a, 5b, 6a, 6b, 7a, 7b, 8a, 8b",TRUE,TRUE,Intermediate,,6,0,"purple, magenta","Mid Summer, Late Summer",,,Fall,"pollinator friendly, vertical accent","prairie, border",Long-lived corm,Vertical purple wands; a magnet for monarchs and swallowtails.,,,,,,,,,,,,,,Monarch & swallowtail butterflies; skippers; bumblebees; long-tongued bees,5,CSR / S,Cormous perennial of mesic prairie storing reserves below ground (S) while competing in the herb layer; persistent and slow-spreading.,Echinacea purpurea; Eutrochium maculatum; Veronicastrum virginicum,Echinacea purpurea; Sporobolus heterolepis; Zizia aurea,Zizia aurea (spring); Symphyotrichum & Sporobolus (fall),,,,
New England Aster,Symphyotrichum novae-angliae,Symphyotrichum,N,Existing (enriched),Native,Native across the Upper Midwest.,Temperate Prairies,symphyotrichum_novae-angliae,,flower,upright clump,,,3,5,2,3,"full sun, part sun","average, moist/well-drained","average, clay, loam","3a, 3b, 4a, 4b, 5a, 5b, 6a, 6b, 7a, 7b, 8a, 8b",FALSE,TRUE,,,4,-3,"purple, pink","Late Summer, Early Fall, Mid Fall",,,"Fall, Winter","pollinator friendly, fall interest","prairie, border",Long-lived; robust clump,Keystone fall nectar source in vivid purple; vital for migrating monarchs.,,,,,,,,,,,,,,Bumblebees & many bees; migrating monarchs & other butterflies; flies; aster-specialist bees (Andrena),7,C / CSR,"Tall, robust late-season competitor of moist meadows that builds substantial biomass (C) with broad tolerance.",Eutrochium maculatum; Veronicastrum virginicum; Solidago rugosa 'Fireworks',Eutrochium maculatum; Liatris spicata; Panicum virgatum,Extends the season after summer bloomers fade; pair with Echinacea/Monarda (summer) and grasses (fall),,,,
Prairie Dropseed,Sporobolus heterolepis,Sporobolus,N,Existing (enriched),Native,Native prairie grass of the Upper Midwest.,Temperate Prairies,sporobolus_heterolepis,,grass,fountain clump,,medium,2,3,2,3,full sun,"dry, average","rocky/poor, average, loam","3a, 3b, 4a, 4b, 5a, 5b, 6a, 6b, 7a, 7b, 8a, 8b",TRUE,TRUE,Intermediate,,10,4,yellow,"Late Summer, Early Fall","gold, orange","Mid Fall, Late Fall","Fall, Winter","textural, fall color, fragrant seed","prairie, border","Long-lived, slow-growing bunchgrass",Fine emerald fountains turning gold in fall; cilantro-scented bloom.,,,,,,,,,,,,,,WIND-POLLINATED - no nectar value. Larval host for skippers/leafhoppers; seed & winter cover for birds.,0,S / CS,"Slow, long-lived warm-season bunchgrass of lean prairie soils; classic stress-tolerator with high habitat fidelity.",Amsonia hubrichtii; Echinacea purpurea; Liatris spicata,Schizachyrium scoparium; Asclepias tuberosa; Bouteloua curtipendula,Structural all season; foliage and seedheads carry fall and winter interest behind summer forbs,,,,
Little Bluestem,Schizachyrium scoparium,Schizachyrium,N,Existing (enriched),Native,Native prairie grass of the Upper Midwest.,Temperate Prairies,schizachyrium_scoparium,,grass,upright clump,,medium,2,4,1,2,full sun,"dry, average","rocky/poor, average, sand, clay","3a, 3b, 4a, 4b, 5a, 5b, 6a, 6b, 7a, 7b, 8a, 8b",TRUE,TRUE,Intolerant,,5,4,yellow,"Late Summer, Early Fall","red, orange, copper","Mid Fall, Late Fall, Winter","Fall, Winter","textural, fall color, attractive seedheads","prairie, border",Long-lived warm-season bunchgrass,Blue-green summer blades igniting to copper-red in fall; superb winter color.,,,,,,,,,,,,,,"WIND-POLLINATED - no nectar value. Larval host for many prairie skippers (Ottoe, Dakota, cobweb); seed & cover for birds.",0,S / CSR,"Drought-adapted warm-season bunchgrass thriving on poor, dry soils (S) with steady competitive presence in mixed prairie.",Asclepias tuberosa; Echinacea purpurea; Liatris spicata,Sporobolus heterolepis; Bouteloua curtipendula; Amsonia hubrichtii,Summer-flowering forbs ahead of it; carries red/copper structure through fall and winter,,,,
Sideoats Grama,Bouteloua curtipendula,Bouteloua,N,Existing (enriched),Native,Native short-grass-prairie species of the region.,Temperate Prairies,bouteloua_curtipendula,,grass,upright clump,,medium,1,3,1,2,full sun,"dry, average","rocky/poor, average, sand","4a, 4b, 5a, 5b, 6a, 6b, 7a, 7b, 8a, 8b",TRUE,TRUE,Intolerant,,8,5,"orange, purple (anthers)","Early Summer, Mid Summer","tan, bronze","Mid Fall, Late Fall","Late Summer, Fall","textural, distinctive seedhead","prairie, border",Long-lived bunchgrass,Oat-like seeds dangling along one side of the stem; tough short-grass-prairie staple.,,,,,,,,,,,,,,WIND-POLLINATED - no nectar value. Larval host for skippers; seed for birds.,0,S / CSR,"Drought-hardy short-grass-prairie bunchgrass of dry, lean soils; stress-tolerant with moderate competitive spread.",Asclepias tuberosa; Echinacea purpurea; Schizachyrium scoparium,Schizachyrium scoparium; Sporobolus heterolepis; Allium,Distinctive early-summer seed display; bronzes through fall,,,,
Switchgrass,Panicum virgatum,Panicum,N,Existing (enriched),Native,Native prairie grass of the Upper Midwest.,Temperate Prairies,panicum_virgatum,,grass,upright clump,,coarse,3,6,2,3,"full sun, part sun","average, moist/well-drained","average, clay, sand, loam","4a, 4b, 5a, 5b, 6a, 6b, 7a, 7b, 8a, 8b",TRUE,TRUE,Intolerant,,5,-1,pink (panicle),"Late Summer, Early Fall","gold, yellow","Mid Fall, Late Fall","Fall, Winter","vertical accent, attractive seedheads, screening","prairie, rain garden, screening",Long-lived warm-season bunchgrass,Upright vertical grass with airy pink panicles; strong winter structure.,,,,,,,,,,,,,,WIND-POLLINATED - no nectar value. Larval host for skippers/leafhoppers; abundant seed & cover for birds.,0,C / CSR,"Tall, vigorous warm-season grass that builds large clumps and tolerates a wide moisture range - competitive with broad amplitude.",Eutrochium maculatum; Symphyotrichum novae-angliae; Veronicastrum virginicum,Liatris spicata; Asclepias incarnata; Echinacea purpurea,Backdrop for summer forbs; gold fall color and persistent winter seedheads,,,,
Butterfly Weed,Asclepias tuberosa,Asclepias,N,Existing (enriched),Native,Native milkweed of the Upper Midwest.,Temperate Prairies,asclepias_tuberosa,,flower,upright clump,,coarse,1,2,1,2,full sun,"dry, average","rocky/poor, sand, average","3a, 3b, 4a, 4b, 5a, 5b, 6a, 6b, 7a, 7b, 8a, 8b",TRUE,TRUE,Intolerant,,7,5,"orange, yellow","Early Summer, Mid Summer",,,"Late Summer, Fall","pollinator friendly, monarch host, deer resistant","prairie, border","Long-lived, deep taproot (resents transplanting)",Brilliant orange milkweed; monarch host and butterfly nectar plant.,,,,,,,,,,,,,,Monarch (host) & many butterflies; bumblebees; leafcutter & other bees; wasps; beetles,6,S / CSR,"Deep-taprooted dry-prairie perennial; slow, drought-proof and long-lived (S) with modest competitive presence.",Echinacea purpurea; Schizachyrium scoparium; Liatris spicata,Schizachyrium scoparium; Bouteloua curtipendula; Allium,Pair with spring Zizia and fall asters/grasses to bracket its early-summer bloom,,,,
Swamp Milkweed,Asclepias incarnata,Asclepias,N,Existing (enriched),Native,Native wet-meadow milkweed of the Upper Midwest.,Temperate Prairies,asclepias_incarnata,,flower,upright clump,,coarse,3,5,2,3,"full sun, part sun","moist/well-drained, wet","average, clay, loam","3a, 3b, 4a, 4b, 5a, 5b, 6a, 6b, 7a, 7b, 8a, 8b",FALSE,TRUE,Intolerant,,4,-5,"pink, mauve","Mid Summer, Late Summer",,,Fall,"pollinator friendly, monarch host, rain garden","rain garden, prairie, border",Long-lived; clump-forming,Fragrant pink milkweed for moist soils; monarch host and nectar plant.,,,,,,,,,,,,,,Monarch (host) & swallowtail/fritillary butterflies; bumblebees; wasps; skippers,5,C / CS,Robust wet-meadow perennial that builds tall biomass on fertile moist soils (C) with stress tolerance for saturation.,Eutrochium maculatum; Veronicastrum virginicum; Liatris spicata,Eutrochium maculatum; Panicum virgatum; Zizia aurea,Mid-summer bloom between early Zizia and fall asters,,,,
Spotted Joe Pye Weed,Eutrochium maculatum,Eutrochium,N,Existing (enriched),Native,Native wet-meadow species of the Upper Midwest.,Temperate Prairies,eutrochium_maculatum,,flower,upright clump,,,4,7,2,4,"full sun, part sun","moist/well-drained, wet","average, clay, loam","3a, 3b, 4a, 4b, 5a, 5b, 6a, 6b, 7a, 7b, 8a, 8b",FALSE,TRUE,,,4,-5,"mauve, pink, purple","Mid Summer, Late Summer, Early Fall",,,"Fall, Winter","pollinator friendly, vertical accent, rain garden","rain garden, prairie, border",Long-lived; large clump,Towering mauve domes; a late-summer butterfly magnet for moist sites.,,,,,,,,,,,,,,"Swallowtail, monarch & fritillary butterflies; bumblebees & many bees; skippers; flies",6,C / CS,"Tall, fast, fertile-moist-soil competitor (C) tolerant of wet feet (S); dominant in the herb layer.",Symphyotrichum novae-angliae; Veronicastrum virginicum; Panicum virgatum,Asclepias incarnata; Liatris spicata; Panicum virgatum,Anchors late summer; pair with early-summer forbs and fall grasses,,,,
Culver's Root,Veronicastrum virginicum,Veronicastrum,N,Existing (enriched),Native,Native mesic-prairie species of the Upper Midwest.,Temperate Prairies,veronicastrum_virginicum,,flower,vertical/architectural,,,3,6,2,4,"full sun, part sun","average, moist/well-drained","average, clay, loam","3a, 3b, 4a, 4b, 5a, 5b, 6a, 6b, 7a, 7b, 8a, 8b",FALSE,TRUE,,,7,0,white,"Mid Summer, Late Summer",,,"Fall, Winter","pollinator friendly, vertical accent, architectural","prairie, border",Long-lived; upright clump,Elegant white candelabra spires; strong vertical structure and bee plant.,,,,,,,,,,,,,,"Many bees (bumble, sweat, mining); wasps; flies; butterflies & skippers",6,C / CS,"Tall, upright mesic-prairie perennial that holds its own among robust neighbors (C) with broad tolerance.",Eutrochium maculatum; Symphyotrichum novae-angliae; Liatris spicata,Liatris spicata; Echinacea purpurea; Panicum virgatum,White spires mid-summer; pair with purple Liatris (summer) and fall asters,,,,
Foxglove Beardtongue,Penstemon digitalis,Penstemon,N,Existing (enriched),Native,Native to eastern/central N. America incl. the region.,Temperate Prairies,penstemon_digitalis,,flower,upright clump,,fine,2,4,1,2,"full sun, part sun","dry, average","average, clay, loam","3a, 3b, 4a, 4b, 5a, 5b, 6a, 6b, 7a, 7b, 8a, 8b",TRUE,TRUE,Tolerant,,4,1,white,"Late Spring, Early Summer",burgundy,Fall,Fall,"pollinator friendly, early season","prairie, border",Short- to medium-lived; reseeds,White tubular bells in early summer; bridges the spring-to-summer gap for bees.,,,,,,,,,,,,,,Bumblebees (primary); mason bees; other long-tongued bees; specialist bee (Osmia distincta),4,CSR / R,"Adaptable, free-reseeding early-summer perennial of open ground; recruits readily (R) with broad CSR tolerance.",Echinacea purpurea; Monarda fistulosa; Rudbeckia hirta,Echinacea purpurea; Asclepias tuberosa; Zizia aurea,Fills the late-spring/early-summer gap ahead of Echinacea and Monarda; burgundy fall foliage,,,,
Blue False Indigo,Baptisia australis,Baptisia,N,Existing (enriched),Native — near-region (not native to Chicago Region per FQA),"Native to central/SE US; adventive/introduced in the Chicago Region (Swink & Wilhelm treat as non-native, C=0). Reclassified from ""Native"" after FQA cross-check.",Temperate Prairies,baptisia_australis,,flower,shrub-like mound,,,3,4,3,4,"full sun, part sun","dry, average","average, rocky/poor, loam","3a, 3b, 4a, 4b, 5a, 5b, 6a, 6b, 7a, 7b, 8a, 8b",TRUE,TRUE,,,0,5,"blue, indigo","Late Spring, Early Summer",,,"Late Summer, Fall, Winter","pollinator friendly, attractive seedpods, deer resistant","prairie, border, specimen","Very long-lived; deep taproot, slow to establish",Indigo spires over blue-green foliage; long-lived with rattling black seedpods.,,,,,,,,,,,,,,Bumblebees & large queens (trip the flowers); host for wild indigo duskywing & frosted elfin,3,S / CS,"Deep-taprooted, slow-establishing but extremely long-lived legume (S) that becomes a shrub-sized competitor (C) at maturity.",Amsonia hubrichtii; Echinacea purpurea; Sporobolus heterolepis,Amsonia hubrichtii; Schizachyrium scoparium; Asclepias tuberosa,Late-spring bloom; charcoal seedpods give summer-winter interest; pair with summer forbs,,,,
Common Mountain Mint,Pycnanthemum virginianum,Pycnanthemum,N,Existing (enriched),Native,Native across the Upper Midwest.,Temperate Prairies,pycnanthemum_virginianum,,flower,spreading clump,,,2,3,1,3,"full sun, part sun","average, moist/well-drained","average, clay, loam","3a, 3b, 4a, 4b, 5a, 5b, 6a, 6b, 7a, 7b, 8a, 8b",TRUE,TRUE,,,5,-4,white,"Mid Summer, Late Summer",,,"Fall, Winter","pollinator friendly, fragrant, deer resistant","prairie, border",Long-lived; rhizomatous spread,Minty foliage and silvery bracts; consistently rated a top pollinator plant.,,,,,,,,,,,,,,"Exceptional generalist: many bees, wasps, flies, small butterflies, skippers & beetles",7,CSR,"Tough, adaptable rhizomatous perennial balancing moderate spread, stress tolerance and reseeding - central CSR.",Monarda fistulosa; Echinacea purpurea; Rudbeckia hirta,Echinacea purpurea; Liatris spicata; Zizia aurea,Mid-summer; pair with spring Zizia and fall asters/grasses,,,,
Golden Alexanders,Zizia aurea,Zizia,N,Existing (enriched),Native,Native prairie/woodland-edge species of the region.,Eastern Mixed Wood Plains,zizia_aurea,,flower,upright clump,,,1,3,1,2,"full sun, part sun, part shade","average, moist/well-drained","average, clay, loam","3a, 3b, 4a, 4b, 5a, 5b, 6a, 6b, 7a, 7b, 8a, 8b",FALSE,TRUE,,,7,-1,yellow,"Mid Spring, Late Spring, Early Summer",,,Summer,"pollinator friendly, early season, swallowtail host","prairie, woodland edge, border","Long-lived; clump-forming, reseeds",Flat gold flower heads in late spring; key early-season nectar and swallowtail host.,,,,,,,,,,,,,,Short-tongued bees; wasps; flies; beetles; host for black swallowtail; early nectar,5,CSR,"Adaptable spring perennial of prairie and woodland edge; moderate vigor, tolerance and reseeding.",Penstemon digitalis; Echinacea purpurea; Geranium maculatum,Phlox divaricata; Geranium maculatum; Mertensia virginica,Earliest of the prairie bloomers - precedes Echinacea/Monarda; pair with summer & fall forbs,,,,
Rattlesnake Master,Eryngium yuccifolium,Eryngium,N,Existing (enriched),Native,Native prairie species of the region.,Temperate Prairies,eryngium_yuccifolium,,flower,architectural rosette,,,3,5,1,2,full sun,"dry, average","rocky/poor, sand, average","3a, 3b, 4a, 4b, 5a, 5b, 6a, 6b, 7a, 7b, 8a, 8b",TRUE,TRUE,,,9,-1,"white, silver-green","Mid Summer, Late Summer",,,"Fall, Winter","pollinator friendly, architectural, distinctive","prairie, border, specimen",Long-lived; deep taproot,Yucca-like blades and spherical greenish-white flower globes; striking structure.,,,,,,,,,,,,,,"Wide-open flowers feed many wasps, bees, flies, beetles & butterflies",6,S / CS,Deep-rooted dry-prairie perennial; drought-proof stress-tolerator (S) with distinctive architectural presence.,Liatris spicata; Schizachyrium scoparium; Echinacea purpurea,Schizachyrium scoparium; Asclepias tuberosa; Sporobolus heterolepis,Mid-summer; architectural seedheads carry fall/winter; pair with grasses and asters,,,,
Wild Geranium,Geranium maculatum,Geranium,N,Existing (enriched),Native,Native woodland species of the Upper Midwest.,Eastern Mixed Wood Plains,geranium_maculatum,,flower,mound,,,1,2,1,2,"part shade, part sun, full shade","average, moist/well-drained","high organic, loam","3a, 3b, 4a, 4b, 5a, 5b, 6a, 6b, 7a, 7b, 8a, 8b",FALSE,TRUE,,,4,5,"pink, lavender","Mid Spring, Late Spring","red, orange",Fall,Summer,"pollinator friendly, woodland, fall color","woodland, border",Long-lived; slowly spreading rhizome,Soft pink woodland flowers in spring; tidy mounds with red fall foliage.,,,,,,,,,,,,,,"Mason, mining (Andrena distans specialist), bumble & sweat bees; hoverflies; small butterflies",5,CSR,Adaptable woodland-edge perennial of moderate vigor; tolerant of shade and seasonal dryness with light reseeding.,Phlox divaricata; Tiarella cordifolia; Heuchera villosa 'Autumn Bride',Phlox divaricata; Mertensia virginica; Tiarella cordifolia,Spring bloom; red fall foliage; pair with summer Actaea and evergreen Christmas fern,,,,
Foamflower,Tiarella cordifolia,Tiarella,N,Existing (enriched),Native,Native to eastern US (near-region); widely used regionally.,Eastern Mixed Wood Plains,tiarella_cordifolia,,flower,spreading mat,,semi-evergreen,0.5,1,1,2,"part shade, full shade",moist/well-drained,"high organic, loam","3a, 3b, 4a, 4b, 5a, 5b, 6a, 6b, 7a, 7b, 8a, 8b",FALSE,TRUE,,,10,1,"white, pink","Mid Spring, Late Spring",,,,"groundcover, woodland, pollinator friendly","woodland, groundcover, container",Long-lived; stoloniferous spread,Frothy white spring spikes over a mat of maple-like leaves; shade groundcover.,,,,,,,,,,,,,,Small bees; hoverflies & other flies (early spring),2,CSR / S,"Stoloniferous shade groundcover that knits a modest cover (mild C) while persisting in rich, stable shade (S).",Phlox divaricata; Heuchera villosa 'Autumn Bride'; Carex pensylvanica,Asarum canadense; Phlox divaricata; Polystichum acrostichoides,Spring foam; semi-evergreen mat; pair with summer Actaea and evergreen fern,,,,
Wild Ginger,Asarum canadense,Asarum,N,Existing (enriched),Native,Native woodland groundcover of the Upper Midwest.,Eastern Mixed Wood Plains,asarum_canadense,,flower,spreading mat,,"bold, deciduous",0.5,0.5,1,2,"part shade, full shade",moist/well-drained,"high organic, loam","3a, 3b, 4a, 4b, 5a, 5b, 6a, 6b, 7a, 7b, 8a, 8b",FALSE,TRUE,,,7,5,maroon (hidden),Mid Spring,,,,"groundcover, woodland, deer resistant","woodland, groundcover",Long-lived; slow rhizomatous mat,Heart-shaped leaves forming a dense shade carpet; ground-level maroon flowers.,,,,,,,,,,,,,,"Ground-level flowers visited by flies, fungus gnats, beetles & ants (often self-pollinating); minimal pollinator value",2,S / CS,Slow rhizomatous deep-shade groundcover of rich woods; stress-tolerant specialist with high habitat fidelity.,Tiarella cordifolia; Polystichum acrostichoides; Carex pensylvanica,Polystichum acrostichoides; Tiarella cordifolia; Phlox divaricata,Foliage carpet all season; pair with spring ephemerals and summer Actaea,,,,
Virginia Bluebells,Mertensia virginica,Mertensia,N,Existing (enriched),Native,Native to eastern N. America; range reaches the region.,Eastern Mixed Wood Plains,mertensia_virginica,,flower,mound (ephemeral),,,1,2,1,1,"part shade, full shade",moist/well-drained,"high organic, loam","3a, 3b, 4a, 4b, 5a, 5b, 6a, 6b, 7a, 7b, 8a, 8b",FALSE,TRUE,,,5,-3,"blue, pink (buds)","Mid Spring, Late Spring",,,,"pollinator friendly, woodland, spring ephemeral","woodland, border",Long-lived; spring ephemeral (summer dormant),Sky-blue spring bells that go dormant by summer; classic ephemeral.,,,,,,,,,,,,,,"Queen bumblebees; bee flies; butterflies; hummingbirds; mason bees (long-tongued, tubular flowers)",5,R / CR  (spring ephemeral),"Spring geophyte that captures resources during the bright pre-canopy window then goes dormant - a stress-avoiding, ruderal-leaning strategy.",Dicentra cucullaria; Thalictrum dioicum; Phlox divaricata,Phlox divaricata; Tiarella cordifolia; Geranium maculatum,"Earliest woodland color; interplant with later fillers (Carex, ferns) to cover its summer gap",,,,
Dutchman's Breeches,Dicentra cucullaria,Dicentra,N,Existing (enriched),Native,Native woodland ephemeral of the Upper Midwest.,Eastern Mixed Wood Plains,dicentra_cucullaria,,flower,mound (ephemeral),,,0.5,1,0.5,1,"part shade, full shade",moist/well-drained,"high organic, loam","3a, 3b, 4a, 4b, 5a, 5b, 6a, 6b, 7a, 7b, 8a",FALSE,TRUE,,,6,5,white,"Early Spring, Mid Spring",,,,"woodland, spring ephemeral, deer resistant",woodland,Long-lived; spring ephemeral (summer dormant),Pantaloon-shaped white flowers over ferny foliage; fleeting spring ephemeral.,,,,,,,,,,,,,,Queen bumblebees (strong enough to open the spurred flowers) - specialized early forager,2,R / SR  (spring ephemeral),Early ephemeral exploiting the brief pre-leaf-out window on rich slopes; stress-avoiding ruderal that vanishes by summer.,Mertensia virginica; Thalictrum dioicum; Aquilegia canadensis,Mertensia virginica; Tiarella cordifolia; Polystichum acrostichoides,Among the very earliest; pair with evergreen fern and Carex to fill the summer void,,,,
Pennsylvania Sedge,Carex pensylvanica,Carex,N,Existing (enriched),Native,Native dry-shade sedge of the Upper Midwest.,Eastern Mixed Wood Plains,carex_pensylvanica,,sedge,spreading mat,,"fine, semi-evergreen",0.5,1,1,2,"part shade, full shade, part sun","dry, average","average, rocky/poor, loam","3a, 3b, 4a, 4b, 5a, 5b, 6a, 6b, 7a, 7b, 8a, 8b",TRUE,TRUE,,,5,5,,"Mid Spring, Late Spring",,,,"groundcover, lawn alternative, textural, deer resistant","woodland, groundcover",Long-lived; rhizomatous spread,"Fine, soft-textured sedge for dry shade; a popular no-mow lawn alternative.",,,,,,,,,,,,,,WIND-POLLINATED - no nectar value. Larval host for sedge skippers & satyrs; groundcover/structure.,0,CS / CSR,Rhizomatous dry-shade sedge that forms persistent low cover (mild C) while tolerating drought and low light (S).,Heuchera villosa 'Autumn Bride'; Tiarella cordifolia; Geranium maculatum,Polystichum acrostichoides; Asarum canadense; Aquilegia canadensis,Fine texture all season under spring ephemerals and woodland forbs,,,,
Golden Groundsel,Packera aurea,Packera,N,Existing (enriched),Native,Native to eastern N. America incl. the region.,Eastern Mixed Wood Plains,packera_aurea,,flower,spreading mat,,semi-evergreen,0.5,2,1,2,"part shade, full shade, part sun","moist/well-drained, average","average, high organic, loam","3a, 3b, 4a, 4b, 5a, 5b, 6a, 6b, 7a, 7b, 8a, 8b",FALSE,TRUE,,,,,yellow,"Mid Spring, Late Spring",,,,"groundcover, pollinator friendly, early season","woodland, rain garden, groundcover",Long-lived; stoloniferous spreader,Yellow daisy clusters over an evergreen rosette mat; vigorous shade groundcover.,,,,,,,,,,,,,,Early-spring nectar: small bees (Andrena); flies; small butterflies,4,CR,Vigorous stoloniferous spreader of moist shade-to-sun; fast lateral cover (C) plus ready colonization (R).,Tiarella cordifolia; Phlox divaricata; Geranium maculatum,Tiarella cordifolia; Mertensia virginica; Zizia aurea,Early-spring yellow; evergreen rosettes give winter cover; pair with summer woodlanders,,,,
Canada Anemone,Anemone canadensis,Anemone,N,Existing (enriched),Native,Native to the Upper Midwest (note: aggressive native - sited intentionally).,Eastern Mixed Wood Plains,anemone_canadensis,,flower,spreading mat,,,1,2,2,4,"full sun, part sun, part shade","moist/well-drained, average","average, clay, loam","3a, 3b, 4a, 4b, 5a, 5b, 6a, 6b, 7a, 7b, 8a, 8b",FALSE,TRUE,,,4,-3,white,"Late Spring, Early Summer",,,,"groundcover, pollinator friendly (aggressive spreader)","rain garden, naturalizing",Long-lived; aggressively rhizomatous,Crisp white cups over maple-like leaves; vigorous - best where it can run.,,,,,,,,,,,,,,"Pollen-foraging bees (mining, sweat); flies; beetles",3,CR  (aggressive),Strongly rhizomatous colonizer of moist ground; high lateral competitive spread (C) with disturbance tolerance (R). Site with care - can overrun neighbors.,Packera aurea; Solidago rugosa 'Fireworks'; Panicum virgatum (vigorous partners only),Asclepias incarnata; Eutrochium maculatum; Zizia aurea,Late-spring/early-summer white; best massed alone or with equally robust plants,,,,
Solomon's Seal,Polygonatum commutatum,Polygonatum,N,Existing (enriched),Native,Native woodland species (P. biflorum var. commutatum) of the region.,Eastern Mixed Wood Plains,polygonatum_commutatum,,flower,arching,,,3,6,1,3,"part shade, full shade","moist/well-drained, average","high organic, loam","3a, 3b, 4a, 4b, 5a, 5b, 6a, 6b, 7a, 7b, 8a, 8b",FALSE,TRUE,,,,,"white, green","Late Spring, Early Summer","gold, yellow",Fall,Fall (blue-black berries),"woodland, architectural, deer resistant","woodland, border",Long-lived; rhizomatous,Tall arching stems hung with white bells; gold fall foliage and blue berries.,,,,,,,,,,,,,,"Bumblebees (primary, tubular bells); hummingbirds; (berries for birds)",2,CS / S,Long-lived rhizomatous woodlander that builds substantial arching mass in rich shade (C) while persisting in stable understory (S).,Actaea racemosa; Hydrangea arborescens; Tiarella cordifolia,Asarum canadense; Polystichum acrostichoides; Phlox divaricata,Late-spring bells; gold fall color and berries; structural foil for spring ephemerals,,,,
Smooth Hydrangea,Hydrangea arborescens,Hydrangea,N,Existing (enriched),Native,Native to eastern US (near-region); ranges into the southern Midwest.,Eastern Mixed Wood Plains,hydrangea_arborescens,,shrub,rounded shrub,,,3,5,3,5,"part shade, part sun, full shade","moist/well-drained, average","high organic, loam, clay","3a, 3b, 4a, 4b, 5a, 5b, 6a, 6b, 7a, 7b, 8a, 8b",FALSE,TRUE,,,10,4,"white, green","Early Summer, Mid Summer, Late Summer",,,"Fall, Winter (dried heads)","woodland, four-season interest","woodland, border, foundation",Long-lived shrub; suckering,Native shrub with big white summer domes; dried heads persist for winter.,,,,,,,,,,,,,,"Lacecap fertile florets visited by small bees, flies & beetles (mophead types offer little)",3,C / CS,"Suckering native shrub of rich, moist woods edges; builds woody competitive mass (C) with shade/moisture tolerance.",Actaea racemosa; Polygonatum commutatum; Eutrochium maculatum,Tiarella cordifolia; Phlox divaricata; Polystichum acrostichoides,Long summer bloom; dried heads carry winter; underplant with spring ephemerals,,,,
Black Chokeberry,Aronia melanocarpa,Aronia,N,Existing (enriched),Native,Native shrub of the eastern US incl. the region.,Eastern Mixed Wood Plains,aronia_melanocarpa,,shrub,rounded shrub,,,3,6,3,6,"full sun, part sun, part shade","dry, average, moist/well-drained","average, clay, sand, loam","3a, 3b, 4a, 4b, 5a, 5b, 6a, 6b, 7a, 7b, 8a, 8b",TRUE,TRUE,,,,,white,"Mid Spring, Late Spring","red, purple","Mid Fall, Late Fall",Fall (black fruit),"four-season interest, fall color, wildlife, adaptable","border, rain garden, hedge, naturalizing",Long-lived shrub; suckering colonies,"White spring flowers, glossy black fruit, brilliant red fall color; tough and adaptable.",,,,,,,,,,,,,,"Spring nectar/pollen for mason, mining & bumble bees and flies; fruit for birds",4,CS,Adaptable native shrub tolerant of wet-to-dry and sun-to-part-shade; moderate woody competitor with broad stress tolerance.,Cornus sericea; Hydrangea arborescens; Diervilla (where used),Asclepias incarnata; Panicum virgatum; Symphyotrichum novae-angliae,"Spring flowers, fall color & black fruit; structural backdrop to prairie forbs",,,,
Red Twig Dogwood,Cornus sericea,Cornus,N,Existing (enriched),Native,Native shrub of the Upper Midwest.,Eastern Mixed Wood Plains,cornus_sericea,,shrub,thicket-forming shrub,,coarse,5,9,5,10,"full sun, part sun, part shade","moist/well-drained, wet, average","average, clay, loam","3a, 3b, 4a, 4b, 5a, 5b, 6a, 6b, 7a, 7b, 8a",FALSE,TRUE,Intolerant,,,,white,"Late Spring, Early Summer","red, purple",Fall,Late Summer (white fruit); red stems in winter,"four-season interest, winter stem color, wildlife","rain garden, hedge, naturalizing, mass",Long-lived; vigorous suckering thicket,"Vivid red winter stems, white spring flowers and berries; vigorous for wet sites.",,,,,,,,,,,,,,"Spring flowers feed bees, flies, beetles & butterflies; fruit for birds",4,C  (Competitor),Vigorous suckering shrub of moist ground that forms dense thickets and outcompetes neighbors - a strong competitor; site where it can spread.,Aronia melanocarpa; Hydrangea arborescens; Panicum virgatum,Asclepias incarnata; Eutrochium maculatum; Cornus (mass with other shrubs),Red winter stems are the headline; white spring flowers and berries; pair with grasses for winter,,,,
Goldenrod 'Fireworks',Solidago rugosa 'Fireworks',Solidago,Y,Existing (enriched),Native cultivar,"Selection of S. rugosa, native to eastern N. America.",Eastern Mixed Wood Plains,solidago_rugosa_fireworks,,flower,arching clump,,coarse,3,4,2,3,"full sun, part sun","average, moist/well-drained","average, clay, loam","4a, 4b, 5a, 5b, 6a, 6b, 7a, 7b, 8a, 8b",FALSE,TRUE,Intermediate,,6,-1,"yellow, gold","Early Fall, Mid Fall",,,"Fall, Winter","pollinator friendly, fall interest, keystone genus","prairie, border",Long-lived; clump-forming (better-behaved than wild goldenrods),Arching sprays of gold like a firework burst; a keystone fall pollinator plant.,,,,,,,,,,,,,,"Keystone fall forage: many bees, wasps, flies, beetles, butterflies; numerous Solidago-specialist bees (Andrena, Colletes, Melissodes)",7,C / CR,Vigorous clump-forming cultivar of a competitive genus; strong late-season growth (C) with the genus's colonizing tendency tempered in this selection.,Symphyotrichum novae-angliae; Eutrochium maculatum; Panicum virgatum,Symphyotrichum novae-angliae; Liatris spicata; Echinacea purpurea,Peak fall gold alongside purple asters; pair with summer forbs and grasses,,,,
Spiderwort,Tradescantia ohiensis,Tradescantia,N,Existing (enriched),Native,Native prairie species of the Upper Midwest.,Temperate Prairies,tradescantia_ohiensis,,flower,upright clump,,,1,3,1,2,"full sun, part sun, part shade","dry, average, moist/well-drained","average, clay, sand, loam","3a, 3b, 4a, 4b, 5a, 5b, 6a, 6b, 7a, 7b, 8a, 8b",TRUE,TRUE,,,2,2,"blue, purple","Late Spring, Early Summer, Mid Summer",,,,"pollinator friendly, adaptable","prairie, border, naturalizing","Long-lived; reseeds, can naturalize","Morning-opening blue triangular flowers; tough and adaptable, reseeds.",,,,,,,,,,,,,,"Pollen-foraging bees (bumble, sweat, mining) - morning flowers, no nectar",3,CR,"Adaptable, free-reseeding perennial of open ground tolerant of dry-to-moist soils; competitive with strong ruderal recruitment.",Penstemon digitalis; Rudbeckia hirta; Zizia aurea,Echinacea purpurea; Asclepias tuberosa; Schizachyrium scoparium,Late-spring/early-summer bridge; pair with later summer and fall forbs,,,,
Catmint,Nepeta x faassenii,Nepeta,N,Existing (enriched),Non-native - documented faunal value,Eurasian hybrid; no native Nepeta in N. America; documented high bee-nectar value (also confamilial Lamiaceae with regional natives).,(non-native hybrid),nepeta_faassenii,,flower,mounding sprawl,,,1,2,1,3,"full sun, part sun","dry, average","average, rocky/poor, well-drained","3a, 3b, 4a, 4b, 5a, 5b, 6a, 6b, 7a, 7b, 8a, 8b",TRUE,TRUE,,,,,"blue, lavender","Late Spring, Early Summer, Mid Summer",,,,"pollinator friendly, drought tolerant, deer resistant (non-native cultivar)","border, edging, container",Long-lived; sterile clump (little reseeding),"Long-blooming lavender-blue haze; tough, drought-proof, rebloom with shearing. Non-native cultivar.",,,,,,,,,,,,,,"Bumblebees; honey bees; other bees; occasional butterflies (good nectar, non-native)",3,CR,"Tough, drought-adapted cultivar with vigorous regrowth after shearing (C) and pioneer-like toughness (R); sterile, so minimal reseeding.",Hylotelephium 'Autumn Joy'; Allium; Echinacea purpurea,Allium; Hylotelephium 'Autumn Joy'; Schizachyrium scoparium,"Very long bloom; pair with spring bulbs and fall Sedum/asters. Note: introduced, not native.",,,,
Autumn Joy Stonecrop,Hylotelephium 'Autumn Joy',Hylotelephium,Y,Existing (enriched),Non-native - documented faunal value,Eurasian hybrid; documented late-season nectar for bees/butterflies (confamilial Crassulaceae with native Sedum).,(non-native hybrid),hylotelephium_autumn_joy,,flower,upright clump,,,1,2,1,2,"full sun, part sun","dry, average","average, rocky/poor, sand, well-drained","3a, 3b, 4a, 4b, 5a, 5b, 6a, 6b, 7a, 7b, 8a, 8b",TRUE,TRUE,,,,,"pink, rust, copper","Late Summer, Early Fall, Mid Fall",,,"Fall, Winter","pollinator friendly, fall interest, drought tolerant (non-native cultivar)","border, container, edging",Long-lived succulent clump,Broccoli-like buds opening to pink then rust; late nectar and winter structure. Non-native cultivar.,,,,,,,,,,,,,,"Late nectar for bees, butterflies, flies & wasps (non-native)",4,S / CSR,"Succulent stress-tolerator storing water in fleshy leaves for drought (S); slow, tidy, non-aggressive.",Nepeta x faassenii; Allium; Schizachyrium scoparium,Allium; Nepeta x faassenii; Sporobolus heterolepis,Late-summer/fall nectar and winter seedheads; pair with spring/summer for continuity. Note: introduced.,,,,
Marmalade Yarrow,Achillea Marmalade,Achillea,Y,Fiore,Native cultivar / congener (PROVISIONAL - genus-native tie; verify),Cultivar/selection within a regional-native genus (verify: native cultivar vs exotic congener),,,,,,,,1.5,3,,,Full sun,Dry to medium,,3 to 8,TRUE,TRUE,,,,,,June to September,,,,"yarrow, flat-topped flowers, drought-tolerant, attracts butterflies",,,,,,,,,,,,,,,,,,,,,,,,,,,
Moonshine Yarrow,Achillea Moonshine,Achillea,Y,Fiore,Native cultivar / congener (PROVISIONAL - genus-native tie; verify),Cultivar/selection within a regional-native genus (verify: native cultivar vs exotic congener),,,,,,,,1.5,3,,,Full sun,Dry to medium,,3 to 8,TRUE,TRUE,,,,,,June to September,,,,"yarrow, flat-topped flowers, drought-tolerant, attracts butterflies",,,,,,,,,,,,,,,,,,,,,,,,,,,
New Vintage Rose Yarrow,Achillea New Vintage Rose,Achillea,Y,Fiore,Native cultivar / congener (PROVISIONAL - genus-native tie; verify),Cultivar/selection within a regional-native genus (verify: native cultivar vs exotic congener),,,,,,,,1.5,3,,,Full sun,Dry to medium,,3 to 8,TRUE,TRUE,,,,,,June to September,,,,"yarrow, flat-topped flowers, drought-tolerant, attracts butterflies",,,,,,,,,,,,,,,,,,,,,,,,,,,
New Vintage Violet Yarrow,Achillea New Vintage Violet,Achillea,Y,Fiore,Native cultivar / congener (PROVISIONAL - genus-native tie; verify),Cultivar/selection within a regional-native genus (verify: native cultivar vs exotic congener),,,,,,,,1.5,3,,,Full sun,Dry to medium,,3 to 8,TRUE,TRUE,,,,,,June to September,,,,"yarrow, flat-topped flowers, drought-tolerant, attracts butterflies",,,,,,,,,,,,,,,,,,,,,,,,,,,
New Vintage White Yarrow,Achillea New Vintage White,Achillea,Y,Fiore,Native cultivar / congener (PROVISIONAL - genus-native tie; verify),Cultivar/selection within a regional-native genus (verify: native cultivar vs exotic congener),,,,,,,,1.5,3,,,Full sun,Dry to medium,,3 to 8,TRUE,TRUE,,,,,,June to September,,,,"yarrow, flat-topped flowers, drought-tolerant, attracts butterflies",,,,,,,,,,,,,,,,,,,,,,,,,,,
Terra Cotta Yarrow,Achillea Terra Cotta,Achillea,Y,Fiore,Native cultivar / congener (PROVISIONAL - genus-native tie; verify),Cultivar/selection within a regional-native genus (verify: native cultivar vs exotic congener),,,,,,,,1.5,3,,,Full sun,Dry to medium,,3 to 8,TRUE,TRUE,,,,,,June to September,,,,"yarrow, flat-topped flowers, drought-tolerant, attracts butterflies",,,,,,,,,,,,,,,,,,,,,,,,,,,
Walther Funcke Yarrow,Achillea Walther Funcke,Achillea,Y,Fiore,Native cultivar / congener (PROVISIONAL - genus-native tie; verify),Cultivar/selection within a regional-native genus (verify: native cultivar vs exotic congener),,,,,,,,1.5,3,,,Full sun,Dry to medium,,3 to 8,TRUE,TRUE,,,,,,June to September,,,,"yarrow, flat-topped flowers, drought-tolerant, attracts butterflies",,,,,,,,,,,,,,,,,,,,,,,,,,,
Oertels Rose Yarrow,Achillea millefolium Oertels Rose,Achillea,Y,Fiore,Native cultivar / congener (PROVISIONAL - genus-native tie; verify),Cultivar/selection within a regional-native genus (verify: native cultivar vs exotic congener),,,,flower,,,fine,1.5,3,,,Full sun,average,"sand, loam",3 to 8,TRUE,TRUE,Intermediate,,0,3,,Late Spring,,,,showy flowers,,moderate growth; moderate-lived; perennial,,,,,,,,,,,,,,,,,,,,,,,,,
Paprika Yarrow,Achillea millefolium Paprika,Achillea,Y,Fiore,Native cultivar / congener (PROVISIONAL - genus-native tie; verify),Cultivar/selection within a regional-native genus (verify: native cultivar vs exotic congener),,,,flower,,,fine,1.5,3,,,Full sun,average,"sand, loam",3 to 8,TRUE,TRUE,Intermediate,,0,3,,Late Spring,,,,showy flowers,,moderate growth; moderate-lived; perennial,,,,,,,,,,,,,,,,,,,,,,,,,
Strawberry Seduction Yarrow,Achillea millefolium Strawberry Seduction,Achillea,Y,Fiore,Native cultivar / congener (PROVISIONAL - genus-native tie; verify),Cultivar/selection within a regional-native genus (verify: native cultivar vs exotic congener),,,,flower,,,fine,1.5,3,,,Full sun,average,"sand, loam",3 to 8,TRUE,TRUE,Intermediate,,0,3,,Late Spring,,,,showy flowers,,moderate growth; moderate-lived; perennial,,,,,,,,,,,,,,,,,,,,,,,,,
Golden Dwarf Sweet Flag,Acorus gramineus Minimus Aureus,Acorus,Y,Fiore,Native cultivar / congener (PROVISIONAL - genus-native tie; verify),Cultivar/selection within a regional-native genus (verify: native cultivar vs exotic congener),,,,,,,,,,,,Full sun to part shade,Medium to wet,,,,,,,,,,,,,,"Japanese sweet flag, semi-evergreen grass-like, fragrant foliage",,,,,,,,,,,,,,,,,,,,,,,,,,,
White Baneberry,Actaea pachypoda,Actaea,N,Fiore,Native / near-region (PROVISIONAL - genus-native tie; verify),Native or near-region species of a regional-native genus (verify species-level status),,,,flower,,,,1.5,2.5,2,2,Part shade to full shade,Medium,,3 to 8,,TRUE,,,7,5,white,May to June,,,,"showy flowers, fragrant, showy fruit",,perennial,,,,,,,,,,,,,,,,,,,,,,,,,
Brunnette Black Snakeroot (Cimicifuga),Actaea racemosa Brunnette (Cimicifuga),Actaea,Y,Fiore,Native cultivar / congener (PROVISIONAL - genus-native tie; verify),Cultivar/selection within a regional-native genus (verify: native cultivar vs exotic congener),,,,flower,,,,3,6,,,Part shade to full shade,Medium,,,,,,,,,,June to August,,,,"black cohosh, tall white spires, medicinal, woodland native",,perennial,,,,,,,,,,,,,,,,,,,,,,,,,
Hillside Black Beauty Bugbane (Cimicifuga),Actaea simplex Hillside Black Beauty,Actaea,Y,Fiore,Native cultivar / congener (PROVISIONAL - genus-native tie; verify),Cultivar/selection within a regional-native genus (verify: native cultivar vs exotic congener),,,,,,,,3,5,,,Part shade to full shade,Medium,,,,,,,,,,September to October,,,,"Kamchatka bugbane, late-season white spires, purple-leaved cultivars",,,,,,,,,,,,,,,,,,,,,,,,,,,
Maidenhair Fern,Adiantum pedatum,Adiantum,N,Fiore,Native / near-region (PROVISIONAL - genus-native tie; verify),Native or near-region species of a regional-native genus (verify species-level status),,,,fern,,,fine,1,2.5,1,1.5,Part shade to full shade,Medium,,3 to 8,,TRUE,,,10,1,,,,,,,,,,,,,,,,,,,,,,,,,,,,,,,,,
Bottlebrush Buckeye,Aesculus parviflora,Aesculus,N,Fiore,Native / near-region (PROVISIONAL - genus-native tie; verify),Native or near-region species of a regional-native genus (verify species-level status),,,,shrub,,,,8,12,8,15,"part shade, full shade",Medium,loam,"4a, 4b, 5a, 5b, 6a, 6b, 7a, 7b, 8a, 8b",,,,,,,white,"Early Summer, Mid Summer",,,,,,perennial,,,,,,,,,,,,,,,,,,,,,,,,,
Blue Fortune Hyssop,Agastache Blue Fortune,Agastache,Y,Fiore,Native cultivar / congener (PROVISIONAL - genus-native tie; verify),Cultivar/selection within a regional-native genus (verify: native cultivar vs exotic congener),,,,,,,,2,4,,,Full sun,Dry to medium,,5 to 10,TRUE,,,,,,,June to October,,,,"hyssop, long-blooming, attracts bees and butterflies",,,,,,,,,,,,,,,,,,,,,,,,,,,
Queen Nectarine Hyssop,Agastache Queen Nectarine,Agastache,Y,Fiore,Native cultivar / congener (PROVISIONAL - genus-native tie; verify),Cultivar/selection within a regional-native genus (verify: native cultivar vs exotic congener),,,,,,,,2,4,,,Full sun,Dry to medium,,5 to 10,TRUE,,,,,,,June to October,,,,"hyssop, long-blooming, attracts bees and butterflies",,,,,,,,,,,,,,,,,,,,,,,,,,,
Purple Giant Hyssop,Agastache scrophulariifolia,Agastache,N,Fiore,Native / near-region (PROVISIONAL - genus-native tie; verify),Native or near-region species of a regional-native genus (verify species-level status),,,,shrub,,,,3,6,1.5,2,"full sun, part shade",Medium,,"4a, 4b, 5a, 5b, 6a, 6b, 7a, 7b, 8a, 8b",TRUE,,,,,,purple,"Mid Summer, Late Summer, Early Fall",,,,"hyssop, long-blooming, attracts bees and butterflies",,perennial,,,,,,,,,,,,,,,,,,,,,,,,,
Big Beauty Ornamental Onion,Allium Big Beauty,Allium,Y,Fiore,Native cultivar / congener (PROVISIONAL - genus-native tie; verify),Cultivar/selection within a regional-native genus (verify: native cultivar vs exotic congener),,,,,,,,1.5,3,,,Full sun,Dry to medium,,3 to 9,TRUE,,,,,,,May to June,,,,"ornamental onion, spherical blooms, attracts pollinators",,,,,,,,,,,,,,,,,,,,,,,,,,,
Blue Eddy Allium,Allium Blue Eddy,Allium,Y,Fiore,Native cultivar / congener (PROVISIONAL - genus-native tie; verify),Cultivar/selection within a regional-native genus (verify: native cultivar vs exotic congener),,,,,,,,1.5,3,,,Full sun,Dry to medium,,3 to 9,TRUE,,,,,,,May to June,,,,"ornamental onion, spherical blooms, attracts pollinators",,,,,,,,,,,,,,,,,,,,,,,,,,,
Chivette Ornamental Onion,Allium Chivette,Allium,Y,Fiore,Native cultivar / congener (PROVISIONAL - genus-native tie; verify),Cultivar/selection within a regional-native genus (verify: native cultivar vs exotic congener),,,,,,,,1.5,3,,,Full sun,Dry to medium,,3 to 9,TRUE,,,,,,,May to June,,,,"ornamental onion, spherical blooms, attracts pollinators",,,,,,,,,,,,,,,,,,,,,,,,,,,
Globemaster Ornamental Onion,Allium Globemaster,Allium,Y,Fiore,Native cultivar / congener (PROVISIONAL - genus-native tie; verify),Cultivar/selection within a regional-native genus (verify: native cultivar vs exotic congener),,,,,,,,2,3,,,Full sun,Dry to medium,,3 to 9,TRUE,,,,,,,May to June,,,,"ornamental onion, spherical blooms, attracts pollinators",,,,,,,,,,,,,,,,,,,,,,,,,,,
Lavander Bubbles Ornamental Onion,Allium Lavander Bubbles,Allium,Y,Fiore,Native cultivar / congener (PROVISIONAL - genus-native tie; verify),Cultivar/selection within a regional-native genus (verify: native cultivar vs exotic congener),,,,,,,,1.5,3,,,Full sun,Dry to medium,,3 to 9,TRUE,,,,,,,May to June,,,,"ornamental onion, spherical blooms, attracts pollinators",,,,,,,,,,,,,,,,,,,,,,,,,,,
Millennium Ornamental Onion,Allium Millennium,Allium,Y,Fiore,Native cultivar / congener (PROVISIONAL - genus-native tie; verify),Cultivar/selection within a regional-native genus (verify: native cultivar vs exotic congener),,,,,,,,1.5,2,,,Full sun,Dry to medium,,,TRUE,,,,,,,July to August,,,,"ornamental onion, spherical blooms, attracts pollinators",,,,,,,,,,,,,,,,,,,,,,,,,,,
Summer Beauty Ornamental Onion,Allium Summer Beauty,Allium,Y,Fiore,Native cultivar / congener (PROVISIONAL - genus-native tie; verify),Cultivar/selection within a regional-native genus (verify: native cultivar vs exotic congener),,,,,,,,1.5,3,,,Full sun,Dry to medium,,3 to 9,TRUE,,,,,,,July to August,,,,"ornamental onion, spherical blooms, attracts pollinators",,,,,,,,,,,,,,,,,,,,,,,,,,,
Summer Peek-a-Boo Ornamental Onion,Allium Summer Peek-a-Boo (MGsmmpkb13),Allium,Y,Fiore,Native cultivar / congener (PROVISIONAL - genus-native tie; verify),Cultivar/selection within a regional-native genus (verify: native cultivar vs exotic congener),,,,,,,,1.5,3,,,Full sun,Dry to medium,,3 to 9,TRUE,,,,,,,July to August,,,,"ornamental onion, spherical blooms, attracts pollinators",,,,,,,,,,,,,,,,,,,,,,,,,,,
Windy City Ornamental Onion,Allium Windy City,Allium,Y,Fiore,Native cultivar / congener (PROVISIONAL - genus-native tie; verify),Cultivar/selection within a regional-native genus (verify: native cultivar vs exotic congener),,,,,,,,1.5,3,,,Full sun,Dry to medium,,3 to 9,TRUE,,,,,,,May to June,,,,"ornamental onion, spherical blooms, attracts pollinators",,,,,,,,,,,,,,,,,,,,,,,,,,,
Nodding Wild Onion,Allium cernuum,Allium,N,Fiore,Native / near-region (PROVISIONAL - genus-native tie; verify),Native or near-region species of a regional-native genus (verify species-level status),,,,flower,,,,1,1.5,0.25,0.5,Full sun to part shade,Dry to medium,,4 to 8,TRUE,TRUE,,,7,1,pink,June to August,,,,"showy flowers, attracts butterflies",,perennial,,,,,,,,,,,,,,,,,,,,,,,,,
Forescate Chives,Allium schoenoprasum Forescate,Allium,Y,Fiore,Native cultivar / congener (PROVISIONAL - genus-native tie; verify),Cultivar/selection within a regional-native genus (verify: native cultivar vs exotic congener),,,,flower,,,,1.5,3,,,Full sun,Dry to medium,,3 to 9,TRUE,,,,0,2,,May to June,,,,"ornamental onion, spherical blooms, attracts pollinators",,perennial,,,,,,,,,,,,,,,,,,,,,,,,,
Cottonball Flowering Onion,Allium schoenoprasum var. album,Allium,Y,Fiore,Native cultivar / congener (PROVISIONAL - genus-native tie; verify),Cultivar/selection within a regional-native genus (verify: native cultivar vs exotic congener),,,,flower,,,,1.5,3,,,Full sun,Dry to medium,,3 to 9,TRUE,,,,0,2,,May to June,,,,"ornamental onion, spherical blooms, attracts pollinators",,perennial,,,,,,,,,,,,,,,,,,,,,,,,,
Standing Ovation Serviceberry,Amelanchier alnifolia Obelisk (Standing Ovation),Amelanchier,Y,Fiore,Native cultivar / congener (PROVISIONAL - genus-native tie; verify),Cultivar/selection within a regional-native genus (verify: native cultivar vs exotic congener),,,,shrub,,,,,,,,Full sun to part shade,Medium,,,,,,,,,,April to May,,,,"serviceberry, edible fruit, spring bloom, fall color",,,,,,,,,,,,,,,,,,,,,,,,,,,
Lead Plant,Amorpha canescens,Amorpha,N,Fiore,Native / near-region (PROVISIONAL - genus-native tie; verify),Native or near-region species of a regional-native genus (verify species-level status),,,,shrub,,,coarse,2,4.0,2,3,full sun,dry,"sand, loam","2a, 2b, 3a, 3b, 4a, 4b, 5a, 5b, 6a, 6b, 7a, 7b, 8a, 8b, 9a, 9b",TRUE,,Tolerant,,9,5,purple,Early Summer,,,,showy flowers,,moderate growth; long-lived; perennial,,,,,,,,,,,,,,,,,,,,,,,,,
Arkansas Blue Star,Amsonia hubrectii,Amsonia,N,Fiore,Native / near-region (PROVISIONAL - genus-native tie; verify),Native or near-region species of a regional-native genus (verify species-level status),,,,,,,,2,3,2,3,"full sun, part shade",Medium,,"5a, 5b, 6a, 6b, 7a, 7b, 8a, 8b",,TRUE,,,,,light blue,"Mid Spring, Late Spring",,,,attracts butterflies,,,,,,,,,,,,,,,,,,,,,,,,,,,
Half Way to Arkansas Blue Star,Amsonia hubrectii Half Way to Arkansas,Amsonia,Y,Fiore,Native cultivar / congener (PROVISIONAL - genus-native tie; verify),Cultivar/selection within a regional-native genus (verify: native cultivar vs exotic congener),,,,,,,,2,3,2,3,"full sun, part shade",Medium,,"5a, 5b, 6a, 6b, 7a, 7b, 8a, 8b",,TRUE,,,,,,"Mid Spring, Late Spring",,,,attracts butterflies,,,,,,,,,,,,,,,,,,,,,,,,,,,
Bases Loaded Bluestar,Amsonia hybrid Bases Loaded,Amsonia,Y,Fiore,Native cultivar / congener (PROVISIONAL - genus-native tie; verify),Cultivar/selection within a regional-native genus (verify: native cultivar vs exotic congener),,,,,,,,2,3,,,Full sun to part shade,Medium,,3 to 9,,TRUE,,,,,,April to May,,,,"bluestar, willow-like foliage, brilliant yellow fall color",,,,,,,,,,,,,,,,,,,,,,,,,,,
Blue Ice Blue Star,Amsonia tabernaemontana Blue Ice,Amsonia,Y,Fiore,Native cultivar / congener (PROVISIONAL - genus-native tie; verify),Cultivar/selection within a regional-native genus (verify: native cultivar vs exotic congener),,,,flower,,,,2,3,,,Full sun to part shade,Medium,,3 to 9,,TRUE,,,,,,April to May,,,,"bluestar, willow-like foliage, brilliant yellow fall color",,perennial,,,,,,,,,,,,,,,,,,,,,,,,,
Storm Cloud Blue Star,Amsonia tabernaemontana Storm Cloud,Amsonia,Y,Fiore,Native cultivar / congener (PROVISIONAL - genus-native tie; verify),Cultivar/selection within a regional-native genus (verify: native cultivar vs exotic congener),,,,flower,,,,2,3,,,Full sun to part shade,Medium,,3 to 9,,TRUE,,,,,,April to May,,,,"bluestar, willow-like foliage, brilliant yellow fall color",,perennial,,,,,,,,,,,,,,,,,,,,,,,,,
Willow Leaf Bluestar,Amsonia tabernaemontana var. salicifolia,Amsonia,Y,Fiore,Native cultivar / congener (PROVISIONAL - genus-native tie; verify),Cultivar/selection within a regional-native genus (verify: native cultivar vs exotic congener),,,,flower,,,,2,3,,,Full sun to part shade,Medium,,3 to 9,,TRUE,,,,,,April to May,,,,"bluestar, willow-like foliage, brilliant yellow fall color",,perennial,,,,,,,,,,,,,,,,,,,,,,,,,
Big Bluestem,Andropogon gerardi,Andropogon,N,Fiore,Native / near-region (PROVISIONAL - genus-native tie; verify),Native or near-region species of a regional-native genus (verify species-level status),,,,grass,,,medium,4,6.0,,,Full sun,dry,"sand, loam, clay",,TRUE,,,,,,yellow,Summer,,,,"birds eat seeds, fall color reddish bronze",,moderate growth; long-lived; perennial,,,,,,,,,,,,,,,,,,,,,,,,,
Blackhawks Big Bluestem,Andropogon gerardii Blackhawks,Andropogon,Y,Fiore,Native cultivar / congener (PROVISIONAL - genus-native tie; verify),Cultivar/selection within a regional-native genus (verify: native cultivar vs exotic congener),,,,grass,,,medium,4,6,,,Full sun,dry,"sand, loam, clay",,TRUE,,Intolerant,,5,1,,Summer,,,,"birds eat seeds, fall color reddish bronze",,moderate growth; long-lived; perennial,,,,,,,,,,,,,,,,,,,,,,,,,
Holy Smoke Big Bluestem,Andropogon gerardii Holy Smoke PP33929,Andropogon,Y,Fiore,Native cultivar / congener (PROVISIONAL - genus-native tie; verify),Cultivar/selection within a regional-native genus (verify: native cultivar vs exotic congener),,,,grass,,,medium,4,6,,,Full sun,dry,"sand, loam, clay",,TRUE,,Intolerant,,5,1,,Summer,,,,"birds eat seeds, fall color reddish bronze",,moderate growth; long-lived; perennial,,,,,,,,,,,,,,,,,,,,,,,,,
Red October Blue Stem,Andropogon gerardii Red October,Andropogon,Y,Fiore,Native cultivar / congener (PROVISIONAL - genus-native tie; verify),Cultivar/selection within a regional-native genus (verify: native cultivar vs exotic congener),,,,grass,,,medium,4,6,,,Full sun,dry,"sand, loam, clay",,TRUE,,Intolerant,,5,1,,Summer,,,,"birds eat seeds, fall color reddish bronze",,moderate growth; long-lived; perennial,,,,,,,,,,,,,,,,,,,,,,,,,
Elfin Swan Anemone,Anemone Elfin Swan,Anemone,Y,Fiore,Native cultivar / congener (PROVISIONAL - genus-native tie; verify),Cultivar/selection within a regional-native genus (verify: native cultivar vs exotic congener),,,,,,,,2,4,,,Part shade,Medium,,4 to 8,,,,,,,,August to October,,,,"fall anemone, late-season bloom, spreads by rhizomes",,,,,,,,,,,,,,,,,,,,,,,,,,,
Thimbleweed,Anemone cylindrica,Anemone,N,Fiore,Native / near-region (PROVISIONAL - genus-native tie; verify),Native or near-region species of a regional-native genus (verify species-level status),,,,flower,,,,1,3,,,Full sun to part shade,Dry,sand,4 to 8,TRUE,,,,6,5,white,June to August,,,,"fall anemone, late-season bloom, spreads by rhizomes",,perennial,,,,,,,,,,,,,,,,,,,,,,,,,
Honorine Jobert Hybrid Anemone,Anemone hybrida Honorine Jobert,Anemone,Y,Fiore,Native cultivar / congener (PROVISIONAL - genus-native tie; verify),Cultivar/selection within a regional-native genus (verify: native cultivar vs exotic congener),,,,,,,,2,4,,,Part shade,Medium,,4 to 8,,,,,,,,August to October,,,,"fall anemone, late-season bloom, spreads by rhizomes",,,,,,,,,,,,,,,,,,,,,,,,,,,
Pamina Hybrid Anemone,Anemone hybrida Pamina,Anemone,Y,Fiore,Native cultivar / congener (PROVISIONAL - genus-native tie; verify),Cultivar/selection within a regional-native genus (verify: native cultivar vs exotic congener),,,,,,,,2,4,,,Part shade,Medium,,4 to 8,,,,,,,,August to October,,,,"fall anemone, late-season bloom, spreads by rhizomes",,,,,,,,,,,,,,,,,,,,,,,,,,,
September Charm Hybrid Anemone,Anemone hybrida September Charm,Anemone,Y,Fiore,Native cultivar / congener (PROVISIONAL - genus-native tie; verify),Cultivar/selection within a regional-native genus (verify: native cultivar vs exotic congener),,,,,,,,2,4,,,Part shade,Medium,,4 to 8,,,,,,,,August to October,,,,"fall anemone, late-season bloom, spreads by rhizomes",,,,,,,,,,,,,,,,,,,,,,,,,,,
Fall In Love Sweetly Hybrid Anemone,Anemone hybrida Sweetly,Anemone,Y,Fiore,Native cultivar / congener (PROVISIONAL - genus-native tie; verify),Cultivar/selection within a regional-native genus (verify: native cultivar vs exotic congener),,,,,,,,2,4,,,Part shade,Medium,,4 to 8,,,,,,,,August to October,,,,"fall anemone, late-season bloom, spreads by rhizomes",,,,,,,,,,,,,,,,,,,,,,,,,,,
European Pasque Flower,Anemone pulsatilla,Anemone,N,Fiore,Native / near-region (PROVISIONAL - genus-native tie; verify),Native or near-region species of a regional-native genus (verify species-level status),,,,,,,,0.75,1,0.75,1,full sun,Dry to medium,"average, well-drained","4a, 4b, 5a, 5b, 6a, 6b, 7a, 7b, 8a, 8b",,,,,,,purple,"Early Spring, Mid Spring",,,,"fall anemone, late-season bloom, spreads by rhizomes",,,,,,,,,,,,,,,,,,,,,,,,,,,
Snowdrop Anemone,Anemone sylvestris,Anemone,N,Fiore,Native / near-region (PROVISIONAL - genus-native tie; verify),Native or near-region species of a regional-native genus (verify species-level status),,,,,,,,1,1.5,0.75,1,part shade,Medium,"average, well-drained","4a, 4b, 5a, 5b, 6a, 6b, 7a, 7b, 8a, 8b",,,,,,,white,Mid Spring,,,,"fall anemone, late-season bloom, spreads by rhizomes",,,,,,,,,,,,,,,,,,,,,,,,,,,
Robustissima Grape Leaf Anemone,Anemone vitifolia Robustissima,Anemone,Y,Fiore,Native cultivar / congener (PROVISIONAL - genus-native tie; verify),Cultivar/selection within a regional-native genus (verify: native cultivar vs exotic congener),,,,,,,,2,4,,,Part shade,Medium,,4 to 8,,,,,,,,August to October,,,,"fall anemone, late-season bloom, spreads by rhizomes",,,,,,,,,,,,,,,,,,,,,,,,,,,
Pink Pussy-toes,Antennaria dioica Rubra,Antennaria,Y,Fiore,Native cultivar / congener (PROVISIONAL - genus-native tie; verify),Cultivar/selection within a regional-native genus (verify: native cultivar vs exotic congener),,,,,,,,,,,,Full sun,Dry to medium,,,TRUE,,,,,,,,,,,"mountain pussytoes, woolly silver mat",,,,,,,,,,,,,,,,,,,,,,,,,,,
Plantain Leaved Pussytoes,Antennaria plantaginfolia,Antennaria,N,Fiore,Native / near-region (PROVISIONAL - genus-native tie; verify),Native or near-region species of a regional-native genus (verify species-level status),,,,,,,,0.25,0.75,,,Full sun,Dry,,,TRUE,,,,,,white,April to May,,,,"pussytoes, native groundcover, woolly silvery foliage",,,,,,,,,,,,,,,,,,,,,,,,,,,
Little Lanterns Canadian Columbine,Aquilegia canadensis Little Lanterns,Aquilegia,Y,Fiore,Native cultivar / congener (PROVISIONAL - genus-native tie; verify),Cultivar/selection within a regional-native genus (verify: native cultivar vs exotic congener),,,,,,,,1,2.5,,,Full sun to part shade,Medium,,3 to 8,,,,,6,1,,April to June,,,,"columbine, attracts hummingbirds, self-seeds freely",,,,,,,,,,,,,,,,,,,,,,,,,,,
Winky Purple and White Columbine,Aquilegia vulgaris Winky Purple and White,Aquilegia,Y,Fiore,Native cultivar / congener (PROVISIONAL - genus-native tie; verify),Cultivar/selection within a regional-native genus (verify: native cultivar vs exotic congener),,,,flower,,,,1.5,3,,,Full sun to part shade,Medium,,3 to 8,,,,,0,5,,April to June,,,,"columbine, attracts hummingbirds, self-seeds freely",,perennial,,,,,,,,,,,,,,,,,,,,,,,,,
Earlybird Red White Columbine,Aquilegia x hybrida PAS1258484 Red White,Aquilegia,Y,Fiore,Native cultivar / congener (PROVISIONAL - genus-native tie; verify),Cultivar/selection within a regional-native genus (verify: native cultivar vs exotic congener),,,,,,,,1.5,3,,,Full sun to part shade,Medium,,3 to 8,,,,,,,,April to June,,,,"columbine, attracts hummingbirds, self-seeds freely",,,,,,,,,,,,,,,,,,,,,,,,,,,
Earlybird Blue White Columbine,Aquilegia x hybrida PAS1258485 BlueWhite,Aquilegia,Y,Fiore,Native cultivar / congener (PROVISIONAL - genus-native tie; verify),Cultivar/selection within a regional-native genus (verify: native cultivar vs exotic congener),,,,,,,,1.5,3,,,Full sun to part shade,Medium,,3 to 8,,,,,,,,April to June,,,,"columbine, attracts hummingbirds, self-seeds freely",,,,,,,,,,,,,,,,,,,,,,,,,,,
Earlybird Purple Blue Columbine,Aquilegia x hybrida PAS1258485 PurpleBlue,Aquilegia,Y,Fiore,Native cultivar / congener (PROVISIONAL - genus-native tie; verify),Cultivar/selection within a regional-native genus (verify: native cultivar vs exotic congener),,,,,,,,1.5,3,,,Full sun to part shade,Medium,,3 to 8,,,,,,,,April to June,,,,"columbine, attracts hummingbirds, self-seeds freely",,,,,,,,,,,,,,,,,,,,,,,,,,,
Sun King Japanese Spikenard,Aralia cordata Sun King,Aralia,Y,Fiore,Native cultivar / congener (PROVISIONAL - genus-native tie; verify),Cultivar/selection within a regional-native genus (verify: native cultivar vs exotic congener),,,,,,,,,,,,Part shade to full shade,Medium,,,,,,,,,,,,,,"Japanese spikenard, bold architectural perennial",,,,,,,,,,,,,,,,,,,,,,,,,,,
Spikenard,Aralia racemosa,Aralia,N,Fiore,Native / near-region (PROVISIONAL - genus-native tie; verify),Native or near-region species of a regional-native genus (verify species-level status),,,,shrub,,,,3,5,,,Full sun to shade,Medium,loam,,,,,,10,5,,,,,,,,perennial,,,,,,,,,,,,,,,,,,,,,,,,,
Jack-in-the-Pulpit,Arisaema triphyllum,Arisaema,N,Fiore,Native / near-region (PROVISIONAL - genus-native tie; verify),Native or near-region species of a regional-native genus (verify species-level status),,,,flower,,,coarse,1,1.5,,,Part shade to full shade,moist,"sand, loam",,,,Tolerant,,4,-2,white,Early Summer,,,,"showy flowers, fall color, showy fruit",,moderate growth; moderate-lived; perennial,,,,,,,,,,,,,,,,,,,,,,,,,
Brilliant Red Chokeberry,Aronia arbutifolia Brilliantissima,Aronia,Y,Fiore,Native cultivar / congener (PROVISIONAL - genus-native tie; verify),Cultivar/selection within a regional-native genus (verify: native cultivar vs exotic congener),,,,shrub,,,,6,10,,,Full sun to part shade,Medium to wet,,3 to 9,,,,,,,,April to May,,,,"red chokeberry, brilliant fall color, red berries",,,,,,,,,,,,,,,,,,,,,,,,,,,
Iroquois Beauty Black Chokeberry,Aronia melanocarpa Iroquois Beauty,Aronia,Y,Fiore,Native cultivar / congener (PROVISIONAL - genus-native tie; verify),Cultivar/selection within a regional-native genus (verify: native cultivar vs exotic congener),,,,shrub,,,,3,6,,,Full sun to part shade,Medium to wet,,3 to 9,,,,,,,,April to May,,,,"black chokeberry, edible berries, outstanding fall color",,perennial,,,,,,,,,,,,,,,,,,,,,,,,,
Low Scape Hedger Black Chokeberry,Aronia melanocarpa Low Scape Hedger (UCONNAM166),Aronia,Y,Fiore,Native cultivar / congener (PROVISIONAL - genus-native tie; verify),Cultivar/selection within a regional-native genus (verify: native cultivar vs exotic congener),,,,shrub,,,,3,6,,,Full sun to part shade,Medium to wet,,3 to 9,,,,,,,,April to May,,,,"black chokeberry, edible berries, outstanding fall color",,perennial,,,,,,,,,,,,,,,,,,,,,,,,,
Low Scape Mound Black Chokeberry,Aronia melanocarpa Low Scape Mound,Aronia,Y,Fiore,Native cultivar / congener (PROVISIONAL - genus-native tie; verify),Cultivar/selection within a regional-native genus (verify: native cultivar vs exotic congener),,,,shrub,,,,3,6,,,Full sun to part shade,Medium to wet,,3 to 9,,,,,,,,April to May,,,,"black chokeberry, edible berries, outstanding fall color",,perennial,,,,,,,,,,,,,,,,,,,,,,,,,
Low Scape Snowfire Chokeberry,Aronia melanocarpa Low scape Snowfire SMNAMPEM,Aronia,Y,Fiore,Native cultivar / congener (PROVISIONAL - genus-native tie; verify),Cultivar/selection within a regional-native genus (verify: native cultivar vs exotic congener),,,,shrub,,,,3,6,,,Full sun to part shade,Medium to wet,,3 to 9,,,,,,,,April to May,,,,"black chokeberry, edible berries, outstanding fall color",,perennial,,,,,,,,,,,,,,,,,,,,,,,,,
Chantilly Lace Goats Beard,Aruncus Chantilly Lace,Aruncus,Y,Fiore,Native cultivar / congener (PROVISIONAL - genus-native tie; verify),Cultivar/selection within a regional-native genus (verify: native cultivar vs exotic congener),,,,,,,,,,,,Part shade to full shade,Medium to wet,,,,,,,,,,,,,,"goat's beard, shade-tolerant, white plumes, bold texture",,,,,,,,,,,,,,,,,,,,,,,,,,,
Fairy Hair Goats Beard,Aruncus Fairy Hair,Aruncus,Y,Fiore,Native cultivar / congener (PROVISIONAL - genus-native tie; verify),Cultivar/selection within a regional-native genus (verify: native cultivar vs exotic congener),,,,,,,,,,,,Part shade to full shade,Medium to wet,,,,,,,,,,,,,,"goat's beard, shade-tolerant, white plumes, bold texture",,,,,,,,,,,,,,,,,,,,,,,,,,,
Horatio Goats Beard,Aruncus Horatio,Aruncus,Y,Fiore,Native cultivar / congener (PROVISIONAL - genus-native tie; verify),Cultivar/selection within a regional-native genus (verify: native cultivar vs exotic congener),,,,,,,,,,,,Part shade to full shade,Medium to wet,,,,,,,,,,,,,,"goat's beard, shade-tolerant, white plumes, bold texture",,,,,,,,,,,,,,,,,,,,,,,,,,,
Misty Lace Goats Beard,Aruncus Misty Lace,Aruncus,Y,Fiore,Native cultivar / congener (PROVISIONAL - genus-native tie; verify),Cultivar/selection within a regional-native genus (verify: native cultivar vs exotic congener),,,,,,,,,,,,Part shade to full shade,Medium to wet,,,,,,,,,,,,,,"goat's beard, shade-tolerant, white plumes, bold texture",,,,,,,,,,,,,,,,,,,,,,,,,,,
Noble Spirits Dwarf Goats Beard,Aruncus aethusifolius Noble Spirits,Aruncus,Y,Fiore,Native cultivar / congener (PROVISIONAL - genus-native tie; verify),Cultivar/selection within a regional-native genus (verify: native cultivar vs exotic congener),,,,,,,,,,,,Part shade to full shade,Medium to wet,,,,,,,,,,,,,,"goat's beard, shade-tolerant, white plumes, bold texture",,,,,,,,,,,,,,,,,,,,,,,,,,,
Sylvan Goats Beard,Aruncus dioicus,Aruncus,N,Fiore,Native / near-region (PROVISIONAL - genus-native tie; verify),Native or near-region species of a regional-native genus (verify species-level status),,,,flower,,,,4,6,2,4,Full sun to part shade,Medium to wet,,4 to 8,,TRUE,,,,,cream,April to May,,,,showy flowers,,perennial,,,,,,,,,,,,,,,,,,,,,,,,,
European Wild Ginger,Asarum europaeum,Asarum,N,Fiore,Native / near-region (PROVISIONAL - genus-native tie; verify),Native or near-region species of a regional-native genus (verify species-level status),,,,,,,,0.25,0.5,,,Part shade to full shade,Medium,,,,,,,,,,,,,,"glossy evergreen ground cover, slow-spreading",,,,,,,,,,,,,,,,,,,,,,,,,,,
Cinderella Swamp Milkweed,Asclepias incarnata Cinderella,Asclepias,Y,Fiore,Native cultivar / congener (PROVISIONAL - genus-native tie; verify),Cultivar/selection within a regional-native genus (verify: native cultivar vs exotic congener),,,,flower,,,coarse,,,,,Full sun,moist,"loam, clay",,,,Intolerant,,4,-5,,Fall,,,,showy flowers,,moderate growth; moderate-lived; perennial,,,,,,,,,,,,,,,,,,,,,,,,,
Ice Ballet Milkweed,Asclepias incarnata Ice Ballet,Asclepias,Y,Fiore,Native cultivar / congener (PROVISIONAL - genus-native tie; verify),Cultivar/selection within a regional-native genus (verify: native cultivar vs exotic congener),,,,flower,,,coarse,,,,,Full sun,moist,"loam, clay",,,,Intolerant,,4,-5,,Fall,,,,showy flowers,,moderate growth; moderate-lived; perennial,,,,,,,,,,,,,,,,,,,,,,,,,
Common Milkweed,Asclepias syriaca,Asclepias,N,Fiore,Native / near-region (PROVISIONAL - genus-native tie; verify),Native or near-region species of a regional-native genus (verify species-level status),,,,,,,,3,4,,,Full sun,Dry to medium,,,TRUE,,,,0,5,purple,Late Spring to Summer,,,,"attracts butterflies, fragrant",,,,,,,,,,,,,,,,,,,,,,,,,,,
Gay Butterflies Butterfly Weed,Asclepias tuberosa Gay Butterflies,Asclepias,Y,Fiore,Native cultivar / congener (PROVISIONAL - genus-native tie; verify),Cultivar/selection within a regional-native genus (verify: native cultivar vs exotic congener),,,,flower,,,coarse,,,,,Full sun,dry,"sand, loam",,TRUE,,Intolerant,,7,5,,Mid Summer,,,,"showy flowers, showy fruit",,slow growth; moderate-lived; perennial,,,,,,,,,,,,,,,,,,,,,,,,,
Hello Yellow Butterfly Weed,Asclepias tuberosa Hello Yellow,Asclepias,Y,Fiore,Native cultivar / congener (PROVISIONAL - genus-native tie; verify),Cultivar/selection within a regional-native genus (verify: native cultivar vs exotic congener),,,,flower,,,coarse,,,,,Full sun,dry,"sand, loam",,TRUE,,Intolerant,,7,5,,Mid Summer,,,,"showy flowers, showy fruit",,slow growth; moderate-lived; perennial,,,,,,,,,,,,,,,,,,,,,,,,,
Whorled Milkweed,Asclepias verticillata,Asclepias,N,Fiore,Native / near-region (PROVISIONAL - genus-native tie; verify),Native or near-region species of a regional-native genus (verify species-level status),,,,flower,,,,0.5,3,,,Full sun to part shade,Dry to medium,,,TRUE,,,,1,5,white,June to September,,,,"fragrant, attracts butterflies",,perennial,,,,,,,,,,,,,,,,,,,,,,,,,
Snow Flurry Heath Aster,Aster (Symphyotricum) ericoides Snow Flurry,Aster,Y,Fiore,Native cultivar / congener (PROVISIONAL - genus-native tie; verify),Cultivar/selection within a regional-native genus (verify: native cultivar vs exotic congener),,,,,,,,,,,,Full sun to part shade,Medium,,,,,,,,,,August to October,,,,"aster, fall nectar source, attracts butterflies",,,,,,,,,,,,,,,,,,,,,,,,,,,
Woods Light Blue Aster,Aster Woods Light Blue,Aster,Y,Fiore,Native cultivar / congener (PROVISIONAL - genus-native tie; verify),Cultivar/selection within a regional-native genus (verify: native cultivar vs exotic congener),,,,,,,,,,,,Full sun to part shade,Medium,,,,,,,,,,August to October,,,,"aster, fall nectar source, attracts butterflies",,,,,,,,,,,,,,,,,,,,,,,,,,,
Woods Pink Aster,Aster Woods Pink,Aster,Y,Fiore,Native cultivar / congener (PROVISIONAL - genus-native tie; verify),Cultivar/selection within a regional-native genus (verify: native cultivar vs exotic congener),,,,,,,,,,,,Full sun to part shade,Medium,,,,,,,,,,August to October,,,,"aster, fall nectar source, attracts butterflies",,,,,,,,,,,,,,,,,,,,,,,,,,,
Woods Purple Aster,Aster Woods Purple,Aster,Y,Fiore,Native cultivar / congener (PROVISIONAL - genus-native tie; verify),Cultivar/selection within a regional-native genus (verify: native cultivar vs exotic congener),,,,,,,,,,,,Full sun to part shade,Medium,,,,,,,,,,August to October,,,,"aster, fall nectar source, attracts butterflies",,,,,,,,,,,,,,,,,,,,,,,,,,,
Sky Blue Aster,Aster azureus (Symphyotrichum oolentangiense),Aster,Y,Fiore,Native cultivar / congener (PROVISIONAL - genus-native tie; verify),Cultivar/selection within a regional-native genus (verify: native cultivar vs exotic congener),,,,,,,,,,,,Full sun to part shade,Medium,,,,,,,8,5,,August to October,,,,"aster, fall nectar source, attracts butterflies",,,,,,,,,,,,,,,,,,,,,,,,,,,
Little Carlow Blue Wood Aster,Aster cordifolius Little Carlow,Aster,Y,Fiore,Native cultivar / congener (PROVISIONAL - genus-native tie; verify),Cultivar/selection within a regional-native genus (verify: native cultivar vs exotic congener),,,,,,,,,,,,Full sun to part shade,Medium,,,,,,,7,5,,August to October,,,,"aster, fall nectar source, attracts butterflies",,,,,,,,,,,,,,,,,,,,,,,,,,,
Arrested Development Smooth Aster,Aster laevis Arrested Development,Aster,Y,Fiore,Native cultivar / congener (PROVISIONAL - genus-native tie; verify),Cultivar/selection within a regional-native genus (verify: native cultivar vs exotic congener),,,,,,,,2,4,,,Full sun,Dry to medium,,,TRUE,,,,9,5,,August to October,,,,"aster, fall nectar source, attracts butterflies",,,,,,,,,,,,,,,,,,,,,,,,,,,
New England Aster,Aster novae-angliae,Aster,N,Fiore,Native / near-region (PROVISIONAL - genus-native tie; verify),Native or near-region species of a regional-native genus (verify species-level status),,,,,,,,3,6,,,Full sun,Medium,,,,,,,4,-3,purple,August to October,,,,"critical fall monarch nectar, attracts butterflies",,,,,,,,,,,,,,,,,,,,,,,,,,,
Purple Dome New England Aster,Aster novae-angliae Purple Dome,Aster,Y,Fiore,Native cultivar / congener (PROVISIONAL - genus-native tie; verify),Cultivar/selection within a regional-native genus (verify: native cultivar vs exotic congener),,,,,,,,3,6,,,Full sun,Medium,,,,,,,4,-3,,August to October,,,,"critical fall monarch nectar, attracts butterflies",,,,,,,,,,,,,,,,,,,,,,,,,,,
Aromatic Aster,Aster oblongifolius,Aster,N,Fiore,Native / near-region (PROVISIONAL - genus-native tie; verify),Native or near-region species of a regional-native genus (verify species-level status),,,,,,,,1,2,,,Full sun,Dry to medium,,,TRUE,,,,10,5,violet to blue,September to October,,,,"fragrant, attracts butterflies",,,,,,,,,,,,,,,,,,,,,,,,,,,
October Skies Aromatic Aster,Aster oblongifolius October Skies,Aster,Y,Fiore,Native cultivar / congener (PROVISIONAL - genus-native tie; verify),Cultivar/selection within a regional-native genus (verify: native cultivar vs exotic congener),,,,,,,,1,2,,,Full sun,Dry to medium,,,TRUE,,,,10,5,,September to October,,,,"fragrant, attracts butterflies",,,,,,,,,,,,,,,,,,,,,,,,,,,
Silky Aster,Aster sericeus,Aster,N,Fiore,Native / near-region (PROVISIONAL - genus-native tie; verify),Native or near-region species of a regional-native genus (verify species-level status),,,,,,,,1,2,,,Full sun,Dry to medium,,,TRUE,,,,10,5,violet,August to October,,,,"silky aster, silvery foliage, dry prairie",,,,,,,,,,,,,,,,,,,,,,,,,,,
Shorts Aster,Aster shortii,Aster,N,Fiore,Native / near-region (PROVISIONAL - genus-native tie; verify),Native or near-region species of a regional-native genus (verify species-level status),,,,,,,,2,4,,,Part shade to full shade,Dry to medium,,,,,,,8,5,lavender to blue,September to October,,,,"Short's aster, shade-tolerant woodland species",,,,,,,,,,,,,,,,,,,,,,,,,,,
Ghost Fern,Athyrium Ghost,Athyrium,Y,Fiore,Native cultivar / congener (PROVISIONAL - genus-native tie; verify),Cultivar/selection within a regional-native genus (verify: native cultivar vs exotic congener),,,,fern,,,,,,,,Part shade to full shade,Medium,,,,,,,,,,,,,,"fern, shade-tolerant, elegant foliage",,,,,,,,,,,,,,,,,,,,,,,,,,,
Lady Fern,Athyrium filix-femina,Athyrium,N,Fiore,Native / near-region (PROVISIONAL - genus-native tie; verify),Native or near-region species of a regional-native genus (verify species-level status),,,,fern,,,fine,1,3,1,2.5,Part shade to full shade,Medium,,4 to 8,,TRUE,,,,,,,,,,"fern, shade-tolerant, elegant foliage",,,,,,,,,,,,,,,,,,,,,,,,,,,
Lady in Red Fern,Athyrium filix-femina Lady in Red,Athyrium,Y,Fiore,Native cultivar / congener (PROVISIONAL - genus-native tie; verify),Cultivar/selection within a regional-native genus (verify: native cultivar vs exotic congener),,,,fern,,,,,,,,Part shade to full shade,Medium,,,,,,,,,,,,,,"fern, shade-tolerant, elegant foliage",,,,,,,,,,,,,,,,,,,,,,,,,,,
Crested Surf Japanese Painted Fern,Athyrium nipponicum Crested Surf,Athyrium,Y,Fiore,Native cultivar / congener (PROVISIONAL - genus-native tie; verify),Cultivar/selection within a regional-native genus (verify: native cultivar vs exotic congener),,,,fern,,,,,,,,Part shade to full shade,Medium,,,,,,,,,,,,,,"Japanese painted fern, silvery fronds, colorful",,,,,,,,,,,,,,,,,,,,,,,,,,,
Japanese Painted Fern,Athyrium nipponicum Pictum,Athyrium,Y,Fiore,Native cultivar / congener (PROVISIONAL - genus-native tie; verify),Cultivar/selection within a regional-native genus (verify: native cultivar vs exotic congener),,,,fern,,,,,,,,Part shade to full shade,Medium,,,,,,,,,,,,,,"Japanese painted fern, silvery fronds, colorful",,,,,,,,,,,,,,,,,,,,,,,,,,,
Godzilla Painted Fern,Athyrium nipponicum pictum Godzilla,Athyrium,Y,Fiore,Native cultivar / congener (PROVISIONAL - genus-native tie; verify),Cultivar/selection within a regional-native genus (verify: native cultivar vs exotic congener),,,,fern,,,,,,,,Part shade to full shade,Medium,,,,,,,,,,,,,,"Japanese painted fern, silvery fronds, colorful",,,,,,,,,,,,,,,,,,,,,,,,,,,
Cascade Evergreen Azalea,Azalea Cascade,Azalea,Y,Fiore,Native cultivar / congener (PROVISIONAL - genus-native tie; verify),Cultivar/selection within a regional-native genus (verify: native cultivar vs exotic congener),,,,shrub,,,,3,6,,,Part shade to full shade,Medium,,4 to 8,,,,,,,,April to May,,,,"azalea, spring bloomer, acidic soil",,,,,,,,,,,,,,,,,,,,,,,,,,,
Delaware Valley White Evergreen Azalea,Azalea Delaware Valley White,Azalea,Y,Fiore,Native cultivar / congener (PROVISIONAL - genus-native tie; verify),Cultivar/selection within a regional-native genus (verify: native cultivar vs exotic congener),,,,shrub,,,,3,6,,,Part shade to full shade,Medium,,4 to 8,,,,,,,,April to May,,,,"azalea, spring bloomer, acidic soil",,,,,,,,,,,,,,,,,,,,,,,,,,,
Gibraltar Exbury Hybrid Azalea,Azalea Gibraltar,Azalea,Y,Fiore,Native cultivar / congener (PROVISIONAL - genus-native tie; verify),Cultivar/selection within a regional-native genus (verify: native cultivar vs exotic congener),,,,shrub,,,,3,6,,,Part shade to full shade,Medium,,4 to 8,,,,,,,,April to May,,,,"azalea, spring bloomer, acidic soil",,,,,,,,,,,,,,,,,,,,,,,,,,,
Golden Lights Azalea,Azalea Golden Lights,Azalea,Y,Fiore,Native cultivar / congener (PROVISIONAL - genus-native tie; verify),Cultivar/selection within a regional-native genus (verify: native cultivar vs exotic congener),,,,shrub,,,,3,6,,,Part shade to full shade,Medium,,4 to 8,,,,,,,,April to May,,,,"azalea, spring bloomer, acidic soil",,,,,,,,,,,,,,,,,,,,,,,,,,,
Hino-Crimson Evergreen Azalea,Azalea Hino-Crimson,Azalea,Y,Fiore,Native cultivar / congener (PROVISIONAL - genus-native tie; verify),Cultivar/selection within a regional-native genus (verify: native cultivar vs exotic congener),,,,shrub,,,,3,6,,,Part shade to full shade,Medium,,4 to 8,,,,,,,,April to May,,,,"azalea, spring bloomer, acidic soil",,,,,,,,,,,,,,,,,,,,,,,,,,,
Karens Evergreen Azalea,Azalea Karens,Azalea,Y,Fiore,Native cultivar / congener (PROVISIONAL - genus-native tie; verify),Cultivar/selection within a regional-native genus (verify: native cultivar vs exotic congener),,,,shrub,,,,3,6,,,Part shade to full shade,Medium,,4 to 8,,,,,,,,April to May,,,,"azalea, spring bloomer, acidic soil",,,,,,,,,,,,,,,,,,,,,,,,,,,
Lemon Lights Azalea,Azalea Lemon Lights,Azalea,Y,Fiore,Native cultivar / congener (PROVISIONAL - genus-native tie; verify),Cultivar/selection within a regional-native genus (verify: native cultivar vs exotic congener),,,,shrub,,,,3,6,,,Part shade to full shade,Medium,,4 to 8,,,,,,,,April to May,,,,"azalea, spring bloomer, acidic soil",,,,,,,,,,,,,,,,,,,,,,,,,,,
Mandarin Lights Azalea,Azalea Mandarin Lights,Azalea,Y,Fiore,Native cultivar / congener (PROVISIONAL - genus-native tie; verify),Cultivar/selection within a regional-native genus (verify: native cultivar vs exotic congener),,,,shrub,,,,3,6,,,Part shade to full shade,Medium,,4 to 8,,,,,,,,April to May,,,,"azalea, spring bloomer, acidic soil",,,,,,,,,,,,,,,,,,,,,,,,,,,
Northern Hi-Lights Azalea,Azalea Northern Hi-Lights,Azalea,Y,Fiore,Native cultivar / congener (PROVISIONAL - genus-native tie; verify),Cultivar/selection within a regional-native genus (verify: native cultivar vs exotic congener),,,,shrub,,,,3,6,,,Part shade to full shade,Medium,,4 to 8,,,,,,,,April to May,,,,"azalea, spring bloomer, acidic soil",,,,,,,,,,,,,,,,,,,,,,,,,,,
Orchid Lights Azalea,Azalea Orchid Lights,Azalea,Y,Fiore,Native cultivar / congener (PROVISIONAL - genus-native tie; verify),Cultivar/selection within a regional-native genus (verify: native cultivar vs exotic congener),,,,shrub,,,,3,6,,,Part shade to full shade,Medium,,4 to 8,,,,,,,,April to May,,,,"azalea, spring bloomer, acidic soil",,,,,,,,,,,,,,,,,,,,,,,,,,,
Korean Azalea,Azalea Poukhanense,Azalea,Y,Fiore,Native cultivar / congener (PROVISIONAL - genus-native tie; verify),Cultivar/selection within a regional-native genus (verify: native cultivar vs exotic congener),,,,shrub,,,,3,6,,,Part shade to full shade,Medium,,4 to 8,,,,,,,,April to May,,,,"azalea, spring bloomer, acidic soil",,,,,,,,,,,,,,,,,,,,,,,,,,,
Rosebud Evergreen Azalea,Azalea Rosebud,Azalea,Y,Fiore,Native cultivar / congener (PROVISIONAL - genus-native tie; verify),Cultivar/selection within a regional-native genus (verify: native cultivar vs exotic congener),,,,shrub,,,,3,6,,,Part shade to full shade,Medium,,4 to 8,,,,,,,,April to May,,,,"azalea, spring bloomer, acidic soil",,,,,,,,,,,,,,,,,,,,,,,,,,,
Rosy Lights Azalea,Azalea Rosy Lights,Azalea,Y,Fiore,Native cultivar / congener (PROVISIONAL - genus-native tie; verify),Cultivar/selection within a regional-native genus (verify: native cultivar vs exotic congener),,,,shrub,,,,3,6,,,Part shade to full shade,Medium,,4 to 8,,,,,,,,April to May,,,,"azalea, spring bloomer, acidic soil",,,,,,,,,,,,,,,,,,,,,,,,,,,
Stewartsonian Evergreen Azalea,Azalea Stewartsonian,Azalea,Y,Fiore,Native cultivar / congener (PROVISIONAL - genus-native tie; verify),Cultivar/selection within a regional-native genus (verify: native cultivar vs exotic congener),,,,shrub,,,,3,6,,,Part shade to full shade,Medium,,4 to 8,,,,,,,,April to May,,,,"azalea, spring bloomer, acidic soil",,,,,,,,,,,,,,,,,,,,,,,,,,,
Decadence Blueberry Sundae False Indigo,Baptisia Decadence Blueberry Sundae,Baptisia,Y,Fiore,Native cultivar / congener (PROVISIONAL - genus-native tie; verify),Cultivar/selection within a regional-native genus (verify: native cultivar vs exotic congener),,,,,,,,3,4,,,Full sun to part shade,Dry to medium,,3 to 9,TRUE,TRUE,,,,,,May to June,,,,"false indigo, spring bloomer, long-lived",,,,,,,,,,,,,,,,,,,,,,,,,,,
Decadence Cherries Jubilee Baptisia,Baptisia Decadence Cherries Jubilee,Baptisia,Y,Fiore,Native cultivar / congener (PROVISIONAL - genus-native tie; verify),Cultivar/selection within a regional-native genus (verify: native cultivar vs exotic congener),,,,,,,,3,4,,,Full sun to part shade,Dry to medium,,3 to 9,TRUE,TRUE,,,,,,May to June,,,,"false indigo, spring bloomer, long-lived",,,,,,,,,,,,,,,,,,,,,,,,,,,
Vanilla Cream Baptisia,Baptisia Decadence Vanilla Cream,Baptisia,Y,Fiore,Native cultivar / congener (PROVISIONAL - genus-native tie; verify),Cultivar/selection within a regional-native genus (verify: native cultivar vs exotic congener),,,,,,,,3,4,,,Full sun to part shade,Dry to medium,,3 to 9,TRUE,TRUE,,,,,,May to June,,,,"false indigo, spring bloomer, long-lived",,,,,,,,,,,,,,,,,,,,,,,,,,,
Lemon Meringue False Indigo,Baptisia Lemon Meringue,Baptisia,Y,Fiore,Native cultivar / congener (PROVISIONAL - genus-native tie; verify),Cultivar/selection within a regional-native genus (verify: native cultivar vs exotic congener),,,,,,,,3,4,,,Full sun to part shade,Dry to medium,,3 to 9,TRUE,TRUE,,,,,,May to June,,,,"false indigo, spring bloomer, long-lived",,,,,,,,,,,,,,,,,,,,,,,,,,,
Midnight Prairieblues False Indigo,Baptisia Midnight,Baptisia,Y,Fiore,Native cultivar / congener (PROVISIONAL - genus-native tie; verify),Cultivar/selection within a regional-native genus (verify: native cultivar vs exotic congener),,,,,,,,3,4,,,Full sun to part shade,Dry to medium,,3 to 9,TRUE,TRUE,,,,,,May to June,,,,"false indigo, spring bloomer, long-lived",,,,,,,,,,,,,,,,,,,,,,,,,,,
Pink Lemonade Falso Indigo Baptisia,Baptisia Pink Lemonade,Baptisia,Y,Fiore,Native cultivar / congener (PROVISIONAL - genus-native tie; verify),Cultivar/selection within a regional-native genus (verify: native cultivar vs exotic congener),,,,,,,,3,4,,,Full sun to part shade,Dry to medium,,3 to 9,TRUE,TRUE,,,,,,May to June,,,,"false indigo, spring bloomer, long-lived",,,,,,,,,,,,,,,,,,,,,,,,,,,
Purple Smoke False Indigo,Baptisia Purple Smoke,Baptisia,Y,Fiore,Native cultivar / congener (PROVISIONAL - genus-native tie; verify),Cultivar/selection within a regional-native genus (verify: native cultivar vs exotic congener),,,,,,,,3,4,,,Full sun to part shade,Dry to medium,,3 to 9,TRUE,TRUE,,,,,,May to June,,,,"false indigo, spring bloomer, long-lived",,,,,,,,,,,,,,,,,,,,,,,,,,,
Solar Flare Prairie Blues False Indigo,Baptisia Solar Flare,Baptisia,Y,Fiore,Native cultivar / congener (PROVISIONAL - genus-native tie; verify),Cultivar/selection within a regional-native genus (verify: native cultivar vs exotic congener),,,,,,,,3,4,,,Full sun to part shade,Dry to medium,,3 to 9,TRUE,TRUE,,,,,,May to June,,,,"false indigo, spring bloomer, long-lived",,,,,,,,,,,,,,,,,,,,,,,,,,,
White Wild Indigo,Baptisia alba,Baptisia,N,Fiore,Native / near-region (PROVISIONAL - genus-native tie; verify),Native or near-region species of a regional-native genus (verify species-level status),,,,flower,,,,2,3,2,2.5,Full sun to part shade,Dry to medium,,3 to 9,TRUE,TRUE,,,,,white,June to July,,,,attracts bumblebees and butterflies,,perennial,,,,,,,,,,,,,,,,,,,,,,,,,
Starlite Prairieblues False Indigo,Baptisia bicolor Starlite,Baptisia,Y,Fiore,Native cultivar / congener (PROVISIONAL - genus-native tie; verify),Cultivar/selection within a regional-native genus (verify: native cultivar vs exotic congener),,,,flower,,,,3,4,,,Full sun to part shade,Dry to medium,,3 to 9,TRUE,TRUE,,,,,,May to June,,,,"false indigo, spring bloomer, long-lived",,perennial,,,,,,,,,,,,,,,,,,,,,,,,,
Cream False Indigo,Baptisia bracteata,Baptisia,N,Fiore,Native / near-region (PROVISIONAL - genus-native tie; verify),Native or near-region species of a regional-native genus (verify species-level status),,,,flower,,,,1,1.5,2,3,Full sun,Dry to medium,,5 to 9,TRUE,TRUE,,,,,cream,May to June,,,,"false indigo, spring bloomer, long-lived",,perennial,,,,,,,,,,,,,,,,,,,,,,,,,
Twilite Prairie Blues False Indigo,Baptisia varicolor Twilite,Baptisia,Y,Fiore,Native cultivar / congener (PROVISIONAL - genus-native tie; verify),Cultivar/selection within a regional-native genus (verify: native cultivar vs exotic congener),,,,,,,,3,4,,,Full sun to part shade,Dry to medium,,3 to 9,TRUE,TRUE,,,,,,May to June,,,,"false indigo, spring bloomer, long-lived",,,,,,,,,,,,,,,,,,,,,,,,,,,
Crossvine or Trumpet Flower,Bignonia capreolata,Bignonia,N,Fiore,Native / near-region (PROVISIONAL - genus-native tie; verify),Native or near-region species of a regional-native genus (verify species-level status),,,,vine,,,,,,,,Full sun to part shade,Medium,,,,,,,,,orange to red,May to June,,,,"crossvine, semi-evergreen, attracts hummingbirds",,perennial,,,,,,,,,,,,,,,,,,,,,,,,,
Blonde Ambition Blue Grama,Bouteloua gracilis Blonde Ambition,Bouteloua,Y,Fiore,Native cultivar / congener (PROVISIONAL - genus-native tie; verify),Cultivar/selection within a regional-native genus (verify: native cultivar vs exotic congener),,,,grass,,,medium,1,1.5,,,Full sun,average,"sand, loam, clay",,TRUE,TRUE,Intolerant,,0,5,,Early Summer,,,,"blue grama grass, prairie native, drought-tolerant",,rapid growth; moderate-lived; perennial,,,,,,,,,,,,,,,,,,,,,,,,,
Honeycomb blue grama grass,Bouteloua gracilis Honeycomb PP33101,Bouteloua,Y,Fiore,Native cultivar / congener (PROVISIONAL - genus-native tie; verify),Cultivar/selection within a regional-native genus (verify: native cultivar vs exotic congener),,,,grass,,,medium,1,1.5,,,Full sun,average,"sand, loam, clay",,TRUE,TRUE,Intolerant,,0,5,,Early Summer,,,,"blue grama grass, prairie native, drought-tolerant",,rapid growth; moderate-lived; perennial,,,,,,,,,,,,,,,,,,,,,,,,,
Avalanche Feather Reed Grass,Calamagrostis acutiflora Avalanche,Calamagrostis,Y,Fiore,Native cultivar / congener (PROVISIONAL - genus-native tie; verify),Cultivar/selection within a regional-native genus (verify: native cultivar vs exotic congener),,,,grass,,,,,,,,Full sun to part shade,Medium to wet,,,,,,,,,,June to July,,,,"feather reed grass, upright habit, four-season interest",,,,,,,,,,,,,,,,,,,,,,,,,,,
Karl Foerster Feather Reed Grass,Calamagrostis acutiflora Karl Foerster,Calamagrostis,Y,Fiore,Native cultivar / congener (PROVISIONAL - genus-native tie; verify),Cultivar/selection within a regional-native genus (verify: native cultivar vs exotic congener),,,,grass,,,,,,,,Full sun to part shade,Medium to wet,,,,,,,,,,June to July,,,,"feather reed grass, upright habit, four-season interest",,,,,,,,,,,,,,,,,,,,,,,,,,,
Overdam Feather Reed Grass,Calamagrostis acutiflora Overdam,Calamagrostis,Y,Fiore,Native cultivar / congener (PROVISIONAL - genus-native tie; verify),Cultivar/selection within a regional-native genus (verify: native cultivar vs exotic congener),,,,grass,,,,,,,,Full sun to part shade,Medium to wet,,,,,,,,,,June to July,,,,"feather reed grass, upright habit, four-season interest",,,,,,,,,,,,,,,,,,,,,,,,,,,
Reed Grass,Calamagrostis brachytricha,Calamagrostis,N,Fiore,Native / near-region (PROVISIONAL - genus-native tie; verify),Native or near-region species of a regional-native genus (verify species-level status),,,,grass,,,,2,4,2,3,Full sun,Medium to wet,,,,,,,,,,August to September,,,,"pinkish feathery plumes, tolerates clay soils",,,,,,,,,,,,,,,,,,,,,,,,,,,
Blue Joint Grass,Calamagrostis canadensis,Calamagrostis,N,Fiore,Native / near-region (PROVISIONAL - genus-native tie; verify),Native or near-region species of a regional-native genus (verify species-level status),,,,grass,,,medium,3,4.9,,,Full sun to part shade,average,"loam, clay",,,,Intolerant,,3,-5,green,Late Spring,,,,"bluejoint grass, native wetland grass, birds eat seeds",,moderate growth; long-lived; perennial,,,,,,,,,,,,,,,,,,,,,,,,,
Wine Cups or Poppy Mallow,Callirhoe involucrata,Callirhoe,N,Fiore,Native / near-region (PROVISIONAL - genus-native tie; verify),Native or near-region species of a regional-native genus (verify species-level status),,,,,,,,0.5,0.75,2,3,Full sun,Dry to medium,,,TRUE,,,,0,5,magenta,May to October,,,,"groundcover, continuous bloomer, attracts pollinators",,,,,,,,,,,,,,,,,,,,,,,,,,,
Sweet Shrub,Calycanthus floridus,Calycanthus,N,Fiore,Native / near-region (PROVISIONAL - genus-native tie; verify),Native or near-region species of a regional-native genus (verify species-level status),,,,shrub,,,,6,9,,,Full sun to part shade,Medium,,,,,,,,,reddish brown,May to June,,,,"intensely fragrant bark and flowers, sweetshrub",,perennial,,,,,,,,,,,,,,,,,,,,,,,,,
Aphrodite Sweet Shrub,Calycanthus floridus Aphrodite,Calycanthus,Y,Fiore,Native cultivar / congener (PROVISIONAL - genus-native tie; verify),Cultivar/selection within a regional-native genus (verify: native cultivar vs exotic congener),,,,shrub,,,,6,9,,,Full sun to part shade,Medium,,,,,,,,,,May to June,,,,"intensely fragrant bark and flowers, sweetshrub",,perennial,,,,,,,,,,,,,,,,,,,,,,,,,
Wild Hyacinth,Camassia scilloides,Camassia,N,Fiore,Native / near-region (PROVISIONAL - genus-native tie; verify),Native or near-region species of a regional-native genus (verify species-level status),,,,flower,,,,1,2,,,Full sun to part shade,Medium,,,,,,,6,-1,blue to white,April to May,,,,"fragrant, spring bulb",,perennial,,,,,,,,,,,,,,,,,,,,,,,,,
Rapido Blue Bellflower,Campanula Rapido Blue,Campanula,Y,Fiore,Native cultivar / congener (PROVISIONAL - genus-native tie; verify),Cultivar/selection within a regional-native genus (verify: native cultivar vs exotic congener),,,,,,,,1,3,,,Full sun to part shade,Medium,,3 to 8,,,,,,,,May to August,,,,"bellflower, long-blooming, cottage garden",,,,,,,,,,,,,,,,,,,,,,,,,,,
Rapido White Harebell,Campanula Rapido White,Campanula,Y,Fiore,Native cultivar / congener (PROVISIONAL - genus-native tie; verify),Cultivar/selection within a regional-native genus (verify: native cultivar vs exotic congener),,,,,,,,1,3,,,Full sun to part shade,Medium,,3 to 8,,,,,,,,May to August,,,,"bellflower, long-blooming, cottage garden",,,,,,,,,,,,,,,,,,,,,,,,,,,
Deep Blue Clips Carpathian Harebell,Campanula carpatica Deep Blue Clips,Campanula,Y,Fiore,Native cultivar / congener (PROVISIONAL - genus-native tie; verify),Cultivar/selection within a regional-native genus (verify: native cultivar vs exotic congener),,,,flower,,,,0.75,1.25,,,Full sun to part shade,Medium,,3 to 8,,,,,,,,May to August,,,,"bellflower, long-blooming, cottage garden",,perennial,,,,,,,,,,,,,,,,,,,,,,,,,
Pearl Deep Blue Carpathian Harebell,Campanula carpatica Pearl Deep Blue,Campanula,Y,Fiore,Native cultivar / congener (PROVISIONAL - genus-native tie; verify),Cultivar/selection within a regional-native genus (verify: native cultivar vs exotic congener),,,,flower,,,,0.75,1.25,,,Full sun to part shade,Medium,,3 to 8,,,,,,,,May to August,,,,"bellflower, long-blooming, cottage garden",,perennial,,,,,,,,,,,,,,,,,,,,,,,,,
Pearl White Carpathian Harebell,Campanula carpatica Pearl White,Campanula,Y,Fiore,Native cultivar / congener (PROVISIONAL - genus-native tie; verify),Cultivar/selection within a regional-native genus (verify: native cultivar vs exotic congener),,,,flower,,,,0.75,1.25,,,Full sun to part shade,Medium,,3 to 8,,,,,,,,May to August,,,,"bellflower, long-blooming, cottage garden",,perennial,,,,,,,,,,,,,,,,,,,,,,,,,
Trumpet Vine,Campsis radicans,Campsis,N,Fiore,Native / near-region (PROVISIONAL - genus-native tie; verify),Native or near-region species of a regional-native genus (verify species-level status),,,,vine,,,,,,,,Full sun,Dry to medium,,,TRUE,,,,0,0,orange to red,July to September,,,,"attracts hummingbirds, vigorous climber, aggressive spreader",,perennial,,,,,,,,,,,,,,,,,,,,,,,,,
Flamenco Trumpet Vine,Campsis radicans Flamenco,Campsis,Y,Fiore,Native cultivar / congener (PROVISIONAL - genus-native tie; verify),Cultivar/selection within a regional-native genus (verify: native cultivar vs exotic congener),,,,vine,,,,,,,,Full sun,Dry to medium,,,TRUE,,,,0,0,,July to September,,,,"attracts hummingbirds, vigorous climber, aggressive spreader",,perennial,,,,,,,,,,,,,,,,,,,,,,,,,
Summer Jazz Fire Trumpet Vine,Campsis x tagliabuana Takarazuka Fresa,Campsis,Y,Fiore,Native cultivar / congener (PROVISIONAL - genus-native tie; verify),Cultivar/selection within a regional-native genus (verify: native cultivar vs exotic congener),,,,vine,,,,,,,,Full sun,Dry to medium,,,TRUE,,,,,,,July to September,,,,"trumpet vine, attracts hummingbirds",,,,,,,,,,,,,,,,,,,,,,,,,,,
Feather Falls Sedge,Carex ET CRX01 (FEATHER FALLS),Carex,Y,Fiore,Native cultivar / congener (PROVISIONAL - genus-native tie; verify),Cultivar/selection within a regional-native genus (verify: native cultivar vs exotic congener),,,,,,,,,,,,Part shade to full shade,Medium,,,,,,,,,,,,,,"sedge, adaptable, wildlife value",,,,,,,,,,,,,,,,,,,,,,,,,,,
White Tinged Sedge,Carex albicans,Carex,N,Fiore,Native / near-region (PROVISIONAL - genus-native tie; verify),Native or near-region species of a regional-native genus (verify species-level status),,,,grass,,,,,,,,Part shade to full shade,Medium,,,,,,,8,5,,,,,,"drought-tolerant for a sedge, woodland ground cover",,perennial,,,,,,,,,,,,,,,,,,,,,,,,,
Appalachian Sedge,Carex appalachica,Carex,N,Fiore,Native / near-region (PROVISIONAL - genus-native tie; verify),Native or near-region species of a regional-native genus (verify species-level status),,,,grass,,,,,,,,Part shade to full shade,Dry to medium,,,,,,,,,,,,,,"Appalachian woodland sedge, fine texture",,perennial,,,,,,,,,,,,,,,,,,,,,,,,,
Shortbeak Sedge,Carex brevior,Carex,N,Fiore,Native / near-region (PROVISIONAL - genus-native tie; verify),Native or near-region species of a regional-native genus (verify species-level status),,,,grass,,,,,,,,Full sun to part shade,Dry to medium,,,,,,,4,3,,,,,,"prairie sedge, adaptable, dry to mesic",,perennial,,,,,,,,,,,,,,,,,,,,,,,,,
Brome Sedge,Carex bromoides,Carex,N,Fiore,Native / near-region (PROVISIONAL - genus-native tie; verify),Native or near-region species of a regional-native genus (verify species-level status),,,,grass,,,,,,,,Part shade to full shade,Medium to wet,,,,,,,10,-5,,,,,,"brome-like sedge, wet woodland margins",,perennial,,,,,,,,,,,,,,,,,,,,,,,,,
Bowles Golden Sedge,Carex elata Aurea,Carex,Y,Fiore,Native cultivar / congener (PROVISIONAL - genus-native tie; verify),Cultivar/selection within a regional-native genus (verify: native cultivar vs exotic congener),,,,grass,,,,,,,,Full sun to part shade,Medium to wet,,,,,,,,,,,,,,"tufted sedge, upright golden foliage",,,,,,,,,,,,,,,,,,,,,,,,,,,
Blue Green Sedge,Carex flacca,Carex,N,Fiore,Native / near-region (PROVISIONAL - genus-native tie; verify),Native or near-region species of a regional-native genus (verify species-level status),,,,grass,,,,,,,,Full sun to part shade,Medium to wet,,,,,,,,,,,,,,"blue-green foliage, evergreen in mild winters, ground cover",,perennial,,,,,,,,,,,,,,,,,,,,,,,,,
Blue Zinger Blue Sedge,Carex flacca Blue Zinger,Carex,Y,Fiore,Native cultivar / congener (PROVISIONAL - genus-native tie; verify),Cultivar/selection within a regional-native genus (verify: native cultivar vs exotic congener),,,,grass,,,,,,,,Full sun to part shade,Medium to wet,,,,,,,,,,,,,,"blue-green foliage, evergreen in mild winters, ground cover",,perennial,,,,,,,,,,,,,,,,,,,,,,,,,
Blue Wood Sedge,Carex flaccosperma,Carex,N,Fiore,Native / near-region (PROVISIONAL - genus-native tie; verify),Native or near-region species of a regional-native genus (verify species-level status),,,,grass,,,medium,,1.0,,,Part shade to full shade,moist,"loam, clay",,,,Tolerant,,,,green,Late Spring,,,,"blue wood sedge, drought-tolerant for a sedge",,slow growth; long-lived; perennial,,,,,,,,,,,,,,,,,,,,,,,,,
Gray Sedge,Carex grayi,Carex,N,Fiore,Native / near-region (PROVISIONAL - genus-native tie; verify),Native or near-region species of a regional-native genus (verify species-level status),,,,grass,,,medium,,3.0,,,Full sun to part shade,moist,"loam, clay",,,,Tolerant,,7,-4,green,Late Spring,,,,"mace-like seed heads, ornamental fruiting sedge",,slow growth; long-lived; perennial,,,,,,,,,,,,,,,,,,,,,,,,,
Blue Bunny Sedge,Carex laxiculmis Hobb,Carex,Y,Fiore,Native cultivar / congener (PROVISIONAL - genus-native tie; verify),Cultivar/selection within a regional-native genus (verify: native cultivar vs exotic congener),,,,grass,,,,,,,,Part shade to full shade,Medium,,,,,,,10,5,,,,,,"spreading sedge, glaucous foliage, dry shade tolerant",,perennial,,,,,,,,,,,,,,,,,,,,,,,,,
Ice Dance Japanese Sedge,Carex morrowii Ice Dance,Carex,Y,Fiore,Native cultivar / congener (PROVISIONAL - genus-native tie; verify),Cultivar/selection within a regional-native genus (verify: native cultivar vs exotic congener),,,,grass,,,,,,,,Part shade to full shade,Medium,,,,,,,,,,,,,,"Japanese sedge, semi-evergreen, refined texture",,,,,,,,,,,,,,,,,,,,,,,,,,,
Silver Scepter Japanese Sedge,Carex morrowii Silver Scepter,Carex,Y,Fiore,Native cultivar / congener (PROVISIONAL - genus-native tie; verify),Cultivar/selection within a regional-native genus (verify: native cultivar vs exotic congener),,,,grass,,,,,,,,Part shade to full shade,Medium,,,,,,,,,,,,,,"Japanese sedge, semi-evergreen, refined texture",,,,,,,,,,,,,,,,,,,,,,,,,,,
Palm Sedge,Carex muskingumensis,Carex,N,Fiore,Native / near-region (PROVISIONAL - genus-native tie; verify),Native or near-region species of a regional-native genus (verify species-level status),,,,grass,,,fine,1,3.0,,,Full sun to part shade,moist,"loam, clay",,,,Tolerant,,8,-5,green,Late Spring,,,,"palm-like foliage, wetland gardens, shelter for wildlife",,slow growth; moderate-lived; perennial,,,,,,,,,,,,,,,,,,,,,,,,,
Oehme Palm Sedge,Carex muskingumensis Oehme,Carex,Y,Fiore,Native cultivar / congener (PROVISIONAL - genus-native tie; verify),Cultivar/selection within a regional-native genus (verify: native cultivar vs exotic congener),,,,grass,,,fine,1,1.75,,,Full sun to part shade,moist,"loam, clay",,,,Tolerant,,8,-5,,Late Spring,,,,"palm-like foliage, wetland gardens, shelter for wildlife",,slow growth; moderate-lived; perennial,,,,,,,,,,,,,,,,,,,,,,,,,
Evergold Japanese Sedge,Carex oshimensis Evergold,Carex,Y,Fiore,Native cultivar / congener (PROVISIONAL - genus-native tie; verify),Cultivar/selection within a regional-native genus (verify: native cultivar vs exotic congener),,,,grass,,,,,,,,Part shade to full shade,Medium,,,,,,,,,,,,,,"Oshima sedge, arching golden variegated foliage",,,,,,,,,,,,,,,,,,,,,,,,,,,
Plantain-Leaved Wood Sedge,Carex plantaginea,Carex,N,Fiore,Native / near-region (PROVISIONAL - genus-native tie; verify),Native or near-region species of a regional-native genus (verify species-level status),,,,grass,,,,,,,,Part shade to full shade,Dry to medium,,,,,,,10,5,,,,,,"plantain-leaved sedge, bold woodland texture",,perennial,,,,,,,,,,,,,,,,,,,,,,,,,
Eastern Star Wood Sedge,Carex radiata,Carex,N,Fiore,Native / near-region (PROVISIONAL - genus-native tie; verify),Native or near-region species of a regional-native genus (verify species-level status),,,,grass,,,,,,,,Part shade to full shade,Medium,,,,,,,6,1,,,,,,"woodland sedge, shade-tolerant",,,,,,,,,,,,,,,,,,,,,,,,,,,
Long-beaked Sedge,Carex sprengelii,Carex,N,Fiore,Native / near-region (PROVISIONAL - genus-native tie; verify),Native or near-region species of a regional-native genus (verify species-level status),,,,grass,,,,,,,,Part shade to full shade,Medium,,,,,,,9,3,,,,,,"Sprengel's sedge, woodland edge",,perennial,,,,,,,,,,,,,,,,,,,,,,,,,
Tussock Sedge,Carex stricta,Carex,N,Fiore,Native / near-region (PROVISIONAL - genus-native tie; verify),Native or near-region species of a regional-native genus (verify species-level status),,,,grass,,,,,,,,Full sun to part shade,Medium to wet,,,,,,,5,-5,,,,,,"tussock-forming, wetland margin, native rain garden",,,,,,,,,,,,,,,,,,,,,,,,,,,
Fox Sedge,Carex vulpinoidea,Carex,N,Fiore,Native / near-region (PROVISIONAL - genus-native tie; verify),Native or near-region species of a regional-native genus (verify species-level status),,,,grass,,,,,,,,Full sun to part shade,Medium to wet,,,,,,,2,-5,,,,,,"fox sedge, wetland margin, wildlife cover",,perennial,,,,,,,,,,,,,,,,,,,,,,,,,
Woods Sedge,Carex woodii,Carex,N,Fiore,Native / near-region (PROVISIONAL - genus-native tie; verify),Native or near-region species of a regional-native genus (verify species-level status),,,,grass,,,,,,,,Part shade,Medium,,,,,,,10,5,,,,,,"pretty sedge, dry-mesic woodland",,perennial,,,,,,,,,,,,,,,,,,,,,,,,,
Blue Cohosh,Caulophyllum thalictroides,Caulophyllum,N,Fiore,Native / near-region (PROVISIONAL - genus-native tie; verify),Native or near-region species of a regional-native genus (verify species-level status),,,,flower,,,medium,1.5,2.5,,,Part shade to full shade,average,loam,,,,Tolerant,,8,5,purple,Mid Summer,,,,showy fruit,,moderate growth; moderate-lived; perennial,,,,,,,,,,,,,,,,,,,,,,,,,
New Jersey Tea,Ceanothus americanus,Ceanothus,N,Fiore,Native / near-region (PROVISIONAL - genus-native tie; verify),Native or near-region species of a regional-native genus (verify species-level status),,,,shrub,,,medium,1.5,3.0,,,Full sun to part shade,dry,"sand, loam",,TRUE,,Tolerant,,6,5,blue,Late Spring,,,,"nitrogen fixer, attracts butterflies, New Jersey tea",,slow growth; moderate-lived; perennial,,,,,,,,,,,,,,,,,,,,,,,,,
Buttonbush,Cephalanthus occidentalis,Cephalanthus,N,Fiore,Native / near-region (PROVISIONAL - genus-native tie; verify),Native or near-region species of a regional-native genus (verify species-level status),,,,shrub,,,,,,,,Full sun to part shade,Medium to wet,,,,,,,5,-5,,,,,,"buttonbush, rain garden, attracts butterflies and hummingbirds",,,,,,,,,,,,,,,,,,,,,,,,,,,
Fiber Optics Buttonbush,Cephalanthus occidentalis Bailoptics (Fiber Optics),Cephalanthus,Y,Fiore,Native cultivar / congener (PROVISIONAL - genus-native tie; verify),Cultivar/selection within a regional-native genus (verify: native cultivar vs exotic congener),,,,shrub,,,,,,,,Full sun to part shade,Medium to wet,,,,,,,5,-5,,,,,,"buttonbush, rain garden, attracts butterflies and hummingbirds",,,,,,,,,,,,,,,,,,,,,,,,,,,
Sugar Shack Buttonbush,Cephalanthus occidentalis Sugar Shack,Cephalanthus,Y,Fiore,Native cultivar / congener (PROVISIONAL - genus-native tie; verify),Cultivar/selection within a regional-native genus (verify: native cultivar vs exotic congener),,,,shrub,,,,,,,,Full sun to part shade,Medium to wet,,,,,,,5,-5,,,,,,"buttonbush, rain garden, attracts butterflies and hummingbirds",,,,,,,,,,,,,,,,,,,,,,,,,,,
Northern Sea Oats,Chasmanthium latifolium,Chasmanthium,N,Fiore,Native / near-region (PROVISIONAL - genus-native tie; verify),Native or near-region species of a regional-native genus (verify species-level status),,,,grass,,,,2,5,,,Full sun to part shade,Medium to wet,,,,,,,,,,,,,,"attractive drooping seed heads, shade-tolerant grass",,perennial,,,,,,,,,,,,,,,,,,,,,,,,,
White Turtlehead,Chelone glabra,Chelone,N,Fiore,Native / near-region (PROVISIONAL - genus-native tie; verify),Native or near-region species of a regional-native genus (verify species-level status),,,,,,,,2,3,,,Full sun to part shade,Medium to wet,,4 to 8,,,,,8,-5,white,August to October,,,,"rain garden, Baltimore checkerspot host",,,,,,,,,,,,,,,,,,,,,,,,,,,
Hot Lips Pink Turtlehead,Chelone lyonii Hot Lips,Chelone,Y,Fiore,Native cultivar / congener (PROVISIONAL - genus-native tie; verify),Cultivar/selection within a regional-native genus (verify: native cultivar vs exotic congener),,,,flower,,,,,,,,Full sun to part shade,Medium to wet,,,,,,,,,,August to October,,,,"pink turtlehead, rain garden, Baltimore checkerspot host",,perennial,,,,,,,,,,,,,,,,,,,,,,,,,
Goldenstar,Chrysogonum virginianum,Chrysogonum,N,Fiore,Native / near-region (PROVISIONAL - genus-native tie; verify),Native or near-region species of a regional-native genus (verify species-level status),,,,flower,,,,0.5,1,,,Part shade to full shade,Medium,,,,TRUE,,,,,yellow,April to September,,,,"green-and-gold, very long bloomer, native groundcover",,perennial,,,,,,,,,,,,,,,,,,,,,,,,,
Arabella Clematis,Clematis Arabella,Clematis,Y,Fiore,Native cultivar / congener (PROVISIONAL - genus-native tie; verify),Cultivar/selection within a regional-native genus (verify: native cultivar vs exotic congener),,,,vine,,,,6,15,,,Full sun to part shade,Medium,,4 to 9,,,,,,,,May to September,,,,"clematis vine, keep roots shaded, diverse bloom colors/times",,,,,,,,,,,,,,,,,,,,,,,,,,,
Bees Jubilee Clematis,Clematis Bees Jubilee,Clematis,Y,Fiore,Native cultivar / congener (PROVISIONAL - genus-native tie; verify),Cultivar/selection within a regional-native genus (verify: native cultivar vs exotic congener),,,,,,,,6,15,,,Full sun to part shade,Medium,,4 to 9,,,,,,,,May to September,,,,"clematis vine, keep roots shaded, diverse bloom colors/times",,,,,,,,,,,,,,,,,,,,,,,,,,,
Bourbon Clematis,Clematis Bourbon (Evipool18),Clematis,Y,Fiore,Native cultivar / congener (PROVISIONAL - genus-native tie; verify),Cultivar/selection within a regional-native genus (verify: native cultivar vs exotic congener),,,,vine,,,,6,15,,,Full sun to part shade,Medium,,4 to 9,,,,,,,,May to September,,,,"clematis vine, keep roots shaded, diverse bloom colors/times",,,,,,,,,,,,,,,,,,,,,,,,,,,
Crystal Fountain Clematis,Clematis Crystal Fountain,Clematis,Y,Fiore,Native cultivar / congener (PROVISIONAL - genus-native tie; verify),Cultivar/selection within a regional-native genus (verify: native cultivar vs exotic congener),,,,vine,,,,6,15,,,Full sun to part shade,Medium,,4 to 9,,,,,,,,May to September,,,,"clematis vine, keep roots shaded, diverse bloom colors/times",,,,,,,,,,,,,,,,,,,,,,,,,,,
Darcy Clematis,Clematis Darcy,Clematis,Y,Fiore,Native cultivar / congener (PROVISIONAL - genus-native tie; verify),Cultivar/selection within a regional-native genus (verify: native cultivar vs exotic congener),,,,vine,,,,6,15,,,Full sun to part shade,Medium,,4 to 9,,,,,,,,May to September,,,,"clematis vine, keep roots shaded, diverse bloom colors/times",,,,,,,,,,,,,,,,,,,,,,,,,,,
Diamond Ball Hybrid Clematis,Clematis Diamond Ball,Clematis,Y,Fiore,Native cultivar / congener (PROVISIONAL - genus-native tie; verify),Cultivar/selection within a regional-native genus (verify: native cultivar vs exotic congener),,,,vine,,,,6,15,,,Full sun to part shade,Medium,,4 to 9,,,,,,,,May to September,,,,"clematis vine, keep roots shaded, diverse bloom colors/times",,,,,,,,,,,,,,,,,,,,,,,,,,,
Elpis Clematis,Clematis Elpis,Clematis,Y,Fiore,Native cultivar / congener (PROVISIONAL - genus-native tie; verify),Cultivar/selection within a regional-native genus (verify: native cultivar vs exotic congener),,,,vine,,,,6,15,,,Full sun to part shade,Medium,,4 to 9,,,,,,,,May to September,,,,"clematis vine, keep roots shaded, diverse bloom colors/times",,,,,,,,,,,,,,,,,,,,,,,,,,,
Elsa Spath Clematis,Clematis Elsa Spath,Clematis,Y,Fiore,Native cultivar / congener (PROVISIONAL - genus-native tie; verify),Cultivar/selection within a regional-native genus (verify: native cultivar vs exotic congener),,,,vine,,,,6,15,,,Full sun to part shade,Medium,,4 to 9,,,,,,,,May to September,,,,"clematis vine, keep roots shaded, diverse bloom colors/times",,,,,,,,,,,,,,,,,,,,,,,,,,,
Guernsey Cream Clematis,Clematis Guernsey Cream,Clematis,Y,Fiore,Native cultivar / congener (PROVISIONAL - genus-native tie; verify),Cultivar/selection within a regional-native genus (verify: native cultivar vs exotic congener),,,,vine,,,,6,15,,,Full sun to part shade,Medium,,4 to 9,,,,,,,,May to September,,,,"clematis vine, keep roots shaded, diverse bloom colors/times",,,,,,,,,,,,,,,,,,,,,,,,,,,
Happy Jack Purple Clematis,Clematis Happy Jack (Zojapur),Clematis,Y,Fiore,Native cultivar / congener (PROVISIONAL - genus-native tie; verify),Cultivar/selection within a regional-native genus (verify: native cultivar vs exotic congener),,,,vine,,,,6,15,,,Full sun to part shade,Medium,,4 to 9,,,,,,,,May to September,,,,"clematis vine, keep roots shaded, diverse bloom colors/times",,,,,,,,,,,,,,,,,,,,,,,,,,,
Jackmanii Clematis,Clematis Jackmanii,Clematis,Y,Fiore,Native cultivar / congener (PROVISIONAL - genus-native tie; verify),Cultivar/selection within a regional-native genus (verify: native cultivar vs exotic congener),,,,vine,,,,6,15,,,Full sun to part shade,Medium,,4 to 9,,,,,,,,May to September,,,,"clematis vine, keep roots shaded, diverse bloom colors/times",,,,,,,,,,,,,,,,,,,,,,,,,,,
Jolly Good Clematis,Clematis Jolly Good,Clematis,Y,Fiore,Native cultivar / congener (PROVISIONAL - genus-native tie; verify),Cultivar/selection within a regional-native genus (verify: native cultivar vs exotic congener),,,,vine,,,,6,15,,,Full sun to part shade,Medium,,4 to 9,,,,,,,,May to September,,,,"clematis vine, keep roots shaded, diverse bloom colors/times",,,,,,,,,,,,,,,,,,,,,,,,,,,
Nelly Moser Clematis,Clematis Nelly Moser,Clematis,Y,Fiore,Native cultivar / congener (PROVISIONAL - genus-native tie; verify),Cultivar/selection within a regional-native genus (verify: native cultivar vs exotic congener),,,,vine,,,,6,15,,,Full sun to part shade,Medium,,4 to 9,,,,,,,,May to September,,,,"clematis vine, keep roots shaded, diverse bloom colors/times",,,,,,,,,,,,,,,,,,,,,,,,,,,
Ramona Clematis,Clematis Ramona,Clematis,Y,Fiore,Native cultivar / congener (PROVISIONAL - genus-native tie; verify),Cultivar/selection within a regional-native genus (verify: native cultivar vs exotic congener),,,,,,,,6,15,,,Full sun to part shade,Medium,,4 to 9,,,,,,,,May to September,,,,"clematis vine, keep roots shaded, diverse bloom colors/times",,,,,,,,,,,,,,,,,,,,,,,,,,,
Still Waters Clematis,Clematis Still Waters (Zostiwa),Clematis,Y,Fiore,Native cultivar / congener (PROVISIONAL - genus-native tie; verify),Cultivar/selection within a regional-native genus (verify: native cultivar vs exotic congener),,,,vine,,,,6,15,,,Full sun to part shade,Medium,,4 to 9,,,,,,,,May to September,,,,"clematis vine, keep roots shaded, diverse bloom colors/times",,,,,,,,,,,,,,,,,,,,,,,,,,,
Sweet Summer Love Clematis,Clematis Sweet Summer Love,Clematis,Y,Fiore,Native cultivar / congener (PROVISIONAL - genus-native tie; verify),Cultivar/selection within a regional-native genus (verify: native cultivar vs exotic congener),,,,vine,,,,6,15,,,Full sun to part shade,Medium,,4 to 9,,,,,,,,May to September,,,,"clematis vine, keep roots shaded, diverse bloom colors/times",,,,,,,,,,,,,,,,,,,,,,,,,,,
Viva Polonia Clematis,Clematis Viva Polonia,Clematis,Y,Fiore,Native cultivar / congener (PROVISIONAL - genus-native tie; verify),Cultivar/selection within a regional-native genus (verify: native cultivar vs exotic congener),,,,vine,,,,6,15,,,Full sun to part shade,Medium,,4 to 9,,,,,,,,May to September,,,,"clematis vine, keep roots shaded, diverse bloom colors/times",,,,,,,,,,,,,,,,,,,,,,,,,,,
Sweet Autumn Clematis,Clematis terniflora,Clematis,N,Fiore,Native / near-region (PROVISIONAL - genus-native tie; verify),Native or near-region species of a regional-native genus (verify species-level status),,,,vine,,,,10,15,,,Full sun,Medium,,4 to 9,,,,,0,5,white,August to September,,,,"fragrant white flowers, vigorous vine — can reseed aggressively",,,,,,,,,,,,,,,,,,,,,,,,,,,
Polish Spirit Italian Clematis,Clematis viticella Polish Spirit,Clematis,Y,Fiore,Native cultivar / congener (PROVISIONAL - genus-native tie; verify),Cultivar/selection within a regional-native genus (verify: native cultivar vs exotic congener),,,,vine,,,,6,15,,,Full sun to part shade,Medium,,4 to 9,,,,,,,,May to September,,,,"clematis vine, keep roots shaded, diverse bloom colors/times",,perennial,,,,,,,,,,,,,,,,,,,,,,,,,
Purple Star Clematis,Clematis viticella Purple Star,Clematis,Y,Fiore,Native cultivar / congener (PROVISIONAL - genus-native tie; verify),Cultivar/selection within a regional-native genus (verify: native cultivar vs exotic congener),,,,vine,,,,6,15,,,Full sun to part shade,Medium,,4 to 9,,,,,,,,May to September,,,,"clematis vine, keep roots shaded, diverse bloom colors/times",,perennial,,,,,,,,,,,,,,,,,,,,,,,,,
Summersweet Clethra,Clethra alnifolia,Clethra,N,Fiore,Native / near-region (PROVISIONAL - genus-native tie; verify),Native or near-region species of a regional-native genus (verify species-level status),,,,shrub,,,coarse,3,16,,,Full sun to part shade,moist,"sand, loam",,,,Intermediate,,,,white,Summer,,,,showy fruit,,moderate growth; moderate-lived; perennial,,,,,,,,,,,,,,,,,,,,,,,,,
Vanilla Spice Summersweet Clethra,Clethra alnifolia Caleb,Clethra,Y,Fiore,Native cultivar / congener (PROVISIONAL - genus-native tie; verify),Cultivar/selection within a regional-native genus (verify: native cultivar vs exotic congener),,,,shrub,,,coarse,3,6,,,Full sun to part shade,moist,"sand, loam",,,,Intermediate,,,,,Summer,,,,showy fruit,,moderate growth; moderate-lived; perennial,,,,,,,,,,,,,,,,,,,,,,,,,
Summer Sparkler Summersweet Clethra,Clethra alnifolia Einstein/Nocacleein,Clethra,Y,Fiore,Native cultivar / congener (PROVISIONAL - genus-native tie; verify),Cultivar/selection within a regional-native genus (verify: native cultivar vs exotic congener),,,,shrub,,,coarse,3,6,,,Full sun to part shade,moist,"sand, loam",,,,Intermediate,,,,,Summer,,,,showy fruit,,moderate growth; moderate-lived; perennial,,,,,,,,,,,,,,,,,,,,,,,,,
Hummingbird Summersweet Clethra,Clethra alnifolia Hummingbird,Clethra,Y,Fiore,Native cultivar / congener (PROVISIONAL - genus-native tie; verify),Cultivar/selection within a regional-native genus (verify: native cultivar vs exotic congener),,,,shrub,,,coarse,3,6,,,Full sun to part shade,moist,"sand, loam",,,,Intermediate,,,,,Summer,,,,showy fruit,,moderate growth; moderate-lived; perennial,,,,,,,,,,,,,,,,,,,,,,,,,
Ruby Spice Summersweet Clethra,Clethra alnifolia Ruby Spice,Clethra,Y,Fiore,Native cultivar / congener (PROVISIONAL - genus-native tie; verify),Cultivar/selection within a regional-native genus (verify: native cultivar vs exotic congener),,,,shrub,,,coarse,3,6,,,Full sun to part shade,moist,"sand, loam",,,,Intermediate,,,,,Summer,,,,showy fruit,,moderate growth; moderate-lived; perennial,,,,,,,,,,,,,,,,,,,,,,,,,
Mistflower,Conoclinium coelestinum,Conoclinium,N,Fiore,Native / near-region (PROVISIONAL - genus-native tie; verify),Native or near-region species of a regional-native genus (verify species-level status),,,,flower,,,,1,2,,,Full sun to part shade,Medium to wet,,,,,,,,,blue to purple,July to October,,,,"attracts butterflies and bees, late-season bloomer",,perennial,,,,,,,,,,,,,,,,,,,,,,,,,
Big Bang Full Moon Tickseed,Coreopsis Big Bang Full Moon,Coreopsis,Y,Fiore,Native cultivar / congener (PROVISIONAL - genus-native tie; verify),Cultivar/selection within a regional-native genus (verify: native cultivar vs exotic congener),,,,,,,,1,2,,,Full sun,Dry to medium,,4 to 9,TRUE,,,,,,,June to September,,,,"tickseed, long-blooming, drought-tolerant",,,,,,,,,,,,,,,,,,,,,,,,,,,
Cosmic Eye Big Bang Tickseed,Coreopsis Cosmic Eye,Coreopsis,Y,Fiore,Native cultivar / congener (PROVISIONAL - genus-native tie; verify),Cultivar/selection within a regional-native genus (verify: native cultivar vs exotic congener),,,,,,,,1,2,,,Full sun,Dry to medium,,4 to 9,TRUE,,,,,,,June to September,,,,"tickseed, long-blooming, drought-tolerant",,,,,,,,,,,,,,,,,,,,,,,,,,,
Creme Brulee Tickseed,Coreopsis Creme Brulee,Coreopsis,Y,Fiore,Native cultivar / congener (PROVISIONAL - genus-native tie; verify),Cultivar/selection within a regional-native genus (verify: native cultivar vs exotic congener),,,,,,,,1,2,,,Full sun,Dry to medium,,4 to 9,TRUE,,,,,,,June to September,,,,"tickseed, long-blooming, drought-tolerant",,,,,,,,,,,,,,,,,,,,,,,,,,,
Jethro Tull Tickseed,Coreopsis Jethro Tull,Coreopsis,Y,Fiore,Native cultivar / congener (PROVISIONAL - genus-native tie; verify),Cultivar/selection within a regional-native genus (verify: native cultivar vs exotic congener),,,,,,,,1,2,,,Full sun,Dry to medium,,4 to 9,TRUE,,,,,,,June to September,,,,"tickseed, long-blooming, drought-tolerant",,,,,,,,,,,,,,,,,,,,,,,,,,,
Lil Bang Starlight Tickseed,Coreopsis Lil Bang Starlight,Coreopsis,Y,Fiore,Native cultivar / congener (PROVISIONAL - genus-native tie; verify),Cultivar/selection within a regional-native genus (verify: native cultivar vs exotic congener),,,,,,,,1,2,,,Full sun,Dry to medium,,4 to 9,TRUE,,,,,,,June to September,,,,"tickseed, long-blooming, drought-tolerant",,,,,,,,,,,,,,,,,,,,,,,,,,,
Nova Opal Tickseed,Coreopsis NOVA Opal,Coreopsis,Y,Fiore,Native cultivar / congener (PROVISIONAL - genus-native tie; verify),Cultivar/selection within a regional-native genus (verify: native cultivar vs exotic congener),,,,,,,,1,2,,,Full sun,Dry to medium,,4 to 9,TRUE,,,,,,,June to September,,,,"tickseed, long-blooming, drought-tolerant",,,,,,,,,,,,,,,,,,,,,,,,,,,
Creme Caramel Tickseed,Coreopsis Novcorcar Creme Caramel,Coreopsis,Y,Fiore,Native cultivar / congener (PROVISIONAL - genus-native tie; verify),Cultivar/selection within a regional-native genus (verify: native cultivar vs exotic congener),,,,,,,,1,2,,,Full sun,Dry to medium,,4 to 9,TRUE,,,,,,,June to September,,,,"tickseed, long-blooming, drought-tolerant",,,,,,,,,,,,,,,,,,,,,,,,,,,
Red Satin Tickseed,Coreopsis Red Satin (Permathread),Coreopsis,Y,Fiore,Native cultivar / congener (PROVISIONAL - genus-native tie; verify),Cultivar/selection within a regional-native genus (verify: native cultivar vs exotic congener),,,,,,,,1,2,,,Full sun,Dry to medium,,4 to 9,TRUE,,,,,,,June to September,,,,"tickseed, long-blooming, drought-tolerant",,,,,,,,,,,,,,,,,,,,,,,,,,,
Sweet Tart Coreopsis (tickseed),Coreopsis Sweet Tart (Permathread),Coreopsis,Y,Fiore,Native cultivar / congener (PROVISIONAL - genus-native tie; verify),Cultivar/selection within a regional-native genus (verify: native cultivar vs exotic congener),,,,,,,,1,2,,,Full sun,Dry to medium,,4 to 9,TRUE,,,,,,,June to September,,,,"tickseed, long-blooming, drought-tolerant",,,,,,,,,,,,,,,,,,,,,,,,,,,
Yellow & Red Tickseed,Coreopsis UPTICK Yellow & Red (PP28865),Coreopsis,Y,Fiore,Native cultivar / congener (PROVISIONAL - genus-native tie; verify),Cultivar/selection within a regional-native genus (verify: native cultivar vs exotic congener),,,,,,,,1,2,,,Full sun,Dry to medium,,4 to 9,TRUE,,,,,,,June to September,,,,"tickseed, long-blooming, drought-tolerant",,,,,,,,,,,,,,,,,,,,,,,,,,,
Sunfire Tickseed,Coreopsis grandiflora Sunfire,Coreopsis,Y,Fiore,Native cultivar / congener (PROVISIONAL - genus-native tie; verify),Cultivar/selection within a regional-native genus (verify: native cultivar vs exotic congener),,,,flower,,,,1,2,,,Full sun,Dry to medium,,4 to 9,TRUE,,,,0,5,,June to September,,,,"tickseed, long-blooming, drought-tolerant",,perennial,,,,,,,,,,,,,,,,,,,,,,,,,
Sunray Tickseed,Coreopsis grandiflora Sunray,Coreopsis,Y,Fiore,Native cultivar / congener (PROVISIONAL - genus-native tie; verify),Cultivar/selection within a regional-native genus (verify: native cultivar vs exotic congener),,,,flower,,,,1,2,,,Full sun,Dry to medium,,4 to 9,TRUE,,,,0,5,,June to September,,,,"tickseed, long-blooming, drought-tolerant",,perennial,,,,,,,,,,,,,,,,,,,,,,,,,
Sand Coreopsis (Lanceleaf Tickseed),Coreopsis lanceolata,Coreopsis,N,Fiore,Native / near-region (PROVISIONAL - genus-native tie; verify),Native or near-region species of a regional-native genus (verify species-level status),,,,,,,,1,2,,,Full sun,Dry to medium,,4 to 9,TRUE,TRUE,,,5,3,,June to September,,,,"tickseed, long-blooming, drought-tolerant",,,,,,,,,,,,,,,,,,,,,,,,,,,
Golden Showers Tickseed,Coreopsis verticillata Golden Showers,Coreopsis,Y,Fiore,Native cultivar / congener (PROVISIONAL - genus-native tie; verify),Cultivar/selection within a regional-native genus (verify: native cultivar vs exotic congener),,,,flower,,,,1,2,,,Full sun,Dry to medium,,4 to 9,TRUE,TRUE,,,,,,June to September,,,,"tickseed, long-blooming, drought-tolerant",,perennial,,,,,,,,,,,,,,,,,,,,,,,,,
Moonbeam Thread Leaf Tickseed,Coreopsis verticillata Moonbeam,Coreopsis,Y,Fiore,Native cultivar / congener (PROVISIONAL - genus-native tie; verify),Cultivar/selection within a regional-native genus (verify: native cultivar vs exotic congener),,,,flower,,,,1,2,,,Full sun,Dry to medium,,4 to 9,TRUE,TRUE,,,,,,June to September,,,,"tickseed, long-blooming, drought-tolerant",,perennial,,,,,,,,,,,,,,,,,,,,,,,,,
Zagreb Thread Leaf Tickseed,Coreopsis verticillata Zagreb,Coreopsis,Y,Fiore,Native cultivar / congener (PROVISIONAL - genus-native tie; verify),Cultivar/selection within a regional-native genus (verify: native cultivar vs exotic congener),,,,flower,,,,1,2,,,Full sun,Dry to medium,,4 to 9,TRUE,TRUE,,,,,,June to September,,,,"tickseed, long-blooming, drought-tolerant",,perennial,,,,,,,,,,,,,,,,,,,,,,,,,
Variegated or Elegantissima Dogwood,Cornus alba Argenteo-marginata,Cornus,Y,Fiore,Native cultivar / congener (PROVISIONAL - genus-native tie; verify),Cultivar/selection within a regional-native genus (verify: native cultivar vs exotic congener),,,,shrub,,,,6,10,,,Full sun to part shade,Medium to wet,,2 to 7,,,,,,,,May to June,,,,"Tartarian dogwood, red stems, variegated cultivars available",,,,,,,,,,,,,,,,,,,,,,,,,,,
Ivory Halo Tatarian Dogwood,Cornus alba Ivory Halo,Cornus,Y,Fiore,Native cultivar / congener (PROVISIONAL - genus-native tie; verify),Cultivar/selection within a regional-native genus (verify: native cultivar vs exotic congener),,,,shrub,,,,6,10,,,Full sun to part shade,Medium to wet,,2 to 7,,,,,,,,May to June,,,,"Tartarian dogwood, red stems, variegated cultivars available",,,,,,,,,,,,,,,,,,,,,,,,,,,
Grey Dogwood,Cornus racemosa,Cornus,N,Fiore,Native / near-region (PROVISIONAL - genus-native tie; verify),Native or near-region species of a regional-native genus (verify species-level status),,,,shrub,,,coarse,4,10,,,Full sun to part shade,average,"loam, clay",,,,Tolerant,,1,-2,white,Late Spring,,,,"showy flowers, showy fruit",,moderate growth; moderate-lived; perennial,,,,,,,,,,,,,,,,,,,,,,,,,
Arctic Fire Redosier Dogwood,Cornus sericea Arctic Fire (Arctic Fire Red),Cornus,Y,Fiore,Native cultivar / congener (PROVISIONAL - genus-native tie; verify),Cultivar/selection within a regional-native genus (verify: native cultivar vs exotic congener),,,,shrub,,,coarse,6,10,,,Full sun to part shade,moist,"sand, loam, clay",2 to 7,,,Intolerant,,,,,Spring,,,,"showy flowers, fall color, showy fruit",,moderate growth; moderate-lived; perennial,,,,,,,,,,,,,,,,,,,,,,,,,
Bailey Red Twigged Dogwood,Cornus sericea Baileyi,Cornus,Y,Fiore,Native cultivar / congener (PROVISIONAL - genus-native tie; verify),Cultivar/selection within a regional-native genus (verify: native cultivar vs exotic congener),,,,shrub,,,coarse,6,10,,,Full sun to part shade,moist,"sand, loam, clay",2 to 7,,,Intolerant,,,,,Spring,,,,"showy flowers, fall color, showy fruit",,moderate growth; moderate-lived; perennial,,,,,,,,,,,,,,,,,,,,,,,,,
Bergeson Compact Dogwood,Cornus sericea Bergeson Compact,Cornus,Y,Fiore,Native cultivar / congener (PROVISIONAL - genus-native tie; verify),Cultivar/selection within a regional-native genus (verify: native cultivar vs exotic congener),,,,shrub,,,coarse,6,10,,,Full sun to part shade,moist,"sand, loam, clay",2 to 7,,,Intolerant,,,,,Spring,,,,"showy flowers, fall color, showy fruit",,moderate growth; moderate-lived; perennial,,,,,,,,,,,,,,,,,,,,,,,,,
Buds Yellow Redosier Dogwood,Cornus sericea Buds Yellow,Cornus,Y,Fiore,Native cultivar / congener (PROVISIONAL - genus-native tie; verify),Cultivar/selection within a regional-native genus (verify: native cultivar vs exotic congener),,,,shrub,,,coarse,6,10,,,Full sun to part shade,moist,"sand, loam, clay",2 to 7,,,Intolerant,,,,,Spring,,,,"showy flowers, fall color, showy fruit",,moderate growth; moderate-lived; perennial,,,,,,,,,,,,,,,,,,,,,,,,,
Cardinal Redosier Dogwood,Cornus sericea Cardinal,Cornus,Y,Fiore,Native cultivar / congener (PROVISIONAL - genus-native tie; verify),Cultivar/selection within a regional-native genus (verify: native cultivar vs exotic congener),,,,shrub,,,coarse,6,10,,,Full sun to part shade,moist,"sand, loam, clay",2 to 7,,,Intolerant,,,,,Spring,,,,"showy flowers, fall color, showy fruit",,moderate growth; moderate-lived; perennial,,,,,,,,,,,,,,,,,,,,,,,,,
Isanti Redosier Dogwood,Cornus sericea Isanti,Cornus,Y,Fiore,Native cultivar / congener (PROVISIONAL - genus-native tie; verify),Cultivar/selection within a regional-native genus (verify: native cultivar vs exotic congener),,,,shrub,,,coarse,6,10,,,Full sun to part shade,moist,"sand, loam, clay",2 to 7,,,Intolerant,,,,,Spring,,,,"showy flowers, fall color, showy fruit",,moderate growth; moderate-lived; perennial,,,,,,,,,,,,,,,,,,,,,,,,,
Kelsey Redosier Dogwood,Cornus sericea Kelseyi,Cornus,Y,Fiore,Native cultivar / congener (PROVISIONAL - genus-native tie; verify),Cultivar/selection within a regional-native genus (verify: native cultivar vs exotic congener),,,,shrub,,,coarse,6,10,,,Full sun to part shade,moist,"sand, loam, clay",2 to 7,,,Intolerant,,,,,Spring,,,,"showy flowers, fall color, showy fruit",,moderate growth; moderate-lived; perennial,,,,,,,,,,,,,,,,,,,,,,,,,
Arctic Fire Yellow Redosier Dogwood,Cornus stolonifera SSMNCSBD (Arctic Fire Yellow),Cornus,Y,Fiore,Native cultivar / congener (PROVISIONAL - genus-native tie; verify),Cultivar/selection within a regional-native genus (verify: native cultivar vs exotic congener),,,,shrub,,,,6,10,,,Full sun to part shade,Medium to wet,,2 to 7,,,,,6,-3,,May to June,,,,"red-twig dogwood (syn. sericea), winter stem color, suckering",,,,,,,,,,,,,,,,,,,,,,,,,,,
American Filbert,Corylus americana,Corylus,N,Fiore,Native / near-region (PROVISIONAL - genus-native tie; verify),Native or near-region species of a regional-native genus (verify species-level status),,,,shrub,,,,8,16,,,Full sun to part shade,Medium,,,,,,,5,4,,,,,,"American hazelnut, edible nuts, wildlife food source, fall color",,,,,,,,,,,,,,,,,,,,,,,,,,,
Burgundy Lace European Filbert,Corylus avellana Burgundy Lace,Corylus,Y,Fiore,Native cultivar / congener (PROVISIONAL - genus-native tie; verify),Cultivar/selection within a regional-native genus (verify: native cultivar vs exotic congener),,,,shrub,,,,,,,,Full sun to part shade,Medium,,,,,,,,,,,,,,"hazelnut, edible nuts, wildlife food, fall color",,perennial,,,,,,,,,,,,,,,,,,,,,,,,,
Harry Lauders Walkingstick,Corylus avellana Contorta,Corylus,Y,Fiore,Native cultivar / congener (PROVISIONAL - genus-native tie; verify),Cultivar/selection within a regional-native genus (verify: native cultivar vs exotic congener),,,,shrub,,,,,,,,Full sun to part shade,Medium,,,,,,,,,,,,,,"hazelnut, edible nuts, wildlife food, fall color",,perennial,,,,,,,,,,,,,,,,,,,,,,,,,
Red Dragon European Filbert,Corylus avellana Red Dragon,Corylus,Y,Fiore,Native cultivar / congener (PROVISIONAL - genus-native tie; verify),Cultivar/selection within a regional-native genus (verify: native cultivar vs exotic congener),,,,shrub,,,,,,,,Full sun to part shade,Medium,,,,,,,,,,,,,,"hazelnut, edible nuts, wildlife food, fall color",,perennial,,,,,,,,,,,,,,,,,,,,,,,,,
Purple Prairie Clover,Dalea purpurea,Dalea,N,Fiore,Native / near-region (PROVISIONAL - genus-native tie; verify),Native or near-region species of a regional-native genus (verify species-level status),,,,shrub,,,,,,,,Full sun,Dry to medium,,,TRUE,,,,,,purple,June to August,,,,"attracts native bees and butterflies, nitrogen fixer",,perennial,,,,,,,,,,,,,,,,,,,,,,,,,
Blue Butterfly Larkspur,Delphinium Blue Butterfly,Delphinium,Y,Fiore,Native cultivar / congener (PROVISIONAL - genus-native tie; verify),Cultivar/selection within a regional-native genus (verify: native cultivar vs exotic congener),,,,,,,,,,,,Full sun,Medium,,,,,,,,,,,,,,"delphinium, tall spires, cottage garden",,,,,,,,,,,,,,,,,,,,,,,,,,,
Belladonna Larkspur,Delphinium belladonna,Delphinium,N,Fiore,Native / near-region (PROVISIONAL - genus-native tie; verify),Native or near-region species of a regional-native genus (verify species-level status),,,,,,,,3,5,,,Full sun,Medium,,,,,,,,,blue to violet,June to August,,,,"elegant tall spires, cottage garden, cut flower",,,,,,,,,,,,,,,,,,,,,,,,,,,
Guardian Blue Larkspur,Delphinium elatum Guardian Blue,Delphinium,Y,Fiore,Native cultivar / congener (PROVISIONAL - genus-native tie; verify),Cultivar/selection within a regional-native genus (verify: native cultivar vs exotic congener),,,,,,,,4,6,,,Full sun,Medium,,,,,,,,,,June to August,,,,"tall delphinium, cottage garden, staking required",,,,,,,,,,,,,,,,,,,,,,,,,,,
Delphinium Highlander Bolero,Delphinium elatum Highlander Bolero,Delphinium,Y,Fiore,Native cultivar / congener (PROVISIONAL - genus-native tie; verify),Cultivar/selection within a regional-native genus (verify: native cultivar vs exotic congener),,,,,,,,4,6,,,Full sun,Medium,,,,,,,,,,June to August,,,,"tall delphinium, cottage garden, staking required",,,,,,,,,,,,,,,,,,,,,,,,,,,
Blue Fabulosa Larkspur,Delphinium x hybridus Blue Fabulosa,Delphinium,Y,Fiore,Native cultivar / congener (PROVISIONAL - genus-native tie; verify),Cultivar/selection within a regional-native genus (verify: native cultivar vs exotic congener),,,,,,,,,,,,Full sun,Medium,,,,,,,,,,,,,,"delphinium, tall spires, cottage garden",,,,,,,,,,,,,,,,,,,,,,,,,,,
Hayscented Fern,Dennstaedtia punctilobula,Dennstaedtia,N,Fiore,Native / near-region (PROVISIONAL - genus-native tie; verify),Native or near-region species of a regional-native genus (verify species-level status),,,,fern,,,,1.5,2,,,Part shade to full shade,Medium,,,,,,,,,,,,,,"hay-scented fern, fragrant fronds, aggressive spreader",,perennial,,,,,,,,,,,,,,,,,,,,,,,,,
Tufted Hair Grass,Deschampsia caespitosa,Deschampsia,N,Fiore,Native / near-region (PROVISIONAL - genus-native tie; verify),Native or near-region species of a regional-native genus (verify species-level status),,,,grass,,,medium,2,3.4,,,Part shade,dry,"sand, loam, clay",,,,Intolerant,,,,yellow,Mid Summer,,,,"shade-tolerant ornamental grass, fine texture",,moderate growth; long-lived,,,,,,,,,,,,,,,,,,,,,,,,,
Gold Dew Tufted Hair Grass,Deschampsia caespitosa Goldtau,Deschampsia,Y,Fiore,Native cultivar / congener (PROVISIONAL - genus-native tie; verify),Cultivar/selection within a regional-native genus (verify: native cultivar vs exotic congener),,,,grass,,,medium,2,4,,,Part shade,dry,"sand, loam, clay",,,,Intolerant,,,,,Mid Summer,,,,"shade-tolerant ornamental grass, fine texture",,moderate growth; long-lived,,,,,,,,,,,,,,,,,,,,,,,,,
Pixie Fountain Tufted Hair Grass,Deschampsia caespitosa Pixie Fountain,Deschampsia,Y,Fiore,Native cultivar / congener (PROVISIONAL - genus-native tie; verify),Cultivar/selection within a regional-native genus (verify: native cultivar vs exotic congener),,,,grass,,,medium,2,4,,,Part shade,dry,"sand, loam, clay",,,,Intolerant,,,,,Mid Summer,,,,"shade-tolerant ornamental grass, fine texture",,moderate growth; long-lived,,,,,,,,,,,,,,,,,,,,,,,,,
Scottish Tufted Hair Grass,Deschampsia caespitosa Schottland,Deschampsia,Y,Fiore,Native cultivar / congener (PROVISIONAL - genus-native tie; verify),Cultivar/selection within a regional-native genus (verify: native cultivar vs exotic congener),,,,grass,,,medium,2,4,,,Part shade,dry,"sand, loam, clay",,,,Intolerant,,,,,Mid Summer,,,,"shade-tolerant ornamental grass, fine texture",,moderate growth; long-lived,,,,,,,,,,,,,,,,,,,,,,,,,
Luxuriant Bleeding Heart,Dicentra formosa Luxuriant,Dicentra,Y,Fiore,Native cultivar / congener (PROVISIONAL - genus-native tie; verify),Cultivar/selection within a regional-native genus (verify: native cultivar vs exotic congener),,,,flower,,,fine,,,,,Part shade to full shade,dry,"sand, loam, clay",,,,Tolerant,,,,,Early Summer,,,,showy flowers,,rapid growth; short-lived; perennial,,,,,,,,,,,,,,,,,,,,,,,,,
Common Bleeding Heart,Dicentra spectabilis,Dicentra,N,Fiore,Native / near-region (PROVISIONAL - genus-native tie; verify),Native or near-region species of a regional-native genus (verify species-level status),,,,,,,,,,,,Part shade to full shade,Medium,,,,,,,,,pink to white,April to May,,,,"spring ephemeral, goes dormant in summer",,,,,,,,,,,,,,,,,,,,,,,,,,,
White Bleeding Heart,Dicentra spectabilis Alba,Dicentra,Y,Fiore,Native cultivar / congener (PROVISIONAL - genus-native tie; verify),Cultivar/selection within a regional-native genus (verify: native cultivar vs exotic congener),,,,,,,,,,,,Part shade to full shade,Medium,,,,,,,,,,April to May,,,,"spring ephemeral, goes dormant in summer",,,,,,,,,,,,,,,,,,,,,,,,,,,
Gold Heart Bleeding Heart,Dicentra spectabilis Gold Heart,Dicentra,Y,Fiore,Native cultivar / congener (PROVISIONAL - genus-native tie; verify),Cultivar/selection within a regional-native genus (verify: native cultivar vs exotic congener),,,,,,,,,,,,Part shade to full shade,Medium,,,,,,,,,,April to May,,,,"spring ephemeral, goes dormant in summer",,,,,,,,,,,,,,,,,,,,,,,,,,,
Orange Kodiak Bush Honeysuckle,Diervilla Kodiak Orange (G2X88544),Diervilla,Y,Fiore,Native cultivar / congener (PROVISIONAL - genus-native tie; verify),Cultivar/selection within a regional-native genus (verify: native cultivar vs exotic congener),,,,shrub,,,,2,4,,,Full sun to part shade,Dry to medium,,3 to 7,TRUE,TRUE,,,,,,June to July,,,,"bush honeysuckle, tough native, yellow flowers, good fall color",,,,,,,,,,,,,,,,,,,,,,,,,,,
Red Kodiak Bush Diervilla,Diervilla Kodiak Red (G2X885411),Diervilla,Y,Fiore,Native cultivar / congener (PROVISIONAL - genus-native tie; verify),Cultivar/selection within a regional-native genus (verify: native cultivar vs exotic congener),,,,shrub,,,,2,4,,,Full sun to part shade,Dry to medium,,3 to 7,TRUE,TRUE,,,,,,June to July,,,,"bush honeysuckle, tough native, yellow flowers, good fall color",,,,,,,,,,,,,,,,,,,,,,,,,,,
Dwarf Bush Honeysuckle,Diervilla lonicera,Diervilla,N,Fiore,Native / near-region (PROVISIONAL - genus-native tie; verify),Native or near-region species of a regional-native genus (verify species-level status),,,,shrub,,,,2,3,3,4,Full sun to part shade,Dry to medium,,3 to 7,TRUE,TRUE,,,9,5,yellow,June to July,,,,"attracts hummingbirds, good fall color, tough native shrub",,perennial,,,,,,,,,,,,,,,,,,,,,,,,,
Black Kodiak Bush Honeysuckle,Diervilla rivularis Kodiak Black (SMDNDRSF),Diervilla,Y,Fiore,Native cultivar / congener (PROVISIONAL - genus-native tie; verify),Cultivar/selection within a regional-native genus (verify: native cultivar vs exotic congener),,,,shrub,,,,2,4,,,Full sun to part shade,Dry to medium,,3 to 7,TRUE,TRUE,,,,,,June to July,,,,"bush honeysuckle, tough native, yellow flowers, good fall color",,perennial,,,,,,,,,,,,,,,,,,,,,,,,,
Butterfly Southern Bush Honeysuckle,Diervilla sessilifolia Butterfly,Diervilla,Y,Fiore,Native cultivar / congener (PROVISIONAL - genus-native tie; verify),Cultivar/selection within a regional-native genus (verify: native cultivar vs exotic congener),,,,shrub,,,,2,4,,,Full sun to part shade,Dry to medium,,3 to 7,TRUE,TRUE,,,,,,June to July,,,,"bush honeysuckle, tough native, yellow flowers, good fall color",,perennial,,,,,,,,,,,,,,,,,,,,,,,,,
Cool Splash Southern Bush Honeysuckle,Diervilla sessilifolia LPDC podaras,Diervilla,Y,Fiore,Native cultivar / congener (PROVISIONAL - genus-native tie; verify),Cultivar/selection within a regional-native genus (verify: native cultivar vs exotic congener),,,,shrub,,,,2,4,,,Full sun to part shade,Dry to medium,,3 to 7,TRUE,TRUE,,,,,,June to July,,,,"bush honeysuckle, tough native, yellow flowers, good fall color",,perennial,,,,,,,,,,,,,,,,,,,,,,,,,
Nightglow Bush Honeysuckle,Diervilla splendens El Madrigal,Diervilla,Y,Fiore,Native cultivar / congener (PROVISIONAL - genus-native tie; verify),Cultivar/selection within a regional-native genus (verify: native cultivar vs exotic congener),,,,shrub,,,,2,4,,,Full sun to part shade,Dry to medium,,3 to 7,TRUE,TRUE,,,,,,June to July,,,,"bush honeysuckle, tough native, yellow flowers, good fall color",,,,,,,,,,,,,,,,,,,,,,,,,,,
Fresh Kodiak Bush Honeysuckle,Diervilla x splendens SMNDSS (Kodiak Fresh),Diervilla,Y,Fiore,Native cultivar / congener (PROVISIONAL - genus-native tie; verify),Cultivar/selection within a regional-native genus (verify: native cultivar vs exotic congener),,,,shrub,,,,2,4,,,Full sun to part shade,Dry to medium,,3 to 7,TRUE,TRUE,,,,,,June to July,,,,"bush honeysuckle, tough native, yellow flowers, good fall color",,,,,,,,,,,,,,,,,,,,,,,,,,,
Shooting Star,Dodecatheon meadia,Dodecatheon,N,Fiore,Native / near-region (PROVISIONAL - genus-native tie; verify),Native or near-region species of a regional-native genus (verify species-level status),,,,flower,,,,1,1.5,,,Part shade to full shade,Medium,,,,,,,6,3,pink to white,April to May,,,,"spring ephemeral, shooting star",,perennial,,,,,,,,,,,,,,,,,,,,,,,,,
Japanese Shield Fern or Autumn Fern,Dryopteris erythrosora,Dryopteris,N,Fiore,Native / near-region (PROVISIONAL - genus-native tie; verify),Native or near-region species of a regional-native genus (verify species-level status),,,,fern,,,,1.5,2,,,Part shade to full shade,Medium,,,,,,,,,,,,,,"autumn fern, coppery new fronds, semi-evergreen",,,,,,,,,,,,,,,,,,,,,,,,,,,
Brilliance Autumn Fern,Dryopteris erythrosora Brilliance,Dryopteris,Y,Fiore,Native cultivar / congener (PROVISIONAL - genus-native tie; verify),Cultivar/selection within a regional-native genus (verify: native cultivar vs exotic congener),,,,fern,,,,1.5,2,,,Part shade to full shade,Medium,,,,,,,,,,,,,,"autumn fern, coppery new fronds, semi-evergreen",,,,,,,,,,,,,,,,,,,,,,,,,,,
Leatherwood Fern,Dryopteris marginalis,Dryopteris,N,Fiore,Native / near-region (PROVISIONAL - genus-native tie; verify),Native or near-region species of a regional-native genus (verify species-level status),,,,fern,,,,1,2,,,Part shade to full shade,Medium,,,,,,,10,3,,,,,,"marginal wood fern, evergreen, drought-tolerant once established",,perennial,,,,,,,,,,,,,,,,,,,,,,,,,
Artisan Soft Orange Coneflower,Echinacea Artisan Soft Orange,Echinacea,Y,Fiore,Native cultivar / congener (PROVISIONAL - genus-native tie; verify),Cultivar/selection within a regional-native genus (verify: native cultivar vs exotic congener),,,,,,,,2,4,,,Full sun,Dry to medium,,3 to 8,TRUE,,,,,,,June to August,,,,"coneflower, attracts butterflies and birds, drought-tolerant",,,,,,,,,,,,,,,,,,,,,,,,,,,
Sangrita Coneflower,Echinacea Balsomita Sombrero Sangrita,Echinacea,Y,Fiore,Native cultivar / congener (PROVISIONAL - genus-native tie; verify),Cultivar/selection within a regional-native genus (verify: native cultivar vs exotic congener),,,,,,,,2,4,,,Full sun,Dry to medium,,3 to 8,TRUE,,,,,,,June to August,,,,"coneflower, attracts butterflies and birds, drought-tolerant",,,,,,,,,,,,,,,,,,,,,,,,,,,
Butterfly Kisses Coneflower,Echinacea Butterfly Kisses,Echinacea,Y,Fiore,Native cultivar / congener (PROVISIONAL - genus-native tie; verify),Cultivar/selection within a regional-native genus (verify: native cultivar vs exotic congener),,,,,,,,2,4,,,Full sun,Dry to medium,,3 to 8,TRUE,,,,,,,June to August,,,,"coneflower, attracts butterflies and birds, drought-tolerant",,,,,,,,,,,,,,,,,,,,,,,,,,,
Pixie Meadowbrite Coneflower,Echinacea CBG Cone 2 (Pixie Meadowbrite),Echinacea,Y,Fiore,Native cultivar / congener (PROVISIONAL - genus-native tie; verify),Cultivar/selection within a regional-native genus (verify: native cultivar vs exotic congener),,,,,,,,2,4,,,Full sun,Dry to medium,,3 to 8,TRUE,,,,,,,June to August,,,,"coneflower, attracts butterflies and birds, drought-tolerant",,,,,,,,,,,,,,,,,,,,,,,,,,,
Cheyenne Spirit Coneflower,Echinacea Cheyenne Spirit,Echinacea,Y,Fiore,Native cultivar / congener (PROVISIONAL - genus-native tie; verify),Cultivar/selection within a regional-native genus (verify: native cultivar vs exotic congener),,,,,,,,2,4,,,Full sun,Dry to medium,,3 to 8,TRUE,,,,,,,June to August,,,,"coneflower, attracts butterflies and birds, drought-tolerant",,,,,,,,,,,,,,,,,,,,,,,,,,,
Cleopatra Coneflower,Echinacea Cleopatra,Echinacea,Y,Fiore,Native cultivar / congener (PROVISIONAL - genus-native tie; verify),Cultivar/selection within a regional-native genus (verify: native cultivar vs exotic congener),,,,,,,,2,4,,,Full sun,Dry to medium,,3 to 8,TRUE,,,,,,,June to August,,,,"coneflower, attracts butterflies and birds, drought-tolerant",,,,,,,,,,,,,,,,,,,,,,,,,,,
Hot Papaya Coneflower,Echinacea Hot Papaya,Echinacea,Y,Fiore,Native cultivar / congener (PROVISIONAL - genus-native tie; verify),Cultivar/selection within a regional-native genus (verify: native cultivar vs exotic congener),,,,,,,,2,4,,,Full sun,Dry to medium,,3 to 8,TRUE,,,,,,,June to August,,,,"coneflower, attracts butterflies and birds, drought-tolerant",,,,,,,,,,,,,,,,,,,,,,,,,,,
Lemon Drop Coneflower,Echinacea Lemon Drop,Echinacea,Y,Fiore,Native cultivar / congener (PROVISIONAL - genus-native tie; verify),Cultivar/selection within a regional-native genus (verify: native cultivar vs exotic congener),,,,,,,,2,4,,,Full sun,Dry to medium,,3 to 8,TRUE,,,,,,,June to August,,,,"coneflower, attracts butterflies and birds, drought-tolerant",,,,,,,,,,,,,,,,,,,,,,,,,,,
Sombrero Adobe Orange Coneflower,Echinacea Sombrero Adobe Orange (Balsomador),Echinacea,Y,Fiore,Native cultivar / congener (PROVISIONAL - genus-native tie; verify),Cultivar/selection within a regional-native genus (verify: native cultivar vs exotic congener),,,,,,,,2,4,,,Full sun,Dry to medium,,3 to 8,TRUE,,,,,,,June to August,,,,"coneflower, attracts butterflies and birds, drought-tolerant",,,,,,,,,,,,,,,,,,,,,,,,,,,
Fiesta Orange Coneflower,Echinacea Sombrero Fiesta Orange,Echinacea,Y,Fiore,Native cultivar / congener (PROVISIONAL - genus-native tie; verify),Cultivar/selection within a regional-native genus (verify: native cultivar vs exotic congener),,,,,,,,2,4,,,Full sun,Dry to medium,,3 to 8,TRUE,,,,,,,June to August,,,,"coneflower, attracts butterflies and birds, drought-tolerant",,,,,,,,,,,,,,,,,,,,,,,,,,,
Sombrero Flamenco Orange Coneflower,Echinacea Sombrero Flamenco Orange (Balsomenco),Echinacea,Y,Fiore,Native cultivar / congener (PROVISIONAL - genus-native tie; verify),Cultivar/selection within a regional-native genus (verify: native cultivar vs exotic congener),,,,,,,,2,4,,,Full sun,Dry to medium,,3 to 8,TRUE,,,,,,,June to August,,,,"coneflower, attracts butterflies and birds, drought-tolerant",,,,,,,,,,,,,,,,,,,,,,,,,,,
Sombrero Hot Coral Purple Coneflower,Echinacea Sombrero Hot Coral (Balsomcor),Echinacea,Y,Fiore,Native cultivar / congener (PROVISIONAL - genus-native tie; verify),Cultivar/selection within a regional-native genus (verify: native cultivar vs exotic congener),,,,,,,,2,4,,,Full sun,Dry to medium,,3 to 8,TRUE,,,,,,,June to August,,,,"coneflower, attracts butterflies and birds, drought-tolerant",,,,,,,,,,,,,,,,,,,,,,,,,,,
Sombrero Lemon Yellow Coneflower,Echinacea Sombrero Lemon Yellow (Balsomemyim),Echinacea,Y,Fiore,Native cultivar / congener (PROVISIONAL - genus-native tie; verify),Cultivar/selection within a regional-native genus (verify: native cultivar vs exotic congener),,,,,,,,2,4,,,Full sun,Dry to medium,,3 to 8,TRUE,,,,,,,June to August,,,,"coneflower, attracts butterflies and birds, drought-tolerant",,,,,,,,,,,,,,,,,,,,,,,,,,,
Sombrero Salsa Red Purple Coneflower,Echinacea Sombrero Salsa Red (Balsomsed),Echinacea,Y,Fiore,Native cultivar / congener (PROVISIONAL - genus-native tie; verify),Cultivar/selection within a regional-native genus (verify: native cultivar vs exotic congener),,,,,,,,2,4,,,Full sun,Dry to medium,,3 to 8,TRUE,,,,,,,June to August,,,,"coneflower, attracts butterflies and birds, drought-tolerant",,,,,,,,,,,,,,,,,,,,,,,,,,,
Tres Amigos Coneflower,Echinacea Sombrero Tres Amigos,Echinacea,Y,Fiore,Native cultivar / congener (PROVISIONAL - genus-native tie; verify),Cultivar/selection within a regional-native genus (verify: native cultivar vs exotic congener),,,,,,,,2,4,,,Full sun,Dry to medium,,3 to 8,TRUE,,,,,,,June to August,,,,"coneflower, attracts butterflies and birds, drought-tolerant",,,,,,,,,,,,,,,,,,,,,,,,,,,
Tangerine Dream Coneflower,Echinacea Tangerine Dream,Echinacea,Y,Fiore,Native cultivar / congener (PROVISIONAL - genus-native tie; verify),Cultivar/selection within a regional-native genus (verify: native cultivar vs exotic congener),,,,,,,,2,4,,,Full sun,Dry to medium,,3 to 8,TRUE,,,,,,,June to August,,,,"coneflower, attracts butterflies and birds, drought-tolerant",,,,,,,,,,,,,,,,,,,,,,,,,,,
Tomato Soup Coneflower,Echinacea Tomato Soup,Echinacea,Y,Fiore,Native cultivar / congener (PROVISIONAL - genus-native tie; verify),Cultivar/selection within a regional-native genus (verify: native cultivar vs exotic congener),,,,,,,,2,4,,,Full sun,Dry to medium,,3 to 8,TRUE,,,,,,,June to August,,,,"coneflower, attracts butterflies and birds, drought-tolerant",,,,,,,,,,,,,,,,,,,,,,,,,,,
Double Scoop Watermelon Deluxe Coneflower,Echinacea hybrida Double Scoop Watermelon Deluxe,Echinacea,Y,Fiore,Native cultivar / congener (PROVISIONAL - genus-native tie; verify),Cultivar/selection within a regional-native genus (verify: native cultivar vs exotic congener),,,,,,,,2,4,,,Full sun,Dry to medium,,3 to 8,TRUE,,,,,,,June to August,,,,"coneflower, attracts butterflies and birds, drought-tolerant",,,,,,,,,,,,,,,,,,,,,,,,,,,
Pale Coneflower,Echinacea pallida,Echinacea,N,Fiore,Native / near-region (PROVISIONAL - genus-native tie; verify),Native or near-region species of a regional-native genus (verify species-level status),,,,flower,,,fine,1.5,1.2,,,Full sun,average,"sand, loam, clay",3 to 8,TRUE,,Intolerant,,8,5,white,Early Summer,,,,showy flowers,,moderate growth; long-lived; perennial,,,,,,,,,,,,,,,,,,,,,,,,,
White Coneflower,Echinacea purpurea Alba,Echinacea,Y,Fiore,Native cultivar / congener (PROVISIONAL - genus-native tie; verify),Cultivar/selection within a regional-native genus (verify: native cultivar vs exotic congener),,,,flower,,,fine,2,5,1.5,2,Full sun to part shade,average,"sand, loam, clay",3 to 8,TRUE,TRUE,Intolerant,,3,5,,Early Summer,,,,showy flowers,,moderate growth; long-lived; perennial,,,,,,,,,,,,,,,,,,,,,,,,,
Kims Knee High Coneflower,Echinacea purpurea Kims Knee High,Echinacea,Y,Fiore,Native cultivar / congener (PROVISIONAL - genus-native tie; verify),Cultivar/selection within a regional-native genus (verify: native cultivar vs exotic congener),,,,flower,,,fine,2,5,1.5,2,Full sun to part shade,average,"sand, loam, clay",3 to 8,TRUE,TRUE,Intolerant,,3,5,,Early Summer,,,,showy flowers,,moderate growth; long-lived; perennial,,,,,,,,,,,,,,,,,,,,,,,,,
Magnus Coneflower,Echinacea purpurea Magnus,Echinacea,Y,Fiore,Native cultivar / congener (PROVISIONAL - genus-native tie; verify),Cultivar/selection within a regional-native genus (verify: native cultivar vs exotic congener),,,,flower,,,fine,2,5,1.5,2,Full sun to part shade,average,"sand, loam, clay",3 to 8,TRUE,TRUE,Intolerant,,3,5,,Early Summer,,,,showy flowers,,moderate growth; long-lived; perennial,,,,,,,,,,,,,,,,,,,,,,,,,
Pica Bella Coneflower,Echinacea purpurea Pica Bella,Echinacea,Y,Fiore,Native cultivar / congener (PROVISIONAL - genus-native tie; verify),Cultivar/selection within a regional-native genus (verify: native cultivar vs exotic congener),,,,flower,,,fine,2,5,1.5,2,Full sun to part shade,average,"sand, loam, clay",3 to 8,TRUE,TRUE,Intolerant,,3,5,,Early Summer,,,,showy flowers,,moderate growth; long-lived; perennial,,,,,,,,,,,,,,,,,,,,,,,,,
PowWow White Coneflower,Echinacea purpurea PowWow White,Echinacea,Y,Fiore,Native cultivar / congener (PROVISIONAL - genus-native tie; verify),Cultivar/selection within a regional-native genus (verify: native cultivar vs exotic congener),,,,flower,,,fine,2,5,1.5,2,Full sun to part shade,average,"sand, loam, clay",3 to 8,TRUE,TRUE,Intolerant,,3,5,,Early Summer,,,,showy flowers,,moderate growth; long-lived; perennial,,,,,,,,,,,,,,,,,,,,,,,,,
PowWow Wildberry Coneflower,Echinacea purpurea PowWow Wildberry (PAS702917),Echinacea,Y,Fiore,Native cultivar / congener (PROVISIONAL - genus-native tie; verify),Cultivar/selection within a regional-native genus (verify: native cultivar vs exotic congener),,,,flower,,,fine,2,5,1.5,2,Full sun to part shade,average,"sand, loam, clay",3 to 8,TRUE,TRUE,Intolerant,,3,5,,Early Summer,,,,showy flowers,,moderate growth; long-lived; perennial,,,,,,,,,,,,,,,,,,,,,,,,,
Prairie Splendor Purple Coneflower,Echinacea purpurea Prairie Splendor,Echinacea,Y,Fiore,Native cultivar / congener (PROVISIONAL - genus-native tie; verify),Cultivar/selection within a regional-native genus (verify: native cultivar vs exotic congener),,,,flower,,,fine,2,5,1.5,2,Full sun to part shade,average,"sand, loam, clay",3 to 8,TRUE,TRUE,Intolerant,,3,5,,Early Summer,,,,showy flowers,,moderate growth; long-lived; perennial,,,,,,,,,,,,,,,,,,,,,,,,,
Ruby Star Cone Flower,Echinacea purpurea Ruby Star,Echinacea,Y,Fiore,Native cultivar / congener (PROVISIONAL - genus-native tie; verify),Cultivar/selection within a regional-native genus (verify: native cultivar vs exotic congener),,,,flower,,,fine,2,5,1.5,2,Full sun to part shade,average,"sand, loam, clay",3 to 8,TRUE,TRUE,Intolerant,,3,5,,Early Summer,,,,showy flowers,,moderate growth; long-lived; perennial,,,,,,,,,,,,,,,,,,,,,,,,,
Virgin Coneflower,Echinacea purpurea Virgin,Echinacea,Y,Fiore,Native cultivar / congener (PROVISIONAL - genus-native tie; verify),Cultivar/selection within a regional-native genus (verify: native cultivar vs exotic congener),,,,flower,,,fine,2,5,1.5,2,Full sun to part shade,average,"sand, loam, clay",3 to 8,TRUE,TRUE,Intolerant,,3,5,,Early Summer,,,,showy flowers,,moderate growth; long-lived; perennial,,,,,,,,,,,,,,,,,,,,,,,,,
White Swan Coneflower,Echinacea purpurea White Swan,Echinacea,Y,Fiore,Native cultivar / congener (PROVISIONAL - genus-native tie; verify),Cultivar/selection within a regional-native genus (verify: native cultivar vs exotic congener),,,,flower,,,fine,2,5,1.5,2,Full sun to part shade,average,"sand, loam, clay",3 to 8,TRUE,TRUE,Intolerant,,3,5,,Early Summer,,,,showy flowers,,moderate growth; long-lived; perennial,,,,,,,,,,,,,,,,,,,,,,,,,
Tennessee Coneflower,Echinacea tennesseensis,Echinacea,N,Fiore,Native / near-region (PROVISIONAL - genus-native tie; verify),Native or near-region species of a regional-native genus (verify species-level status),,,,flower,,,,1.5,2,,,Full sun,Dry to medium,,3 to 8,TRUE,,,,,,pink to magenta,June to August,,,,"Tennessee coneflower, upswept petals, attracts butterflies",,perennial,,,,,,,,,,,,,,,,,,,,,,,,,
Canada Wild Rye,Elymus canadensis,Elymus,N,Fiore,Native / near-region (PROVISIONAL - genus-native tie; verify),Native or near-region species of a regional-native genus (verify species-level status),,,,grass,,,coarse,3,3.0,,,Full sun to part shade,average,"sand, loam, clay",,,,Tolerant,,4,1,yellow,Late Spring,,,,"nodding seed heads, self-seeding prairie grass",,rapid growth; short-lived; perennial,,,,,,,,,,,,,,,,,,,,,,,,,
Bottlebrush Grass,Elymus hystrix,Elymus,N,Fiore,Native / near-region (PROVISIONAL - genus-native tie; verify),Native or near-region species of a regional-native genus (verify species-level status),,,,grass,,,,2.5,4.5,,,Part shade to full shade,Medium,,,,,,,,,,,,,,"bottlebrush seed heads, woodland native grass",,perennial,,,,,,,,,,,,,,,,,,,,,,,,,
Purple Love Grass,Eragrostis spectabilis,Eragrostis,N,Fiore,Native / near-region (PROVISIONAL - genus-native tie; verify),Native or near-region species of a regional-native genus (verify species-level status),,,,grass,,,,1,1.5,,,Full sun,Dry to medium,,,TRUE,,,,3,5,,August to September,,,,"purple love grass, airy purple-pink haze in fall",,,,,,,,,,,,,,,,,,,,,,,,,,,
Big Blue Sea Holly,Eryngium Big Blue,Eryngium,Y,Fiore,Native cultivar / congener (PROVISIONAL - genus-native tie; verify),Cultivar/selection within a regional-native genus (verify: native cultivar vs exotic congener),,,,,,,,1.5,3,,,Full sun,Dry to medium,,4 to 9,TRUE,,,,,,,July to September,,,,"sea holly, architectural thistle-like form, attracts bees",,,,,,,,,,,,,,,,,,,,,,,,,,,
Prairie Moon Rattlesnake Master,Eryngium yuccifolium Prairie Moon,Eryngium,Y,Fiore,Native cultivar / congener (PROVISIONAL - genus-native tie; verify),Cultivar/selection within a regional-native genus (verify: native cultivar vs exotic congener),,,,flower,,,,3,5,,,Full sun,Dry to medium,,4 to 9,TRUE,,,,9,-1,,July to August,,,,"rattlesnake master, native prairie, architectural",,perennial,,,,,,,,,,,,,,,,,,,,,,,,,
Manhattan Spreading Euonymus,Euonymus kiautschovica Manhattan,Euonymus,Y,Fiore,Native cultivar / congener (PROVISIONAL - genus-native tie; verify),Cultivar/selection within a regional-native genus (verify: native cultivar vs exotic congener),,,,shrub,,,,,,,,Full sun to part shade,Medium,,,,,,,,,,,,,,"euonymus, evergreen groundcover or shrub, fall color",,,,,,,,,,,,,,,,,,,,,,,,,,,
Baby Joe Joe-Pye Weed,Eupatorium dubium Baby Joe,Eupatorium,Y,Fiore,Native cultivar / congener (PROVISIONAL - genus-native tie; verify),Cultivar/selection within a regional-native genus (verify: native cultivar vs exotic congener),,,,,,,,3,5,,,Full sun to part shade,Medium to wet,,,,,,,,,,July to September,,,,attracts butterflies,,,,,,,,,,,,,,,,,,,,,,,,,,,
Little Joe Joe-Pye Weed,Eupatorium dubium Little Joe,Eupatorium,Y,Fiore,Native cultivar / congener (PROVISIONAL - genus-native tie; verify),Cultivar/selection within a regional-native genus (verify: native cultivar vs exotic congener),,,,,,,,3,5,,,Full sun to part shade,Medium to wet,,,,,,,,,,July to September,,,,attracts butterflies,,,,,,,,,,,,,,,,,,,,,,,,,,,
Spotted Joe Pye Weed,Eupatorium maculatum,Eupatorium,N,Fiore,Native / near-region (PROVISIONAL - genus-native tie; verify),Native or near-region species of a regional-native genus (verify species-level status),,,,,,,coarse,4,6.0,,,Full sun to part shade,moist,"loam, clay",,,,Intermediate,,4,-5,purple,Summer,,,,showy flowers,,rapid growth; moderate-lived,,,,,,,,,,,,,,,,,,,,,,,,,
Gateway Spotted Joe Pye Weed,Eupatorium maculatum Gateway,Eupatorium,Y,Fiore,Native cultivar / congener (PROVISIONAL - genus-native tie; verify),Cultivar/selection within a regional-native genus (verify: native cultivar vs exotic congener),,,,,,,coarse,4,7,,,Full sun to part shade,moist,"loam, clay",,,,Intermediate,,4,-5,,Summer,,,,showy flowers,,rapid growth; moderate-lived,,,,,,,,,,,,,,,,,,,,,,,,,
Phantom Joe Pye Weed,Eupatorium maculatum Phantom,Eupatorium,Y,Fiore,Native cultivar / congener (PROVISIONAL - genus-native tie; verify),Cultivar/selection within a regional-native genus (verify: native cultivar vs exotic congener),,,,,,,coarse,4,7,,,Full sun to part shade,moist,"loam, clay",,,,Intermediate,,4,-5,,Summer,,,,showy flowers,,rapid growth; moderate-lived,,,,,,,,,,,,,,,,,,,,,,,,,
Common Boneset,Eupatorium perfoliatum,Eupatorium,N,Fiore,Native / near-region (PROVISIONAL - genus-native tie; verify),Native or near-region species of a regional-native genus (verify species-level status),,,,,,,,,,,,Full sun to part shade,Medium to wet,,,,,,,4,-4,white,August to September,,,,"boneset, rain garden, attracts butterflies and native bees",,,,,,,,,,,,,,,,,,,,,,,,,,,
Ascot Rainbow Euphorbia,Euphorbia Ascot Rainbow,Euphorbia,Y,Fiore,Native cultivar / congener (PROVISIONAL - genus-native tie; verify),Cultivar/selection within a regional-native genus (verify: native cultivar vs exotic congener),,,,,,,,1,2,,,Full sun,Dry to medium,,4 to 9,TRUE,,,,,,,April to June,,,,"spurge, long-blooming, drought-tolerant",,,,,,,,,,,,,,,,,,,,,,,,,,,
Flowering Spurge,Euphorbia corollata,Euphorbia,N,Fiore,Native / near-region (PROVISIONAL - genus-native tie; verify),Native or near-region species of a regional-native genus (verify species-level status),,,,,,,,1.5,3,,,Full sun,Dry to medium,,4 to 9,TRUE,,,,2,5,white,June to September,,,,"flowering spurge, airy white flowers, prairie native",,,,,,,,,,,,,,,,,,,,,,,,,,,
Woodland Aster (formerly Aster divaricatus),Eurybia divaricata,Eurybia,N,Fiore,Native / near-region (PROVISIONAL - genus-native tie; verify),Native or near-region species of a regional-native genus (verify species-level status),,,,flower,,,,,,,,Part shade to full shade,Dry to medium,,,,,,,,,white,August to October,,,,"white wood aster, shade-tolerant, spreads to form colonies",,perennial,,,,,,,,,,,,,,,,,,,,,,,,,
Big Leaved Aster,Eurybia macrophylla,Eurybia,N,Fiore,Native / near-region (PROVISIONAL - genus-native tie; verify),Native or near-region species of a regional-native genus (verify species-level status),,,,flower,,,coarse,,4.6,,,Part shade,average,"loam, clay",,,,Tolerant,,,,purple,Late Summer,,,,"showy flowers, fall color",,moderate growth; long-lived; perennial,,,,,,,,,,,,,,,,,,,,,,,,,
Queen-of-the-Prairie,Filipendula rubra,Filipendula,N,Fiore,Native / near-region (PROVISIONAL - genus-native tie; verify),Native or near-region species of a regional-native genus (verify species-level status),,,,flower,,,,6,8,,,Full sun to part shade,Medium to wet,,,,,,,10,-5,pink,June to July,,,,fragrant,,perennial,,,,,,,,,,,,,,,,,,,,,,,,,
Dwarf Fothergilla,Fothergilla gardenii,Fothergilla,N,Fiore,Native / near-region (PROVISIONAL - genus-native tie; verify),Native or near-region species of a regional-native genus (verify species-level status),,,,shrub,,,,2,3,2,3,Full sun to part shade,Medium,,,,TRUE,,,,,white,April to May,,,,"fragrant spring flowers, brilliant fall color",,perennial,,,,,,,,,,,,,,,,,,,,,,,,,
Blue Shadow Dwarf Fothergilla,Fothergilla gardenii Blue Shadow,Fothergilla,Y,Fiore,Native cultivar / congener (PROVISIONAL - genus-native tie; verify),Cultivar/selection within a regional-native genus (verify: native cultivar vs exotic congener),,,,shrub,,,,2,3,2,3,Full sun to part shade,Medium,,,,TRUE,,,,,,April to May,,,,"fragrant spring flowers, brilliant fall color",,perennial,,,,,,,,,,,,,,,,,,,,,,,,,
Mt. Airy Dwarf Fothergilla,Fothergilla gardenii Mt. Airy,Fothergilla,Y,Fiore,Native cultivar / congener (PROVISIONAL - genus-native tie; verify),Cultivar/selection within a regional-native genus (verify: native cultivar vs exotic congener),,,,shrub,,,,2,3,2,3,Full sun to part shade,Medium,,,,TRUE,,,,,,April to May,,,,"fragrant spring flowers, brilliant fall color",,perennial,,,,,,,,,,,,,,,,,,,,,,,,,
Lipstick Hybrid Strawberry,Fragaria Lipstick,Fragaria,Y,Fiore,Native cultivar / congener (PROVISIONAL - genus-native tie; verify),Cultivar/selection within a regional-native genus (verify: native cultivar vs exotic congener),,,,,,,,,,,,Full sun to part shade,Medium,,,,,,,,,,,,,,"strawberry, edible or ornamental, ground cover",,,,,,,,,,,,,,,,,,,,,,,,,,,
Virginia Strawberry,Fragaria virginiana,Fragaria,N,Fiore,Native / near-region (PROVISIONAL - genus-native tie; verify),Native or near-region species of a regional-native genus (verify species-level status),,,,flower,,,,0.25,0.5,,,Full sun to part shade,Medium,,,,,,,1,1,white,April to June,,,,"wild strawberry, edible fruit, spreads by runners, ground cover",,perennial,,,,,,,,,,,,,,,,,,,,,,,,,
Arizona Red Shades Blanket Flower,Gaillardia aristata Arizona Red Shades,Gaillardia,Y,Fiore,Native cultivar / congener (PROVISIONAL - genus-native tie; verify),Cultivar/selection within a regional-native genus (verify: native cultivar vs exotic congener),,,,flower,,,coarse,1.5,3,,,Full sun,average,"sand, loam",3 to 8,TRUE,TRUE,Intolerant,,,,,Spring,,,,showy flowers,,moderate growth; moderate-lived; perennial,,,,,,,,,,,,,,,,,,,,,,,,,
Arizona Sun Blanket Flower,Gaillardia aristata Arizona Sun,Gaillardia,Y,Fiore,Native cultivar / congener (PROVISIONAL - genus-native tie; verify),Cultivar/selection within a regional-native genus (verify: native cultivar vs exotic congener),,,,flower,,,coarse,1.5,3,,,Full sun,average,"sand, loam",3 to 8,TRUE,TRUE,Intolerant,,,,,Spring,,,,showy flowers,,moderate growth; moderate-lived; perennial,,,,,,,,,,,,,,,,,,,,,,,,,
True Blue Geniana,Gentiana True Blue,Gentiana,Y,Fiore,Native cultivar / congener (PROVISIONAL - genus-native tie; verify),Cultivar/selection within a regional-native genus (verify: native cultivar vs exotic congener),,,,,,,,,,,,Part shade,Medium,,,,,,,,,,,,,,"gentian, brilliant blue flowers",,,,,,,,,,,,,,,,,,,,,,,,,,,
Bottle Gentian,Gentiana andrewsii,Gentiana,N,Fiore,Native / near-region (PROVISIONAL - genus-native tie; verify),Native or near-region species of a regional-native genus (verify species-level status),,,,flower,,,,1,2,,,Part shade,Medium,,,,,,,8,-3,blue,August to October,,,,"bottle-shaped closed flowers, bumblebee pollinated",,perennial,,,,,,,,,,,,,,,,,,,,,,,,,
Johnsons Blue Geranium,Geranium Johnsons Blue,Geranium,Y,Fiore,Native cultivar / congener (PROVISIONAL - genus-native tie; verify),Cultivar/selection within a regional-native genus (verify: native cultivar vs exotic congener),,,,,,,,1,2,,,Full sun to part shade,Medium,,3 to 9,,,,,,,,May to July,,,,"cranesbill geranium, long blooming, deer resistant",,,,,,,,,,,,,,,,,,,,,,,,,,,
Rozanne Geranium,Geranium Rozanne (Gerwat),Geranium,Y,Fiore,Native cultivar / congener (PROVISIONAL - genus-native tie; verify),Cultivar/selection within a regional-native genus (verify: native cultivar vs exotic congener),,,,,,,,1,2,,,Full sun to part shade,Medium,,3 to 9,,,,,,,,May to July,,,,"cranesbill geranium, long blooming, deer resistant",,,,,,,,,,,,,,,,,,,,,,,,,,,
Biokovo Geranium,Geranium cantabrigiense Biokovo,Geranium,Y,Fiore,Native cultivar / congener (PROVISIONAL - genus-native tie; verify),Cultivar/selection within a regional-native genus (verify: native cultivar vs exotic congener),,,,,,,,1,2,,,Full sun to part shade,Medium,,3 to 9,,,,,,,,May to July,,,,"cranesbill geranium, long blooming, deer resistant",,,,,,,,,,,,,,,,,,,,,,,,,,,
Karmina Geranium,Geranium cantabrigiense Karmina,Geranium,Y,Fiore,Native cultivar / congener (PROVISIONAL - genus-native tie; verify),Cultivar/selection within a regional-native genus (verify: native cultivar vs exotic congener),,,,,,,,1,2,,,Full sun to part shade,Medium,,3 to 9,,,,,,,,May to July,,,,"cranesbill geranium, long blooming, deer resistant",,,,,,,,,,,,,,,,,,,,,,,,,,,
Ballerina Grayleaf Cranesbill,Geranium cinereum Ballerina,Geranium,Y,Fiore,Native cultivar / congener (PROVISIONAL - genus-native tie; verify),Cultivar/selection within a regional-native genus (verify: native cultivar vs exotic congener),,,,,,,,1,2,,,Full sun to part shade,Medium,,3 to 9,,,,,,,,May to July,,,,"cranesbill geranium, long blooming, deer resistant",,,,,,,,,,,,,,,,,,,,,,,,,,,
Bevans Bigroot Geranium,Geranium macrorrhizum Bevans Variety,Geranium,Y,Fiore,Native cultivar / congener (PROVISIONAL - genus-native tie; verify),Cultivar/selection within a regional-native genus (verify: native cultivar vs exotic congener),,,,,,,,1,2,,,Full sun to part shade,Medium,,3 to 9,,,,,,,,May to July,,,,"cranesbill geranium, long blooming, deer resistant",,,,,,,,,,,,,,,,,,,,,,,,,,,
Espresso Wild Geranium,Geranium maculatum Espresso,Geranium,Y,Fiore,Native cultivar / congener (PROVISIONAL - genus-native tie; verify),Cultivar/selection within a regional-native genus (verify: native cultivar vs exotic congener),,,,flower,,,,1.5,2,1,1.5,Full sun to part shade,Medium,,3 to 8,,,,,4,5,,April to May,,,,"cranesbill geranium, long blooming, deer resistant",,perennial,,,,,,,,,,,,,,,,,,,,,,,,,
Huggy Bear Geranium,Geranium maculatum Huggy Bear,Geranium,Y,Fiore,Native cultivar / congener (PROVISIONAL - genus-native tie; verify),Cultivar/selection within a regional-native genus (verify: native cultivar vs exotic congener),,,,flower,,,,1.5,2,1,1.5,Full sun to part shade,Medium,,3 to 8,,,,,4,5,,April to May,,,,"cranesbill geranium, long blooming, deer resistant",,perennial,,,,,,,,,,,,,,,,,,,,,,,,,
Boom Chocolatta Geranium,Geranium pratense Boom Chocolatta,Geranium,Y,Fiore,Native cultivar / congener (PROVISIONAL - genus-native tie; verify),Cultivar/selection within a regional-native genus (verify: native cultivar vs exotic congener),,,,flower,,,,1,2,,,Full sun to part shade,Medium,,3 to 9,,,,,,,,May to July,,,,"cranesbill geranium, long blooming, deer resistant",,perennial,,,,,,,,,,,,,,,,,,,,,,,,,
Brookside Geranium,Geranium pratense Brookside,Geranium,Y,Fiore,Native cultivar / congener (PROVISIONAL - genus-native tie; verify),Cultivar/selection within a regional-native genus (verify: native cultivar vs exotic congener),,,,flower,,,,1,2,,,Full sun to part shade,Medium,,3 to 9,,,,,,,,May to July,,,,"cranesbill geranium, long blooming, deer resistant",,perennial,,,,,,,,,,,,,,,,,,,,,,,,,
White Bloody Cranesbill,Geranium sanguineum Album,Geranium,Y,Fiore,Native cultivar / congener (PROVISIONAL - genus-native tie; verify),Cultivar/selection within a regional-native genus (verify: native cultivar vs exotic congener),,,,flower,,,,1,2,,,Full sun to part shade,Medium,,3 to 9,,,,,,,,May to July,,,,"cranesbill geranium, long blooming, deer resistant",,perennial,,,,,,,,,,,,,,,,,,,,,,,,,
Max Frei Bloody Bloody Geranium,Geranium sanguineum Max Frei,Geranium,Y,Fiore,Native cultivar / congener (PROVISIONAL - genus-native tie; verify),Cultivar/selection within a regional-native genus (verify: native cultivar vs exotic congener),,,,flower,,,,1,2,,,Full sun to part shade,Medium,,3 to 9,,,,,,,,May to July,,,,"cranesbill geranium, long blooming, deer resistant",,perennial,,,,,,,,,,,,,,,,,,,,,,,,,
Prostrate Bloody Cranesbill,Geranium sanguineum var. striatum,Geranium,Y,Fiore,Native cultivar / congener (PROVISIONAL - genus-native tie; verify),Cultivar/selection within a regional-native genus (verify: native cultivar vs exotic congener),,,,flower,,,,1,2,,,Full sun to part shade,Medium,,3 to 9,,,,,,,,May to July,,,,"cranesbill geranium, long blooming, deer resistant",,perennial,,,,,,,,,,,,,,,,,,,,,,,,,
Alabama Slammer Avens,Geum Alabama Slammer,Geum,Y,Fiore,Native cultivar / congener (PROVISIONAL - genus-native tie; verify),Cultivar/selection within a regional-native genus (verify: native cultivar vs exotic congener),,,,,,,,1,2,,,Full sun to part shade,Medium,,5 to 9,,,,,,,,May to July,,,,"avens, long-blooming, cottage garden",,,,,,,,,,,,,,,,,,,,,,,,,,,
Mai Tai Avens,Geum Mai Tai,Geum,Y,Fiore,Native cultivar / congener (PROVISIONAL - genus-native tie; verify),Cultivar/selection within a regional-native genus (verify: native cultivar vs exotic congener),,,,,,,,1,2,,,Full sun to part shade,Medium,,5 to 9,,,,,,,,May to July,,,,"avens, long-blooming, cottage garden",,,,,,,,,,,,,,,,,,,,,,,,,,,
Sangria Avens,Geum Sangria,Geum,Y,Fiore,Native cultivar / congener (PROVISIONAL - genus-native tie; verify),Cultivar/selection within a regional-native genus (verify: native cultivar vs exotic congener),,,,,,,,1,2,,,Full sun to part shade,Medium,,5 to 9,,,,,,,,May to July,,,,"avens, long-blooming, cottage garden",,,,,,,,,,,,,,,,,,,,,,,,,,,
Sea Breeze Avens,Geum Sea Breeze,Geum,Y,Fiore,Native cultivar / congener (PROVISIONAL - genus-native tie; verify),Cultivar/selection within a regional-native genus (verify: native cultivar vs exotic congener),,,,,,,,1,2,,,Full sun to part shade,Medium,,5 to 9,,,,,,,,May to July,,,,"avens, long-blooming, cottage garden",,,,,,,,,,,,,,,,,,,,,,,,,,,
Totally Tangerine Avens,Geum Totally Tangerine,Geum,Y,Fiore,Native cultivar / congener (PROVISIONAL - genus-native tie; verify),Cultivar/selection within a regional-native genus (verify: native cultivar vs exotic congener),,,,,,,,1,2,,,Full sun to part shade,Medium,,5 to 9,,,,,,,,May to July,,,,"avens, long-blooming, cottage garden",,,,,,,,,,,,,,,,,,,,,,,,,,,
Prairie Smoke,Geum triflorum,Geum,N,Fiore,Native / near-region (PROVISIONAL - genus-native tie; verify),Native or near-region species of a regional-native genus (verify species-level status),,,,flower,,,medium,1,1.5,,,Full sun,average,loam,5 to 9,TRUE,,Intermediate,,10,5,purple,Late Summer,,,,showy flowers,,moderate growth; short-lived; perennial,,,,,,,,,,,,,,,,,,,,,,,,,
Champagne Geum,Geum x Champagne,Geum,N,Fiore,Native / near-region (PROVISIONAL - genus-native tie; verify),Native or near-region species of a regional-native genus (verify species-level status),,,,,,,,1,2,,,Full sun to part shade,Medium,,5 to 9,,,,,,,cream to peach,May to July,,,,"long-blooming cottage perennial, airy nodding flowers",,,,,,,,,,,,,,,,,,,,,,,,,,,
Citronge Geum,Geum x Citronge PP#28893,Geum,Y,Fiore,Native cultivar / congener (PROVISIONAL - genus-native tie; verify),Cultivar/selection within a regional-native genus (verify: native cultivar vs exotic congener),,,,,,,,1,2,,,Full sun to part shade,Medium,,5 to 9,,,,,,,,May to July,,,,"avens, long-blooming, cottage garden",,,,,,,,,,,,,,,,,,,,,,,,,,,
Arnolds Promise Hybrid Witchhazel,Hamamelis intermedia Arnolds Promise,Hamamelis,Y,Fiore,Native cultivar / congener (PROVISIONAL - genus-native tie; verify),Cultivar/selection within a regional-native genus (verify: native cultivar vs exotic congener),,,,shrub,,,,,,,,Full sun to part shade,Medium,,,,,,,,,,February to March,,,,"hybrid witch hazel, fragrant late-winter flowers, fall color",,,,,,,,,,,,,,,,,,,,,,,,,,,
Diane Hybrid Witchhazel,Hamamelis intermedia Diane,Hamamelis,Y,Fiore,Native cultivar / congener (PROVISIONAL - genus-native tie; verify),Cultivar/selection within a regional-native genus (verify: native cultivar vs exotic congener),,,,shrub,,,,,,,,Full sun to part shade,Medium,,,,,,,,,,February to March,,,,"hybrid witch hazel, fragrant late-winter flowers, fall color",,,,,,,,,,,,,,,,,,,,,,,,,,,
Jelena Hybrid Witchhazel,Hamamelis intermedia Jelena,Hamamelis,Y,Fiore,Native cultivar / congener (PROVISIONAL - genus-native tie; verify),Cultivar/selection within a regional-native genus (verify: native cultivar vs exotic congener),,,,shrub,,,,,,,,Full sun to part shade,Medium,,,,,,,,,,February to March,,,,"hybrid witch hazel, fragrant late-winter flowers, fall color",,,,,,,,,,,,,,,,,,,,,,,,,,,
Vernal Witchhazel,Hamamelis vernalis,Hamamelis,N,Fiore,Native / near-region (PROVISIONAL - genus-native tie; verify),Native or near-region species of a regional-native genus (verify species-level status),,,,shrub,,,,,,,,Full sun to part shade,Medium,,,,,,,,,yellow,February to March,,,,"fragrant late-winter flowers, brilliant fall color",,perennial,,,,,,,,,,,,,,,,,,,,,,,,,
Common Witchhazel,Hamamelis virginiana,Hamamelis,N,Fiore,Native / near-region (PROVISIONAL - genus-native tie; verify),Native or near-region species of a regional-native genus (verify species-level status),,,,shrub,,,coarse,,20,,,Full sun to part shade,average,"loam, clay",,,,Intermediate,,8,3,yellow,Fall,,,,"showy flowers, showy fruit",,slow growth; long-lived; perennial,,,,,,,,,,,,,,,,,,,,,,,,,
Little Prospect Common Witchhazel,Hamamelis virginiana Little Prospect,Hamamelis,Y,Fiore,Native cultivar / congener (PROVISIONAL - genus-native tie; verify),Cultivar/selection within a regional-native genus (verify: native cultivar vs exotic congener),,,,shrub,,,coarse,,,,,Full sun to part shade,average,"loam, clay",,,,Intermediate,,8,3,,Fall,,,,"showy flowers, showy fruit",,slow growth; long-lived; perennial,,,,,,,,,,,,,,,,,,,,,,,,,
Mardi Gras Sneezeweed,Helenium Mardi Gras,Helenium,Y,Fiore,Native cultivar / congener (PROVISIONAL - genus-native tie; verify),Cultivar/selection within a regional-native genus (verify: native cultivar vs exotic congener),,,,,,,,,,,,Full sun,Medium to wet,,3 to 8,,,,,,,,August to October,,,,"sneezeweed, fall color, rain garden",,,,,,,,,,,,,,,,,,,,,,,,,,,
Siesta Sneezeweed,Helenium a. Siesta (Mariachi),Helenium,Y,Fiore,Native cultivar / congener (PROVISIONAL - genus-native tie; verify),Cultivar/selection within a regional-native genus (verify: native cultivar vs exotic congener),,,,,,,,3,5,,,Full sun,Medium to wet,,3 to 8,,,,,,,,August to October,,,,attracts butterflies,,,,,,,,,,,,,,,,,,,,,,,,,,,
Tiny Dancer helenium,Helenium flexusom Tiny Dancer,Helenium,Y,Fiore,Native cultivar / congener (PROVISIONAL - genus-native tie; verify),Cultivar/selection within a regional-native genus (verify: native cultivar vs exotic congener),,,,,,,,,,,,Full sun,Medium to wet,,3 to 8,,,,,,,,August to October,,,,"sneezeweed, fall color, rain garden",,,,,,,,,,,,,,,,,,,,,,,,,,,
Western Sunflower,Helianthus occidentalis,Helianthus,N,Fiore,Native / near-region (PROVISIONAL - genus-native tie; verify),Native or near-region species of a regional-native genus (verify species-level status),,,,flower,,,,2,5,,,Full sun,Dry to medium,,,TRUE,,,,10,4,yellow,July to September,,,,"western sunflower, attracts pollinators and birds",,perennial,,,,,,,,,,,,,,,,,,,,,,,,,
Bit of Honey False Sunflower,Heliopsis helianthoides Bit of Honey,Heliopsis,Y,Fiore,Native cultivar / congener (PROVISIONAL - genus-native tie; verify),Cultivar/selection within a regional-native genus (verify: native cultivar vs exotic congener),,,,,,,,3,4,,,Full sun,Dry to medium,,,TRUE,,,,5,5,,June to September,,,,attracts butterflies,,,,,,,,,,,,,,,,,,,,,,,,,,,
Fire Twister Sunflower Heliopsis,Heliopsis helianthoides Fire Twister,Heliopsis,Y,Fiore,Native cultivar / congener (PROVISIONAL - genus-native tie; verify),Cultivar/selection within a regional-native genus (verify: native cultivar vs exotic congener),,,,,,,,3,4,,,Full sun,Dry to medium,,,TRUE,,,,5,5,,June to September,,,,attracts butterflies,,,,,,,,,,,,,,,,,,,,,,,,,,,
Summer Eclipse Sunflower Heliopsis,Heliopsis helianthoides Summer Eclipse,Heliopsis,Y,Fiore,Native cultivar / congener (PROVISIONAL - genus-native tie; verify),Cultivar/selection within a regional-native genus (verify: native cultivar vs exotic congener),,,,,,,,3,4,,,Full sun,Dry to medium,,,TRUE,,,,5,5,,June to September,,,,attracts butterflies,,,,,,,,,,,,,,,,,,,,,,,,,,,
Summer Nights Sunflower Heliopsis,Heliopsis helianthoides Summer Nights,Heliopsis,Y,Fiore,Native cultivar / congener (PROVISIONAL - genus-native tie; verify),Cultivar/selection within a regional-native genus (verify: native cultivar vs exotic congener),,,,,,,,3,4,,,Full sun,Dry to medium,,,TRUE,,,,5,5,,June to September,,,,attracts butterflies,,,,,,,,,,,,,,,,,,,,,,,,,,,
Sunstruck False Sunflower,Heliopsis helianthoides Sunstruck,Heliopsis,Y,Fiore,Native cultivar / congener (PROVISIONAL - genus-native tie; verify),Cultivar/selection within a regional-native genus (verify: native cultivar vs exotic congener),,,,,,,,3,4,,,Full sun,Dry to medium,,,TRUE,,,,5,5,,June to September,,,,attracts butterflies,,,,,,,,,,,,,,,,,,,,,,,,,,,
Burning Hearts False Sunflower,Heliopsis helianthoides var. scabra Burning Hearts,Heliopsis,Y,Fiore,Native cultivar / congener (PROVISIONAL - genus-native tie; verify),Cultivar/selection within a regional-native genus (verify: native cultivar vs exotic congener),,,,,,,,3,4,,,Full sun,Dry to medium,,,TRUE,,,,5,5,,June to September,,,,attracts butterflies,,,,,,,,,,,,,,,,,,,,,,,,,,,
Sharp-Lobed Liverleaf,Hepatica nobilis Schreb. var. acuta,Hepatica,Y,Fiore,Native cultivar / congener (PROVISIONAL - genus-native tie; verify),Cultivar/selection within a regional-native genus (verify: native cultivar vs exotic congener),,,,flower,,,,,,,,Part shade to full shade,Medium,,,,,,,,,,,,,,"hepatica, early spring wildflower, liver-shaped leaves",,perennial,,,,,,,,,,,,,,,,,,,,,,,,,
Berry Smoothie Coral Bells,Heuchera Berry Smoothie,Heuchera,Y,Fiore,Native cultivar / congener (PROVISIONAL - genus-native tie; verify),Cultivar/selection within a regional-native genus (verify: native cultivar vs exotic congener),,,,,,,,0.75,1.5,,,Full sun to part shade,Medium,,3 to 9,,,,,,,,May to July,,,,"coral bells, colorful foliage, attracts hummingbirds",,,,,,,,,,,,,,,,,,,,,,,,,,,
Blackout Coral Bells,Heuchera Blackout,Heuchera,Y,Fiore,Native cultivar / congener (PROVISIONAL - genus-native tie; verify),Cultivar/selection within a regional-native genus (verify: native cultivar vs exotic congener),,,,,,,,0.75,1.5,,,Full sun to part shade,Medium,,3 to 9,,,,,,,,May to July,,,,"coral bells, colorful foliage, attracts hummingbirds",,,,,,,,,,,,,,,,,,,,,,,,,,,
Changeling Coral Bells,Heuchera Changeling,Heuchera,Y,Fiore,Native cultivar / congener (PROVISIONAL - genus-native tie; verify),Cultivar/selection within a regional-native genus (verify: native cultivar vs exotic congener),,,,,,,,0.75,1.5,,,Full sun to part shade,Medium,,3 to 9,,,,,,,,May to July,,,,"coral bells, colorful foliage, attracts hummingbirds",,,,,,,,,,,,,,,,,,,,,,,,,,,
Citronelle Coral Bells,Heuchera Citronelle,Heuchera,Y,Fiore,Native cultivar / congener (PROVISIONAL - genus-native tie; verify),Cultivar/selection within a regional-native genus (verify: native cultivar vs exotic congener),,,,,,,,0.75,1.5,,,Full sun to part shade,Medium,,3 to 9,,,,,,,,May to July,,,,"coral bells, colorful foliage, attracts hummingbirds",,,,,,,,,,,,,,,,,,,,,,,,,,,
Cherry Truffles Coralbells,Heuchera Dolce Cherry Truffles,Heuchera,Y,Fiore,Native cultivar / congener (PROVISIONAL - genus-native tie; verify),Cultivar/selection within a regional-native genus (verify: native cultivar vs exotic congener),,,,,,,,0.75,1.5,,,Full sun to part shade,Medium,,3 to 9,,,,,,,,May to July,,,,"coral bells, colorful foliage, attracts hummingbirds",,,,,,,,,,,,,,,,,,,,,,,,,,,
Wildberry Heuchera,Heuchera Dolce Wildberry,Heuchera,Y,Fiore,Native cultivar / congener (PROVISIONAL - genus-native tie; verify),Cultivar/selection within a regional-native genus (verify: native cultivar vs exotic congener),,,,,,,,0.75,1.5,,,Full sun to part shade,Medium,,3 to 9,,,,,,,,May to July,,,,"coral bells, colorful foliage, attracts hummingbirds",,,,,,,,,,,,,,,,,,,,,,,,,,,
Electric Plum Coral Bell,Heuchera Electric Plum,Heuchera,Y,Fiore,Native cultivar / congener (PROVISIONAL - genus-native tie; verify),Cultivar/selection within a regional-native genus (verify: native cultivar vs exotic congener),,,,,,,,0.75,1.5,,,Full sun to part shade,Medium,,3 to 9,,,,,,,,May to July,,,,"coral bells, colorful foliage, attracts hummingbirds",,,,,,,,,,,,,,,,,,,,,,,,,,,
Fire Alarm Coral Bells,Heuchera Fire Alarm,Heuchera,Y,Fiore,Native cultivar / congener (PROVISIONAL - genus-native tie; verify),Cultivar/selection within a regional-native genus (verify: native cultivar vs exotic congener),,,,,,,,0.75,1.5,,,Full sun to part shade,Medium,,3 to 9,,,,,,,,May to July,,,,"coral bells, colorful foliage, attracts hummingbirds",,,,,,,,,,,,,,,,,,,,,,,,,,,
Forever Red Coral Bells,Heuchera Forever Red,Heuchera,Y,Fiore,Native cultivar / congener (PROVISIONAL - genus-native tie; verify),Cultivar/selection within a regional-native genus (verify: native cultivar vs exotic congener),,,,,,,,0.75,1.5,,,Full sun to part shade,Medium,,3 to 9,,,,,,,,May to July,,,,"coral bells, colorful foliage, attracts hummingbirds",,,,,,,,,,,,,,,,,,,,,,,,,,,
Georgia Peach Coral Bells,Heuchera Georgia Peach,Heuchera,Y,Fiore,Native cultivar / congener (PROVISIONAL - genus-native tie; verify),Cultivar/selection within a regional-native genus (verify: native cultivar vs exotic congener),,,,,,,,0.75,1.5,,,Full sun to part shade,Medium,,3 to 9,,,,,,,,May to July,,,,"coral bells, colorful foliage, attracts hummingbirds",,,,,,,,,,,,,,,,,,,,,,,,,,,
Grape Expectations Coral Bells,Heuchera Grape Expectations,Heuchera,Y,Fiore,Native cultivar / congener (PROVISIONAL - genus-native tie; verify),Cultivar/selection within a regional-native genus (verify: native cultivar vs exotic congener),,,,,,,,0.75,1.5,,,Full sun to part shade,Medium,,3 to 9,,,,,,,,May to July,,,,"coral bells, colorful foliage, attracts hummingbirds",,,,,,,,,,,,,,,,,,,,,,,,,,,
Green Spice Coral Bells,Heuchera Green Spice,Heuchera,Y,Fiore,Native cultivar / congener (PROVISIONAL - genus-native tie; verify),Cultivar/selection within a regional-native genus (verify: native cultivar vs exotic congener),,,,,,,,0.75,1.5,,,Full sun to part shade,Medium,,3 to 9,,,,,,,,May to July,,,,"coral bells, colorful foliage, attracts hummingbirds",,,,,,,,,,,,,,,,,,,,,,,,,,,
Lime Marmalade Coral Bells,Heuchera Lime Marmalade,Heuchera,Y,Fiore,Native cultivar / congener (PROVISIONAL - genus-native tie; verify),Cultivar/selection within a regional-native genus (verify: native cultivar vs exotic congener),,,,,,,,0.75,1.5,,,Full sun to part shade,Medium,,3 to 9,,,,,,,,May to July,,,,"coral bells, colorful foliage, attracts hummingbirds",,,,,,,,,,,,,,,,,,,,,,,,,,,
Midnight Rose Coral Bells,Heuchera Midnight Rose,Heuchera,Y,Fiore,Native cultivar / congener (PROVISIONAL - genus-native tie; verify),Cultivar/selection within a regional-native genus (verify: native cultivar vs exotic congener),,,,,,,,0.75,1.5,,,Full sun to part shade,Medium,,3 to 9,,,,,,,,May to July,,,,"coral bells, colorful foliage, attracts hummingbirds",,,,,,,,,,,,,,,,,,,,,,,,,,,
Obsidian Coral Bells,Heuchera Obsidian,Heuchera,Y,Fiore,Native cultivar / congener (PROVISIONAL - genus-native tie; verify),Cultivar/selection within a regional-native genus (verify: native cultivar vs exotic congener),,,,,,,,0.75,1.5,,,Full sun to part shade,Medium,,3 to 9,,,,,,,,May to July,,,,"coral bells, colorful foliage, attracts hummingbirds",,,,,,,,,,,,,,,,,,,,,,,,,,,
Palace Purple Coral Bells,Heuchera Palace Purple,Heuchera,Y,Fiore,Native cultivar / congener (PROVISIONAL - genus-native tie; verify),Cultivar/selection within a regional-native genus (verify: native cultivar vs exotic congener),,,,,,,,0.75,1.5,,,Full sun to part shade,Medium,,3 to 9,,,,,,,,May to July,,,,"coral bells, colorful foliage, attracts hummingbirds",,,,,,,,,,,,,,,,,,,,,,,,,,,
Paris Coral Bells,Heuchera Paris,Heuchera,Y,Fiore,Native cultivar / congener (PROVISIONAL - genus-native tie; verify),Cultivar/selection within a regional-native genus (verify: native cultivar vs exotic congener),,,,,,,,0.75,1.5,,,Full sun to part shade,Medium,,3 to 9,,,,,,,,May to July,,,,"coral bells, colorful foliage, attracts hummingbirds",,,,,,,,,,,,,,,,,,,,,,,,,,,
Pistache Coral Bells,Heuchera Pistache,Heuchera,Y,Fiore,Native cultivar / congener (PROVISIONAL - genus-native tie; verify),Cultivar/selection within a regional-native genus (verify: native cultivar vs exotic congener),,,,,,,,0.75,1.5,,,Full sun to part shade,Medium,,3 to 9,,,,,,,,May to July,,,,"coral bells, colorful foliage, attracts hummingbirds",,,,,,,,,,,,,,,,,,,,,,,,,,,
Plum Pudding Coral Bells,Heuchera Plum Pudding,Heuchera,Y,Fiore,Native cultivar / congener (PROVISIONAL - genus-native tie; verify),Cultivar/selection within a regional-native genus (verify: native cultivar vs exotic congener),,,,,,,,0.75,1.5,,,Full sun to part shade,Medium,,3 to 9,,,,,,,,May to July,,,,"coral bells, colorful foliage, attracts hummingbirds",,,,,,,,,,,,,,,,,,,,,,,,,,,
Wild Rose Coral Bells,Heuchera Primo Wild Rose,Heuchera,Y,Fiore,Native cultivar / congener (PROVISIONAL - genus-native tie; verify),Cultivar/selection within a regional-native genus (verify: native cultivar vs exotic congener),,,,,,,,0.75,1.5,,,Full sun to part shade,Medium,,3 to 9,,,,,,,,May to July,,,,"coral bells, colorful foliage, attracts hummingbirds",,,,,,,,,,,,,,,,,,,,,,,,,,,
Purple Petticoats Coral Bells,Heuchera Purple Petticoats,Heuchera,Y,Fiore,Native cultivar / congener (PROVISIONAL - genus-native tie; verify),Cultivar/selection within a regional-native genus (verify: native cultivar vs exotic congener),,,,,,,,0.75,1.5,,,Full sun to part shade,Medium,,3 to 9,,,,,,,,May to July,,,,"coral bells, colorful foliage, attracts hummingbirds",,,,,,,,,,,,,,,,,,,,,,,,,,,
Smoke and Mirrors Coral Bells,Heuchera Smoke and Mirrors,Heuchera,Y,Fiore,Native cultivar / congener (PROVISIONAL - genus-native tie; verify),Cultivar/selection within a regional-native genus (verify: native cultivar vs exotic congener),,,,,,,,0.75,1.5,,,Full sun to part shade,Medium,,3 to 9,,,,,,,,May to July,,,,"coral bells, colorful foliage, attracts hummingbirds",,,,,,,,,,,,,,,,,,,,,,,,,,,
Dales Strain American Alumroot,Heuchera americana Dales Strain,Heuchera,Y,Fiore,Native cultivar / congener (PROVISIONAL - genus-native tie; verify),Cultivar/selection within a regional-native genus (verify: native cultivar vs exotic congener),,,,flower,,,,0.75,1.5,,,Full sun to part shade,Medium,,3 to 9,,,,,10,4,,May to July,,,,"coral bells, colorful foliage, attracts hummingbirds",,perennial,,,,,,,,,,,,,,,,,,,,,,,,,
Alumroot,Heuchera richardsonii,Heuchera,N,Fiore,Native / near-region (PROVISIONAL - genus-native tie; verify),Native or near-region species of a regional-native genus (verify species-level status),,,,,,,,1,2,,,Full sun to part shade,Dry to medium,,3 to 9,,,,,8,1,,May to July,,,,"prairie alumroot, drought-tolerant native",,,,,,,,,,,,,,,,,,,,,,,,,,,
Caramel Hairy Alumroot,Heuchera villosa Caramel,Heuchera,Y,Fiore,Native cultivar / congener (PROVISIONAL - genus-native tie; verify),Cultivar/selection within a regional-native genus (verify: native cultivar vs exotic congener),,,,flower,,,,0.75,1.5,,,Full sun to part shade,Medium,,3 to 9,,,,,,,,May to July,,,,"coral bells, colorful foliage, attracts hummingbirds",,perennial,,,,,,,,,,,,,,,,,,,,,,,,,
Carnival Watermelon Hairy Alumroot,Heuchera villosa Carnival Watermelon,Heuchera,Y,Fiore,Native cultivar / congener (PROVISIONAL - genus-native tie; verify),Cultivar/selection within a regional-native genus (verify: native cultivar vs exotic congener),,,,flower,,,,0.75,1.5,,,Full sun to part shade,Medium,,3 to 9,,,,,,,,May to July,,,,"coral bells, colorful foliage, attracts hummingbirds",,perennial,,,,,,,,,,,,,,,,,,,,,,,,,
Summerific All Eyes on Me Rose Mallow,Hibiscus All Eyes On Me,Hibiscus,Y,Fiore,Native cultivar / congener (PROVISIONAL - genus-native tie; verify),Cultivar/selection within a regional-native genus (verify: native cultivar vs exotic congener),,,,,,,,2,4,,,Full sun,Medium to wet,,4 to 9,,,,,,,,July to September,,,,"hibiscus, showy flowers, attracts butterflies and hummingbirds",,,,,,,,,,,,,,,,,,,,,,,,,,,
Azurri Blue Satin Rose of Sharon,Hibiscus Azurri Blue Satin,Hibiscus,Y,Fiore,Native cultivar / congener (PROVISIONAL - genus-native tie; verify),Cultivar/selection within a regional-native genus (verify: native cultivar vs exotic congener),,,,shrub,,,,2,4,,,Full sun,Medium to wet,,4 to 9,,,,,,,,July to September,,,,"hibiscus, showy flowers, attracts butterflies and hummingbirds",,,,,,,,,,,,,,,,,,,,,,,,,,,
Ballet Slippers Hibiscus,Hibiscus Ballet Slippers,Hibiscus,Y,Fiore,Native cultivar / congener (PROVISIONAL - genus-native tie; verify),Cultivar/selection within a regional-native genus (verify: native cultivar vs exotic congener),,,,,,,,2,4,,,Full sun,Medium to wet,,4 to 9,,,,,,,,July to September,,,,"hibiscus, showy flowers, attracts butterflies and hummingbirds",,,,,,,,,,,,,,,,,,,,,,,,,,,
Summerific Berry Awesome Perennial Hibiscus,Hibiscus Berry Awesome (PP27936),Hibiscus,Y,Fiore,Native cultivar / congener (PROVISIONAL - genus-native tie; verify),Cultivar/selection within a regional-native genus (verify: native cultivar vs exotic congener),,,,,,,,2,4,,,Full sun,Medium to wet,,4 to 9,,,,,,,,July to September,,,,"hibiscus, showy flowers, attracts butterflies and hummingbirds",,,,,,,,,,,,,,,,,,,,,,,,,,,
Cherry Choco Latte Rose Mallow,Hibiscus Cherry Choco Latte,Hibiscus,Y,Fiore,Native cultivar / congener (PROVISIONAL - genus-native tie; verify),Cultivar/selection within a regional-native genus (verify: native cultivar vs exotic congener),,,,,,,,2,4,,,Full sun,Medium to wet,,4 to 9,,,,,,,,July to September,,,,"hibiscus, showy flowers, attracts butterflies and hummingbirds",,,,,,,,,,,,,,,,,,,,,,,,,,,
Summerific Cookies and Cream Hibiscus,Hibiscus Cookies and Cream,Hibiscus,Y,Fiore,Native cultivar / congener (PROVISIONAL - genus-native tie; verify),Cultivar/selection within a regional-native genus (verify: native cultivar vs exotic congener),,,,,,,,2,4,,,Full sun,Medium to wet,,4 to 9,,,,,,,,July to September,,,,"hibiscus, showy flowers, attracts butterflies and hummingbirds",,,,,,,,,,,,,,,,,,,,,,,,,,,
Dark Mystery Rose mallow,Hibiscus Dark Mystery,Hibiscus,Y,Fiore,Native cultivar / congener (PROVISIONAL - genus-native tie; verify),Cultivar/selection within a regional-native genus (verify: native cultivar vs exotic congener),,,,,,,,2,4,,,Full sun,Medium to wet,,4 to 9,,,,,,,,July to September,,,,"hibiscus, showy flowers, attracts butterflies and hummingbirds",,,,,,,,,,,,,,,,,,,,,,,,,,,
Summerific Evening Rose Perennial Hibiscus,Hibiscus Evening Rose,Hibiscus,Y,Fiore,Native cultivar / congener (PROVISIONAL - genus-native tie; verify),Cultivar/selection within a regional-native genus (verify: native cultivar vs exotic congener),,,,,,,,2,4,,,Full sun,Medium to wet,,4 to 9,,,,,,,,July to September,,,,"hibiscus, showy flowers, attracts butterflies and hummingbirds",,,,,,,,,,,,,,,,,,,,,,,,,,,
Summerific French Vanilla Perennial Hibiscus,Hibiscus French Vanilla (PP33181),Hibiscus,Y,Fiore,Native cultivar / congener (PROVISIONAL - genus-native tie; verify),Cultivar/selection within a regional-native genus (verify: native cultivar vs exotic congener),,,,,,,,2,4,,,Full sun,Medium to wet,,4 to 9,,,,,,,,July to September,,,,"hibiscus, showy flowers, attracts butterflies and hummingbirds",,,,,,,,,,,,,,,,,,,,,,,,,,,
Marshmallow Moon Rose Mallow,Hibiscus Marshmallow Moon,Hibiscus,Y,Fiore,Native cultivar / congener (PROVISIONAL - genus-native tie; verify),Cultivar/selection within a regional-native genus (verify: native cultivar vs exotic congener),,,,,,,,2,4,,,Full sun,Medium to wet,,4 to 9,,,,,,,,July to September,,,,"hibiscus, showy flowers, attracts butterflies and hummingbirds",,,,,,,,,,,,,,,,,,,,,,,,,,,
Midnight Marvel Perennial Hibiscus,Hibiscus Midnight Marvel (PP24079),Hibiscus,Y,Fiore,Native cultivar / congener (PROVISIONAL - genus-native tie; verify),Cultivar/selection within a regional-native genus (verify: native cultivar vs exotic congener),,,,,,,,2,4,,,Full sun,Medium to wet,,4 to 9,,,,,,,,July to September,,,,"hibiscus, showy flowers, attracts butterflies and hummingbirds",,,,,,,,,,,,,,,,,,,,,,,,,,,
Summerific Perfect Storm Rose Mallow,Hibiscus Perfect Storm,Hibiscus,Y,Fiore,Native cultivar / congener (PROVISIONAL - genus-native tie; verify),Cultivar/selection within a regional-native genus (verify: native cultivar vs exotic congener),,,,,,,,2,4,,,Full sun,Medium to wet,,4 to 9,,,,,,,,July to September,,,,"hibiscus, showy flowers, attracts butterflies and hummingbirds",,,,,,,,,,,,,,,,,,,,,,,,,,,
Starry Starry Night Perennial Hibiscus,Hibiscus Starry Starry Night (PP27901),Hibiscus,Y,Fiore,Native cultivar / congener (PROVISIONAL - genus-native tie; verify),Cultivar/selection within a regional-native genus (verify: native cultivar vs exotic congener),,,,,,,,2,4,,,Full sun,Medium to wet,,4 to 9,,,,,,,,July to September,,,,"hibiscus, showy flowers, attracts butterflies and hummingbirds",,,,,,,,,,,,,,,,,,,,,,,,,,,
Rose Mallow,Hibiscus moscheutos,Hibiscus,N,Fiore,Native / near-region (PROVISIONAL - genus-native tie; verify),Native or near-region species of a regional-native genus (verify species-level status),,,,,,,,3,7,2,4,Full sun,Medium to wet,,5 to 9,,TRUE,,,,,white to pink,July to September,,,,"attracts butterflies, rain garden, showy flowers",,,,,,,,,,,,,,,,,,,,,,,,,,,
Lil Kim Rose of Sharon,Hibiscus syriacus Antong Two (Lil Kim),Hibiscus,Y,Fiore,Native cultivar / congener (PROVISIONAL - genus-native tie; verify),Cultivar/selection within a regional-native genus (verify: native cultivar vs exotic congener),,,,shrub,,,,8,12,,,Full sun,Medium to dry,,5 to 9,TRUE,,,,0,5,,July to September,,,,"rose of sharon, late-blooming shrub, tolerates drought",,perennial,,,,,,,,,,,,,,,,,,,,,,,,,
Aphrodite Rose of Sharon,Hibiscus syriacus Aphrodite,Hibiscus,Y,Fiore,Native cultivar / congener (PROVISIONAL - genus-native tie; verify),Cultivar/selection within a regional-native genus (verify: native cultivar vs exotic congener),,,,shrub,,,,8,12,,,Full sun,Medium to dry,,5 to 9,TRUE,,,,0,5,,July to September,,,,"rose of sharon, late-blooming shrub, tolerates drought",,perennial,,,,,,,,,,,,,,,,,,,,,,,,,
Ardens Blue Rose of Sharon,Hibiscus syriacus Ardens Blue,Hibiscus,Y,Fiore,Native cultivar / congener (PROVISIONAL - genus-native tie; verify),Cultivar/selection within a regional-native genus (verify: native cultivar vs exotic congener),,,,shrub,,,,8,12,,,Full sun,Medium to dry,,5 to 9,TRUE,,,,0,5,,July to September,,,,"rose of sharon, late-blooming shrub, tolerates drought",,perennial,,,,,,,,,,,,,,,,,,,,,,,,,
Blue Chiffon Rose of Sharron,Hibiscus syriacus Blue Chiffon,Hibiscus,Y,Fiore,Native cultivar / congener (PROVISIONAL - genus-native tie; verify),Cultivar/selection within a regional-native genus (verify: native cultivar vs exotic congener),,,,shrub,,,,8,12,,,Full sun,Medium to dry,,5 to 9,TRUE,,,,0,5,,July to September,,,,"rose of sharon, late-blooming shrub, tolerates drought",,perennial,,,,,,,,,,,,,,,,,,,,,,,,,
Blushing Bride Rose of Sharon,Hibiscus syriacus Blushing Bride,Hibiscus,Y,Fiore,Native cultivar / congener (PROVISIONAL - genus-native tie; verify),Cultivar/selection within a regional-native genus (verify: native cultivar vs exotic congener),,,,shrub,,,,8,12,,,Full sun,Medium to dry,,5 to 9,TRUE,,,,0,5,,July to September,,,,"rose of sharon, late-blooming shrub, tolerates drought",,perennial,,,,,,,,,,,,,,,,,,,,,,,,,
Diana Rose of Sharon,Hibiscus syriacus Diana,Hibiscus,Y,Fiore,Native cultivar / congener (PROVISIONAL - genus-native tie; verify),Cultivar/selection within a regional-native genus (verify: native cultivar vs exotic congener),,,,shrub,,,,8,12,,,Full sun,Medium to dry,,5 to 9,TRUE,,,,0,5,,July to September,,,,"rose of sharon, late-blooming shrub, tolerates drought",,perennial,,,,,,,,,,,,,,,,,,,,,,,,,
Lavender Chiffon Rose of Sharon,Hibiscus syriacus Lavender Chiffon,Hibiscus,Y,Fiore,Native cultivar / congener (PROVISIONAL - genus-native tie; verify),Cultivar/selection within a regional-native genus (verify: native cultivar vs exotic congener),,,,shrub,,,,8,12,,,Full sun,Medium to dry,,5 to 9,TRUE,,,,0,5,,July to September,,,,"rose of sharon, late-blooming shrub, tolerates drought",,perennial,,,,,,,,,,,,,,,,,,,,,,,,,
Lucy Rose of Sharon,Hibiscus syriacus Lucy,Hibiscus,Y,Fiore,Native cultivar / congener (PROVISIONAL - genus-native tie; verify),Cultivar/selection within a regional-native genus (verify: native cultivar vs exotic congener),,,,shrub,,,,8,12,,,Full sun,Medium to dry,,5 to 9,TRUE,,,,0,5,,July to September,,,,"rose of sharon, late-blooming shrub, tolerates drought",,perennial,,,,,,,,,,,,,,,,,,,,,,,,,
Minerva Rose of Sharon,Hibiscus syriacus Minerva,Hibiscus,Y,Fiore,Native cultivar / congener (PROVISIONAL - genus-native tie; verify),Cultivar/selection within a regional-native genus (verify: native cultivar vs exotic congener),,,,shrub,,,,8,12,,,Full sun,Medium to dry,,5 to 9,TRUE,,,,0,5,,July to September,,,,"rose of sharon, late-blooming shrub, tolerates drought",,perennial,,,,,,,,,,,,,,,,,,,,,,,,,
Fiji Rose of Sharon,Hibiscus syriacus Minspot (Fiji),Hibiscus,Y,Fiore,Native cultivar / congener (PROVISIONAL - genus-native tie; verify),Cultivar/selection within a regional-native genus (verify: native cultivar vs exotic congener),,,,shrub,,,,8,12,,,Full sun,Medium to dry,,5 to 9,TRUE,,,,0,5,,July to September,,,,"rose of sharon, late-blooming shrub, tolerates drought",,perennial,,,,,,,,,,,,,,,,,,,,,,,,,
Purple Pillar Rose of Sharon,Hibiscus syriacus Purple Pillar,Hibiscus,Y,Fiore,Native cultivar / congener (PROVISIONAL - genus-native tie; verify),Cultivar/selection within a regional-native genus (verify: native cultivar vs exotic congener),,,,shrub,,,,8,12,,,Full sun,Medium to dry,,5 to 9,TRUE,,,,0,5,,July to September,,,,"rose of sharon, late-blooming shrub, tolerates drought",,perennial,,,,,,,,,,,,,,,,,,,,,,,,,
Red Heart Rose of Sharon,Hibiscus syriacus Red Heart,Hibiscus,Y,Fiore,Native cultivar / congener (PROVISIONAL - genus-native tie; verify),Cultivar/selection within a regional-native genus (verify: native cultivar vs exotic congener),,,,shrub,,,,8,12,,,Full sun,Medium to dry,,5 to 9,TRUE,,,,0,5,,July to September,,,,"rose of sharon, late-blooming shrub, tolerates drought",,perennial,,,,,,,,,,,,,,,,,,,,,,,,,
Red Pillar Rose of Sharon,Hibiscus syriacus Red Pillar,Hibiscus,Y,Fiore,Native cultivar / congener (PROVISIONAL - genus-native tie; verify),Cultivar/selection within a regional-native genus (verify: native cultivar vs exotic congener),,,,shrub,,,,8,12,,,Full sun,Medium to dry,,5 to 9,TRUE,,,,0,5,,July to September,,,,"rose of sharon, late-blooming shrub, tolerates drought",,perennial,,,,,,,,,,,,,,,,,,,,,,,,,
White Pillar Rose of Sharon,Hibiscus syriacus White Pillar,Hibiscus,Y,Fiore,Native cultivar / congener (PROVISIONAL - genus-native tie; verify),Cultivar/selection within a regional-native genus (verify: native cultivar vs exotic congener),,,,shrub,,,,8,12,,,Full sun,Medium to dry,,5 to 9,TRUE,,,,0,5,,July to September,,,,"rose of sharon, late-blooming shrub, tolerates drought",,perennial,,,,,,,,,,,,,,,,,,,,,,,,,
Climbing Hydrangea,Hydrangea anomala subsp. petiolaris,Hydrangea,Y,Fiore,Native cultivar / congener (PROVISIONAL - genus-native tie; verify),Cultivar/selection within a regional-native genus (verify: native cultivar vs exotic congener),,,,vine,,,,3,8,,,Part shade to full shade,Medium,,4 to 8,,,,,,,,June to July,,,,"climbing hydrangea, self-clinging, fragrant, exfoliating bark",,,,,,,,,,,,,,,,,,,,,,,,,,,
Incrediball Smooth Hydrangea,Hydrangea arborescens Abetwo (Incrediball),Hydrangea,Y,Fiore,Native cultivar / congener (PROVISIONAL - genus-native tie; verify),Cultivar/selection within a regional-native genus (verify: native cultivar vs exotic congener),,,,shrub,,,,3,5,,,Full sun to part shade,Medium,,3 to 9,,,,,10,4,,June to August,,,,"smooth hydrangea, white blooms, cut back hard in spring",,,,,,,,,,,,,,,,,,,,,,,,,,,
Annabelle Smooth Hydrangea,Hydrangea arborescens Annabelle,Hydrangea,Y,Fiore,Native cultivar / congener (PROVISIONAL - genus-native tie; verify),Cultivar/selection within a regional-native genus (verify: native cultivar vs exotic congener),,,,shrub,,,,3,5,,,Full sun to part shade,Medium,,3 to 9,,,,,10,4,,June to August,,,,"smooth hydrangea, white blooms, cut back hard in spring",,,,,,,,,,,,,,,,,,,,,,,,,,,
Flowerfull Smooth Hydrangea,Hydrangea arborescens Bailful (Flowerfull),Hydrangea,Y,Fiore,Native cultivar / congener (PROVISIONAL - genus-native tie; verify),Cultivar/selection within a regional-native genus (verify: native cultivar vs exotic congener),,,,shrub,,,,3,5,,,Full sun to part shade,Medium,,3 to 9,,,,,10,4,,June to August,,,,"smooth hydrangea, white blooms, cut back hard in spring",,,,,,,,,,,,,,,,,,,,,,,,,,,
Haas Halo Hydrangea,Hydrangea arborescens Haas Halo,Hydrangea,Y,Fiore,Native cultivar / congener (PROVISIONAL - genus-native tie; verify),Cultivar/selection within a regional-native genus (verify: native cultivar vs exotic congener),,,,shrub,,,,3,5,,,Full sun to part shade,Medium,,3 to 9,,,,,10,4,,June to August,,,,"smooth hydrangea, white blooms, cut back hard in spring",,,,,,,,,,,,,,,,,,,,,,,,,,,
Invincibelle Spirit Two Smooth Hydrangea,Hydrangea arborescens NCHA1 (Inv.Spirit Two),Hydrangea,Y,Fiore,Native cultivar / congener (PROVISIONAL - genus-native tie; verify),Cultivar/selection within a regional-native genus (verify: native cultivar vs exotic congener),,,,shrub,,,,3,5,,,Full sun to part shade,Medium,,3 to 9,,,,,10,4,,June to August,,,,"smooth hydrangea, white blooms, cut back hard in spring",,,,,,,,,,,,,,,,,,,,,,,,,,,
Invincibelle Wee White Hydrangea,Hydrangea arborescens NCHA5 (Wee White),Hydrangea,Y,Fiore,Native cultivar / congener (PROVISIONAL - genus-native tie; verify),Cultivar/selection within a regional-native genus (verify: native cultivar vs exotic congener),,,,shrub,,,,3,5,,,Full sun to part shade,Medium,,3 to 9,,,,,10,4,,June to August,,,,"smooth hydrangea, white blooms, cut back hard in spring",,,,,,,,,,,,,,,,,,,,,,,,,,,
Invincibelle Sublime Smooth Hydrangea,Hydrangea arborescens SMNHRLSublime,Hydrangea,Y,Fiore,Native cultivar / congener (PROVISIONAL - genus-native tie; verify),Cultivar/selection within a regional-native genus (verify: native cultivar vs exotic congener),,,,shrub,,,,3,5,,,Full sun to part shade,Medium,,3 to 9,,,,,10,4,,June to August,,,,"smooth hydrangea, white blooms, cut back hard in spring",,,,,,,,,,,,,,,,,,,,,,,,,,,
Summer Crush Bigleaf Hydrangea,Hydrangea macrophylla Bailmacfive (Summer Crush),Hydrangea,Y,Fiore,Native cultivar / congener (PROVISIONAL - genus-native tie; verify),Cultivar/selection within a regional-native genus (verify: native cultivar vs exotic congener),,,,shrub,,,coarse,3,6,,,Part shade,dry,"sand, loam, clay",5 to 9,,,Tolerant,,,,,June to August,,,,showy flowers,,rapid growth; moderate-lived,,,,,,,,,,,,,,,,,,,,,,,,,
Eclipse Bigleaf Hydrangea,Hydrangea macrophylla Bailmacseven Eclipse,Hydrangea,Y,Fiore,Native cultivar / congener (PROVISIONAL - genus-native tie; verify),Cultivar/selection within a regional-native genus (verify: native cultivar vs exotic congener),,,,shrub,,,coarse,3,6,,,Part shade,dry,"sand, loam, clay",5 to 9,,,Tolerant,,,,,June to August,,,,showy flowers,,rapid growth; moderate-lived,,,,,,,,,,,,,,,,,,,,,,,,,
Blue Jangels Bigleaf Hydrangea,Hydrangea macrophylla Blue Jangels,Hydrangea,Y,Fiore,Native cultivar / congener (PROVISIONAL - genus-native tie; verify),Cultivar/selection within a regional-native genus (verify: native cultivar vs exotic congener),,,,shrub,,,coarse,3,6,,,Part shade,dry,"sand, loam, clay",5 to 9,,,Tolerant,,,,,June to August,,,,showy flowers,,rapid growth; moderate-lived,,,,,,,,,,,,,,,,,,,,,,,,,
Blushing Bride Bigleaf Hydrangea,Hydrangea macrophylla Blushing Bride,Hydrangea,Y,Fiore,Native cultivar / congener (PROVISIONAL - genus-native tie; verify),Cultivar/selection within a regional-native genus (verify: native cultivar vs exotic congener),,,,shrub,,,coarse,3,6,,,Part shade,dry,"sand, loam, clay",5 to 9,,,Tolerant,,,,,June to August,,,,showy flowers,,rapid growth; moderate-lived,,,,,,,,,,,,,,,,,,,,,,,,,
Lets Dance Rhythmic Blue Hydrangea,Hydrangea macrophylla ES14 Lets Dance Rhythmic Blue Hydrangea,Hydrangea,Y,Fiore,Native cultivar / congener (PROVISIONAL - genus-native tie; verify),Cultivar/selection within a regional-native genus (verify: native cultivar vs exotic congener),,,,shrub,,,coarse,3,6,,,Part shade,dry,"sand, loam, clay",5 to 9,,,Tolerant,,,,,June to August,,,,showy flowers,,rapid growth; moderate-lived,,,,,,,,,,,,,,,,,,,,,,,,,
Endless Summer Bigleaf Hydrangea,Hydrangea macrophylla Endless Summer,Hydrangea,Y,Fiore,Native cultivar / congener (PROVISIONAL - genus-native tie; verify),Cultivar/selection within a regional-native genus (verify: native cultivar vs exotic congener),,,,shrub,,,coarse,3,6,,,Part shade,dry,"sand, loam, clay",5 to 9,,,Tolerant,,,,,June to August,,,,showy flowers,,rapid growth; moderate-lived,,,,,,,,,,,,,,,,,,,,,,,,,
Variegated Mariesii Bigleaf Hydrangea,Hydrangea macrophylla Mariesii Variegata,Hydrangea,Y,Fiore,Native cultivar / congener (PROVISIONAL - genus-native tie; verify),Cultivar/selection within a regional-native genus (verify: native cultivar vs exotic congener),,,,shrub,,,coarse,3,6,,,Part shade,dry,"sand, loam, clay",5 to 9,,,Tolerant,,,,,June to August,,,,showy flowers,,rapid growth; moderate-lived,,,,,,,,,,,,,,,,,,,,,,,,,
Twist-n-Shout Bigleaf Hydrangea,Hydrangea macrophylla PIIHM-I (Twist-n-Shout),Hydrangea,Y,Fiore,Native cultivar / congener (PROVISIONAL - genus-native tie; verify),Cultivar/selection within a regional-native genus (verify: native cultivar vs exotic congener),,,,shrub,,,coarse,3,6,,,Part shade,dry,"sand, loam, clay",5 to 9,,,Tolerant,,,,,June to August,,,,showy flowers,,rapid growth; moderate-lived,,,,,,,,,,,,,,,,,,,,,,,,,
BloomStruck Bigleaf Hydrangea,Hydrangea macrophylla PIIHM-II (BloomStruck),Hydrangea,Y,Fiore,Native cultivar / congener (PROVISIONAL - genus-native tie; verify),Cultivar/selection within a regional-native genus (verify: native cultivar vs exotic congener),,,,shrub,,,coarse,3,6,,,Part shade,dry,"sand, loam, clay",5 to 9,,,Tolerant,,,,,June to August,,,,showy flowers,,rapid growth; moderate-lived,,,,,,,,,,,,,,,,,,,,,,,,,
Wee Bit Innocent Bigleaf Hydrangea,Hydrangea macrophylla SMNHMC (Weebit Innocent),Hydrangea,Y,Fiore,Native cultivar / congener (PROVISIONAL - genus-native tie; verify),Cultivar/selection within a regional-native genus (verify: native cultivar vs exotic congener),,,,shrub,,,coarse,3,6,,,Part shade,dry,"sand, loam, clay",5 to 9,,,Tolerant,,,,,June to August,,,,showy flowers,,rapid growth; moderate-lived,,,,,,,,,,,,,,,,,,,,,,,,,
Wee Bit Grumpy Bigleaf Hydrangea,Hydrangea macrophylla Stragrum (Wee Bit Grumpy),Hydrangea,Y,Fiore,Native cultivar / congener (PROVISIONAL - genus-native tie; verify),Cultivar/selection within a regional-native genus (verify: native cultivar vs exotic congener),,,,shrub,,,coarse,3,6,,,Part shade,dry,"sand, loam, clay",5 to 9,,,Tolerant,,,,,June to August,,,,showy flowers,,rapid growth; moderate-lived,,,,,,,,,,,,,,,,,,,,,,,,,
Lets Dance Sky View Bigleaf Hydrangea,Hydrangea macrophylla x serrate Lets Dance Sky View,Hydrangea,Y,Fiore,Native cultivar / congener (PROVISIONAL - genus-native tie; verify),Cultivar/selection within a regional-native genus (verify: native cultivar vs exotic congener),,,,shrub,,,coarse,3,6,,,Part shade,dry,"sand, loam, clay",5 to 9,,,Tolerant,,,,,June to August,,,,showy flowers,,rapid growth; moderate-lived,,,,,,,,,,,,,,,,,,,,,,,,,
Early Evolution Panicle Hydrangea,Hydrangea paniculata AJ14 (Early Evolution),Hydrangea,Y,Fiore,Native cultivar / congener (PROVISIONAL - genus-native tie; verify),Cultivar/selection within a regional-native genus (verify: native cultivar vs exotic congener),,,,shrub,,,,8,15,,,Full sun,Medium,,3 to 8,,,,,,,,July to September,,,,"panicle hydrangea, full sun, white to pink blooms late summer",,perennial,,,,,,,,,,,,,,,,,,,,,,,,,
Quick Fire Panicle Hydrangea,Hydrangea paniculata Bulk (Quick Fire),Hydrangea,Y,Fiore,Native cultivar / congener (PROVISIONAL - genus-native tie; verify),Cultivar/selection within a regional-native genus (verify: native cultivar vs exotic congener),,,,shrub,,,,8,15,,,Full sun,Medium,,3 to 8,,,,,,,,July to September,,,,"panicle hydrangea, full sun, white to pink blooms late summer",,perennial,,,,,,,,,,,,,,,,,,,,,,,,,
Pinky Winky Panicle Hydrangea,Hydrangea paniculata DVPinky (Pinky Winky),Hydrangea,Y,Fiore,Native cultivar / congener (PROVISIONAL - genus-native tie; verify),Cultivar/selection within a regional-native genus (verify: native cultivar vs exotic congener),,,,shrub,,,,8,15,,,Full sun,Medium,,3 to 8,,,,,,,,July to September,,,,"panicle hydrangea, full sun, white to pink blooms late summer",,perennial,,,,,,,,,,,,,,,,,,,,,,,,,
Fire Light Panicle Hydrangea,Hydrangea paniculata Fire Light,Hydrangea,Y,Fiore,Native cultivar / congener (PROVISIONAL - genus-native tie; verify),Cultivar/selection within a regional-native genus (verify: native cultivar vs exotic congener),,,,shrub,,,,8,15,,,Full sun,Medium,,3 to 8,,,,,,,,July to September,,,,"panicle hydrangea, full sun, white to pink blooms late summer",,perennial,,,,,,,,,,,,,,,,,,,,,,,,,
Fire Light Tidbit Panicle Hydrangea,Hydrangea paniculata Fire Light Tidbit,Hydrangea,Y,Fiore,Native cultivar / congener (PROVISIONAL - genus-native tie; verify),Cultivar/selection within a regional-native genus (verify: native cultivar vs exotic congener),,,,shrub,,,,8,15,,,Full sun,Medium,,3 to 8,,,,,,,,July to September,,,,"panicle hydrangea, full sun, white to pink blooms late summer",,perennial,,,,,,,,,,,,,,,,,,,,,,,,,
Bobo Panicle Hydrangea,Hydrangea paniculata ILVOBO (Bobo),Hydrangea,Y,Fiore,Native cultivar / congener (PROVISIONAL - genus-native tie; verify),Cultivar/selection within a regional-native genus (verify: native cultivar vs exotic congener),,,,shrub,,,,8,15,,,Full sun,Medium,,3 to 8,,,,,,,,July to September,,,,"panicle hydrangea, full sun, white to pink blooms late summer",,perennial,,,,,,,,,,,,,,,,,,,,,,,,,
Little Lime Panicle Hydrangea,Hydrangea paniculata Jane (Little Lime),Hydrangea,Y,Fiore,Native cultivar / congener (PROVISIONAL - genus-native tie; verify),Cultivar/selection within a regional-native genus (verify: native cultivar vs exotic congener),,,,shrub,,,,8,15,,,Full sun,Medium,,3 to 8,,,,,,,,July to September,,,,"panicle hydrangea, full sun, white to pink blooms late summer",,perennial,,,,,,,,,,,,,,,,,,,,,,,,,
Limelight Panicle Hydrangea,Hydrangea paniculata Limelight,Hydrangea,Y,Fiore,Native cultivar / congener (PROVISIONAL - genus-native tie; verify),Cultivar/selection within a regional-native genus (verify: native cultivar vs exotic congener),,,,shrub,,,,8,15,,,Full sun,Medium,,3 to 8,,,,,,,,July to September,,,,"panicle hydrangea, full sun, white to pink blooms late summer",,perennial,,,,,,,,,,,,,,,,,,,,,,,,,
Limelight Prime Panicle Hydrangea,Hydrangea paniculata Limelight Prime,Hydrangea,Y,Fiore,Native cultivar / congener (PROVISIONAL - genus-native tie; verify),Cultivar/selection within a regional-native genus (verify: native cultivar vs exotic congener),,,,shrub,,,,8,15,,,Full sun,Medium,,3 to 8,,,,,,,,July to September,,,,"panicle hydrangea, full sun, white to pink blooms late summer",,perennial,,,,,,,,,,,,,,,,,,,,,,,,,
Little Lime Punch Panicle Hydrangea,Hydrangea paniculata Little Lime Punch,Hydrangea,Y,Fiore,Native cultivar / congener (PROVISIONAL - genus-native tie; verify),Cultivar/selection within a regional-native genus (verify: native cultivar vs exotic congener),,,,shrub,,,,8,15,,,Full sun,Medium,,3 to 8,,,,,,,,July to September,,,,"panicle hydrangea, full sun, white to pink blooms late summer",,perennial,,,,,,,,,,,,,,,,,,,,,,,,,
Little Quick Fire Panicle Hydrangea,Hydrangea paniculata Little Quick Fire,Hydrangea,Y,Fiore,Native cultivar / congener (PROVISIONAL - genus-native tie; verify),Cultivar/selection within a regional-native genus (verify: native cultivar vs exotic congener),,,,shrub,,,,8,15,,,Full sun,Medium,,3 to 8,,,,,,,,July to September,,,,"panicle hydrangea, full sun, white to pink blooms late summer",,perennial,,,,,,,,,,,,,,,,,,,,,,,,,
Phantom Panicle Hydrangea,Hydrangea paniculata Phantom,Hydrangea,Y,Fiore,Native cultivar / congener (PROVISIONAL - genus-native tie; verify),Cultivar/selection within a regional-native genus (verify: native cultivar vs exotic congener),,,,shrub,,,,8,15,,,Full sun,Medium,,3 to 8,,,,,,,,July to September,,,,"panicle hydrangea, full sun, white to pink blooms late summer",,perennial,,,,,,,,,,,,,,,,,,,,,,,,,
Pink Diamond Panicle Hydrangea,Hydrangea paniculata Pink Diamond,Hydrangea,Y,Fiore,Native cultivar / congener (PROVISIONAL - genus-native tie; verify),Cultivar/selection within a regional-native genus (verify: native cultivar vs exotic congener),,,,shrub,,,,8,15,,,Full sun,Medium,,3 to 8,,,,,,,,July to September,,,,"panicle hydrangea, full sun, white to pink blooms late summer",,perennial,,,,,,,,,,,,,,,,,,,,,,,,,
Quick Fire Fab Panicle Hydrangea,Hydrangea paniculata Quick Fire Fab,Hydrangea,Y,Fiore,Native cultivar / congener (PROVISIONAL - genus-native tie; verify),Cultivar/selection within a regional-native genus (verify: native cultivar vs exotic congener),,,,shrub,,,,8,15,,,Full sun,Medium,,3 to 8,,,,,,,,July to September,,,,"panicle hydrangea, full sun, white to pink blooms late summer",,perennial,,,,,,,,,,,,,,,,,,,,,,,,,
Vanilla Strawberry Panicle Hydrangea,Hydrangea paniculata Renhy,Hydrangea,Y,Fiore,Native cultivar / congener (PROVISIONAL - genus-native tie; verify),Cultivar/selection within a regional-native genus (verify: native cultivar vs exotic congener),,,,shrub,,,,8,15,,,Full sun,Medium,,3 to 8,,,,,,,,July to September,,,,"panicle hydrangea, full sun, white to pink blooms late summer",,perennial,,,,,,,,,,,,,,,,,,,,,,,,,
Strawberry Sundae Panicle Hydrangea,Hydrangea paniculata Rensun,Hydrangea,Y,Fiore,Native cultivar / congener (PROVISIONAL - genus-native tie; verify),Cultivar/selection within a regional-native genus (verify: native cultivar vs exotic congener),,,,shrub,,,,8,15,,,Full sun,Medium,,3 to 8,,,,,,,,July to September,,,,"panicle hydrangea, full sun, white to pink blooms late summer",,perennial,,,,,,,,,,,,,,,,,,,,,,,,,
Tardiva Panicle Hydrangea,Hydrangea paniculata Tardiva,Hydrangea,Y,Fiore,Native cultivar / congener (PROVISIONAL - genus-native tie; verify),Cultivar/selection within a regional-native genus (verify: native cultivar vs exotic congener),,,,shrub,,,,8,15,,,Full sun,Medium,,3 to 8,,,,,,,,July to September,,,,"panicle hydrangea, full sun, white to pink blooms late summer",,perennial,,,,,,,,,,,,,,,,,,,,,,,,,
Tiny Quick Fire Panicle Hydrangea,Hydrangea paniculata Tiny Quick Fire SMNHPSB,Hydrangea,Y,Fiore,Native cultivar / congener (PROVISIONAL - genus-native tie; verify),Cultivar/selection within a regional-native genus (verify: native cultivar vs exotic congener),,,,shrub,,,,8,15,,,Full sun,Medium,,3 to 8,,,,,,,,July to September,,,,"panicle hydrangea, full sun, white to pink blooms late summer",,perennial,,,,,,,,,,,,,,,,,,,,,,,,,
Oakleaf Hydrangea,Hydrangea quercifolia,Hydrangea,N,Fiore,Native / near-region (PROVISIONAL - genus-native tie; verify),Native or near-region species of a regional-native genus (verify species-level status),,,,shrub,,,,3,8,,,Part shade to full shade,,,,,,,,,,white,June to July,,,,"exfoliating bark, large fall-persistent flower heads, fall color",,perennial,,,,,,,,,,,,,,,,,,,,,,,,,
Alice Oakleaf Hydrangea,Hydrangea quercifolia Alice,Hydrangea,Y,Fiore,Native cultivar / congener (PROVISIONAL - genus-native tie; verify),Cultivar/selection within a regional-native genus (verify: native cultivar vs exotic congener),,,,shrub,,,,3,8,,,Part shade to full shade,,,,,,,,,,,June to July,,,,"exfoliating bark, large fall-persistent flower heads, fall color",,perennial,,,,,,,,,,,,,,,,,,,,,,,,,
Gatsby Gal Oakleaf Hydrangea,Hydrangea quercifolia Gatsby Gal,Hydrangea,Y,Fiore,Native cultivar / congener (PROVISIONAL - genus-native tie; verify),Cultivar/selection within a regional-native genus (verify: native cultivar vs exotic congener),,,,shrub,,,,3,8,,,Part shade to full shade,,,,,,,,,,,June to July,,,,"exfoliating bark, large fall-persistent flower heads, fall color",,perennial,,,,,,,,,,,,,,,,,,,,,,,,,
Gatsby Moon Oakleaf Hydrangea,Hydrangea quercifolia Gatsby Moon,Hydrangea,Y,Fiore,Native cultivar / congener (PROVISIONAL - genus-native tie; verify),Cultivar/selection within a regional-native genus (verify: native cultivar vs exotic congener),,,,shrub,,,,3,8,,,Part shade to full shade,,,,,,,,,,,June to July,,,,"exfoliating bark, large fall-persistent flower heads, fall color",,perennial,,,,,,,,,,,,,,,,,,,,,,,,,
Jetstream Oakleaf Hydrangea,Hydrangea quercifolia Jetstream (PIIHQ-I),Hydrangea,Y,Fiore,Native cultivar / congener (PROVISIONAL - genus-native tie; verify),Cultivar/selection within a regional-native genus (verify: native cultivar vs exotic congener),,,,shrub,,,,3,8,,,Part shade to full shade,,,,,,,,,,,June to July,,,,"exfoliating bark, large fall-persistent flower heads, fall color",,perennial,,,,,,,,,,,,,,,,,,,,,,,,,
Munchkin Oakleaf Hydrangea,Hydrangea quercifolia Munchkin,Hydrangea,Y,Fiore,Native cultivar / congener (PROVISIONAL - genus-native tie; verify),Cultivar/selection within a regional-native genus (verify: native cultivar vs exotic congener),,,,shrub,,,,3,8,,,Part shade to full shade,,,,,,,,,,,June to July,,,,"exfoliating bark, large fall-persistent flower heads, fall color",,perennial,,,,,,,,,,,,,,,,,,,,,,,,,
Pee Wee Oakleaf Hydrangea,Hydrangea quercifolia Pee Wee,Hydrangea,Y,Fiore,Native cultivar / congener (PROVISIONAL - genus-native tie; verify),Cultivar/selection within a regional-native genus (verify: native cultivar vs exotic congener),,,,shrub,,,,3,8,,,Part shade to full shade,,,,,,,,,,,June to July,,,,"exfoliating bark, large fall-persistent flower heads, fall color",,perennial,,,,,,,,,,,,,,,,,,,,,,,,,
Ruby Slippers Oakleaf Hydrangea,Hydrangea quercifolia Ruby Slippers,Hydrangea,Y,Fiore,Native cultivar / congener (PROVISIONAL - genus-native tie; verify),Cultivar/selection within a regional-native genus (verify: native cultivar vs exotic congener),,,,shrub,,,,3,8,,,Part shade to full shade,,,,,,,,,,,June to July,,,,"exfoliating bark, large fall-persistent flower heads, fall color",,perennial,,,,,,,,,,,,,,,,,,,,,,,,,
Sikes Dwarf Oakleaf Hydrangea,Hydrangea quercifolia Sikes Dwarf,Hydrangea,Y,Fiore,Native cultivar / congener (PROVISIONAL - genus-native tie; verify),Cultivar/selection within a regional-native genus (verify: native cultivar vs exotic congener),,,,shrub,,,,3,8,,,Part shade to full shade,,,,,,,,,,,June to July,,,,"exfoliating bark, large fall-persistent flower heads, fall color",,perennial,,,,,,,,,,,,,,,,,,,,,,,,,
Snow Queen Oakleaf Hydrangea,Hydrangea quercifolia Snow Queen,Hydrangea,Y,Fiore,Native cultivar / congener (PROVISIONAL - genus-native tie; verify),Cultivar/selection within a regional-native genus (verify: native cultivar vs exotic congener),,,,shrub,,,,3,8,,,Part shade to full shade,,,,,,,,,,,June to July,,,,"exfoliating bark, large fall-persistent flower heads, fall color",,perennial,,,,,,,,,,,,,,,,,,,,,,,,,
Tiny Tuff Stuff Hydrangea,Hydrangea serrata Tiny Tuff Stuff (MAKD),Hydrangea,Y,Fiore,Native cultivar / congener (PROVISIONAL - genus-native tie; verify),Cultivar/selection within a regional-native genus (verify: native cultivar vs exotic congener),,,,shrub,,,,3,4,,,Part shade,Medium,,5 to 9,,,,,,,,June to August,,,,"mountain hydrangea, similar to macrophylla, more cold-hardy",,,,,,,,,,,,,,,,,,,,,,,,,,,
Tuff Stuff Mountain Hydrangea,Hydrangea serrata Tuff Stuff (MAK20),Hydrangea,Y,Fiore,Native cultivar / congener (PROVISIONAL - genus-native tie; verify),Cultivar/selection within a regional-native genus (verify: native cultivar vs exotic congener),,,,shrub,,,,3,4,,,Part shade,Medium,,5 to 9,,,,,,,,June to August,,,,"mountain hydrangea, similar to macrophylla, more cold-hardy",,,,,,,,,,,,,,,,,,,,,,,,,,,
Virginia Waterleaf,Hydrophyllum virginianum,Hydrophyllum,N,Fiore,Native / near-region (PROVISIONAL - genus-native tie; verify),Native or near-region species of a regional-native genus (verify species-level status),,,,flower,,,,1,2,,,Part shade to full shade,Medium,,,,,,,5,0,white to lavender,May to June,,,,"Virginia waterleaf, native woodland groundcover, spring ephemeral",,perennial,,,,,,,,,,,,,,,,,,,,,,,,,
Sunburst Golden St. Johnswort,Hypericum frondosum Sunburst,Hypericum,Y,Fiore,Native cultivar / congener (PROVISIONAL - genus-native tie; verify),Cultivar/selection within a regional-native genus (verify: native cultivar vs exotic congener),,,,shrub,,,,3,4,,,Full sun to part shade,Dry to medium,,,,,,,,,,June to August,,,,"golden St. John's wort, native shrub",,perennial,,,,,,,,,,,,,,,,,,,,,,,,,
St. Johnswort,Hypericum kalmianum,Hypericum,N,Fiore,Native / near-region (PROVISIONAL - genus-native tie; verify),Native or near-region species of a regional-native genus (verify species-level status),,,,shrub,,,,2,3,,,Full sun to part shade,Medium,,,,,,,10,-2,yellow,July to August,,,,"evergreen foliage, native to Great Lakes, long bloom",,perennial,,,,,,,,,,,,,,,,,,,,,,,,,
Cobalt N Gold St. Johnswort,Hypericum kalmianum PIIHYP-I (Cobalt-n-Gold),Hypericum,Y,Fiore,Native cultivar / congener (PROVISIONAL - genus-native tie; verify),Cultivar/selection within a regional-native genus (verify: native cultivar vs exotic congener),,,,shrub,,,,2,3,,,Full sun to part shade,Medium,,,,,,,10,-2,,July to August,,,,"evergreen foliage, native to Great Lakes, long bloom",,perennial,,,,,,,,,,,,,,,,,,,,,,,,,
China Twins Holly (Boy/Girl),Ilex China Twins,Ilex,Y,Fiore,Native cultivar / congener (PROVISIONAL - genus-native tie; verify),Cultivar/selection within a regional-native genus (verify: native cultivar vs exotic congener),,,,shrub,,,,4,10,,,Full sun to part shade,Medium,,,,,,,,,,May to June,,,,"holly, evergreen or deciduous, berries attract birds",,,,,,,,,,,,,,,,,,,,,,,,,,,
Sky Pencil Japanese Holly,Ilex crenata Sky Pencil,Ilex,Y,Fiore,Native cultivar / congener (PROVISIONAL - genus-native tie; verify),Cultivar/selection within a regional-native genus (verify: native cultivar vs exotic congener),,,,shrub,,,,4,8,,,Full sun to part shade,Medium,,5 to 7,,TRUE,,,,,,May to June,,,,"Japanese holly, evergreen, formal hedge use",,,,,,,,,,,,,,,,,,,,,,,,,,,
Gem Box Inkberry Holly,Ilex glabra SMNIGAB17 (Gem Box),Ilex,Y,Fiore,Native cultivar / congener (PROVISIONAL - genus-native tie; verify),Cultivar/selection within a regional-native genus (verify: native cultivar vs exotic congener),,,,shrub,,,coarse,3,6,,,Full sun to part shade,moist,"sand, loam, clay",3 to 11,,TRUE,Intolerant,,,,,Spring,,,,showy fruit,,slow growth; long-lived; perennial,,,,,,,,,,,,,,,,,,,,,,,,,
Shamrock Inkberry,Ilex glabra Shamrock,Ilex,Y,Fiore,Native cultivar / congener (PROVISIONAL - genus-native tie; verify),Cultivar/selection within a regional-native genus (verify: native cultivar vs exotic congener),,,,shrub,,,coarse,3,6,,,Full sun to part shade,moist,"sand, loam, clay",3 to 11,,TRUE,Intolerant,,,,,Spring,,,,showy fruit,,slow growth; long-lived; perennial,,,,,,,,,,,,,,,,,,,,,,,,,
Berri-Magic Royalty Meserve Hybrid Holly,Ilex meserveae Berri-Magic Royalty,Ilex,Y,Fiore,Native cultivar / congener (PROVISIONAL - genus-native tie; verify),Cultivar/selection within a regional-native genus (verify: native cultivar vs exotic congener),,,,shrub,,,,6,10,,,Full sun to part shade,Medium,,4 to 7,,,,,,,,May to June,,,,"blue holly, glossy evergreen, red berries, deer resistant",,,,,,,,,,,,,,,,,,,,,,,,,,,
Blue Prince Meserve Hybrid Holly,Ilex meserveae Blue Prince,Ilex,Y,Fiore,Native cultivar / congener (PROVISIONAL - genus-native tie; verify),Cultivar/selection within a regional-native genus (verify: native cultivar vs exotic congener),,,,shrub,,,,6,10,,,Full sun to part shade,Medium,,4 to 7,,,,,,,,May to June,,,,"blue holly, glossy evergreen, red berries, deer resistant",,,,,,,,,,,,,,,,,,,,,,,,,,,
Blue Princess Meserve Hybrid Holly,Ilex meserveae Blue Princess,Ilex,Y,Fiore,Native cultivar / congener (PROVISIONAL - genus-native tie; verify),Cultivar/selection within a regional-native genus (verify: native cultivar vs exotic congener),,,,shrub,,,,6,10,,,Full sun to part shade,Medium,,4 to 7,,,,,,,,May to June,,,,"blue holly, glossy evergreen, red berries, deer resistant",,,,,,,,,,,,,,,,,,,,,,,,,,,
Jim Dandy Winterberry,Ilex verticillata Jim Dandy,Ilex,Y,Fiore,Native cultivar / congener (PROVISIONAL - genus-native tie; verify),Cultivar/selection within a regional-native genus (verify: native cultivar vs exotic congener),,,,shrub,,,coarse,6,10,,,Full sun to part shade,moist,"loam, clay",3 to 9,,,Intermediate,,9,-4,,Late Spring,,,,"fall color, showy fruit",,moderate growth; moderate-lived; perennial,,,,,,,,,,,,,,,,,,,,,,,,,
Mr. Poppins Winterberry,Ilex verticillata Mr. Poppins,Ilex,Y,Fiore,Native cultivar / congener (PROVISIONAL - genus-native tie; verify),Cultivar/selection within a regional-native genus (verify: native cultivar vs exotic congener),,,,shrub,,,coarse,6,10,,,Full sun to part shade,moist,"loam, clay",3 to 9,,,Intermediate,,9,-4,,Late Spring,,,,"fall color, showy fruit",,moderate growth; moderate-lived; perennial,,,,,,,,,,,,,,,,,,,,,,,,,
Red Sprite Dwarf Winterberry,Ilex verticillata Red Sprite,Ilex,Y,Fiore,Native cultivar / congener (PROVISIONAL - genus-native tie; verify),Cultivar/selection within a regional-native genus (verify: native cultivar vs exotic congener),,,,shrub,,,coarse,6,10,,,Full sun to part shade,moist,"loam, clay",3 to 9,,,Intermediate,,9,-4,,Late Spring,,,,"fall color, showy fruit",,moderate growth; moderate-lived; perennial,,,,,,,,,,,,,,,,,,,,,,,,,
Batik Bearded Iris,Iris Batik,Iris,Y,Fiore,Native cultivar / congener (PROVISIONAL - genus-native tie; verify),Cultivar/selection within a regional-native genus (verify: native cultivar vs exotic congener),,,,,,,,,,,,Full sun to part shade,Medium,,,,,,,,,,April to June,,,,"iris, spring bloomer, diverse colors and forms",,,,,,,,,,,,,,,,,,,,,,,,,,,
Dwarf Crested Iris,Iris cristata,Iris,N,Fiore,Native / near-region (PROVISIONAL - genus-native tie; verify),Native or near-region species of a regional-native genus (verify species-level status),,,,,,,,0.25,0.5,,,Part shade to full shade,Medium,,,,,,,,,lavender to blue,April to May,,,,"spreads to form colonies, spring ground cover",,,,,,,,,,,,,,,,,,,,,,,,,,,
Variegated Japanese Iris,Iris ensata Variegata,Iris,Y,Fiore,Native cultivar / congener (PROVISIONAL - genus-native tie; verify),Cultivar/selection within a regional-native genus (verify: native cultivar vs exotic congener),,,,flower,,,,,,,,Full sun to part shade,Medium,,,,,,,,,,April to June,,,,"iris, spring bloomer, diverse colors and forms",,perennial,,,,,,,,,,,,,,,,,,,,,,,,,
Breakers Iris,Iris germanica Breakers,Iris,Y,Fiore,Native cultivar / congener (PROVISIONAL - genus-native tie; verify),Cultivar/selection within a regional-native genus (verify: native cultivar vs exotic congener),,,,,,,,,,,,Full sun to part shade,Medium,,,,,,,0,5,,April to June,,,,"iris, spring bloomer, diverse colors and forms",,,,,,,,,,,,,,,,,,,,,,,,,,,
His Royal Highness Iris,Iris germanica His Royal Highness,Iris,Y,Fiore,Native cultivar / congener (PROVISIONAL - genus-native tie; verify),Cultivar/selection within a regional-native genus (verify: native cultivar vs exotic congener),,,,,,,,,,,,Full sun to part shade,Medium,,,,,,,0,5,,April to June,,,,"iris, spring bloomer, diverse colors and forms",,,,,,,,,,,,,,,,,,,,,,,,,,,
Honeycomb Bearded Iris,Iris germanica Honeycomb,Iris,Y,Fiore,Native cultivar / congener (PROVISIONAL - genus-native tie; verify),Cultivar/selection within a regional-native genus (verify: native cultivar vs exotic congener),,,,,,,,,,,,Full sun to part shade,Medium,,,,,,,0,5,,April to June,,,,"iris, spring bloomer, diverse colors and forms",,,,,,,,,,,,,,,,,,,,,,,,,,,
Immortality Bearded Iris,Iris germanica Immortality,Iris,Y,Fiore,Native cultivar / congener (PROVISIONAL - genus-native tie; verify),Cultivar/selection within a regional-native genus (verify: native cultivar vs exotic congener),,,,,,,,,,,,Full sun to part shade,Medium,,,,,,,0,5,,April to June,,,,"iris, spring bloomer, diverse colors and forms",,,,,,,,,,,,,,,,,,,,,,,,,,,
Mariposa Autumn Bearded Iris,Iris germanica Mariposa Autumn,Iris,Y,Fiore,Native cultivar / congener (PROVISIONAL - genus-native tie; verify),Cultivar/selection within a regional-native genus (verify: native cultivar vs exotic congener),,,,,,,,,,,,Full sun to part shade,Medium,,,,,,,0,5,,April to June,,,,"iris, spring bloomer, diverse colors and forms",,,,,,,,,,,,,,,,,,,,,,,,,,,
Pleasant Peasant Bearded Iris,Iris germanica Pleasant Peasant,Iris,Y,Fiore,Native cultivar / congener (PROVISIONAL - genus-native tie; verify),Cultivar/selection within a regional-native genus (verify: native cultivar vs exotic congener),,,,,,,,,,,,Full sun to part shade,Medium,,,,,,,0,5,,April to June,,,,"iris, spring bloomer, diverse colors and forms",,,,,,,,,,,,,,,,,,,,,,,,,,,
Butter and Sugar Siberian Iris,Iris sibirica Butter and Sugar,Iris,Y,Fiore,Native cultivar / congener (PROVISIONAL - genus-native tie; verify),Cultivar/selection within a regional-native genus (verify: native cultivar vs exotic congener),,,,,,,,,,,,Full sun to part shade,Medium,,,,,,,,,,April to June,,,,"iris, spring bloomer, diverse colors and forms",,,,,,,,,,,,,,,,,,,,,,,,,,,
Caesars Brother Siberian Iris,Iris sibirica Caesars Brother,Iris,Y,Fiore,Native cultivar / congener (PROVISIONAL - genus-native tie; verify),Cultivar/selection within a regional-native genus (verify: native cultivar vs exotic congener),,,,,,,,,,,,Full sun to part shade,Medium,,,,,,,,,,April to June,,,,"iris, spring bloomer, diverse colors and forms",,,,,,,,,,,,,,,,,,,,,,,,,,,
Blue Flag Iris,Iris versicolor,Iris,N,Fiore,Native / near-region (PROVISIONAL - genus-native tie; verify),Native or near-region species of a regional-native genus (verify species-level status),,,,,,,,2,2.5,,,Full sun to part shade,Medium to wet,,,,,,,,,blue to purple,May to June,,,,"rain garden, aquatic margin, attracts pollinators",,,,,,,,,,,,,,,,,,,,,,,,,,,
Purple Flame Iris,Iris versicolor Purple Flame,Iris,Y,Fiore,Native cultivar / congener (PROVISIONAL - genus-native tie; verify),Cultivar/selection within a regional-native genus (verify: native cultivar vs exotic congener),,,,,,,,2,2.5,,,Full sun to part shade,Medium to wet,,,,,,,,,,May to June,,,,"rain garden, aquatic margin, attracts pollinators",,,,,,,,,,,,,,,,,,,,,,,,,,,
Fizzy Mizzy Sweetspire,Itea virginica Fizzy Mizzy,Itea,Y,Fiore,Native cultivar / congener (PROVISIONAL - genus-native tie; verify),Cultivar/selection within a regional-native genus (verify: native cultivar vs exotic congener),,,,shrub,,,,3,5,,,Full sun to part shade,Medium to wet,,5 to 9,,,,,,,,June to July,,,,"Virginia sweetspire, intensely fragrant, brilliant fall color, rain garden",,perennial,,,,,,,,,,,,,,,,,,,,,,,,,
Henrys Garnet Virginia Sweetspire,Itea virginica Henrys Garnet,Itea,Y,Fiore,Native cultivar / congener (PROVISIONAL - genus-native tie; verify),Cultivar/selection within a regional-native genus (verify: native cultivar vs exotic congener),,,,shrub,,,,3,5,,,Full sun to part shade,Medium to wet,,5 to 9,,,,,,,,June to July,,,,"Virginia sweetspire, intensely fragrant, brilliant fall color, rain garden",,perennial,,,,,,,,,,,,,,,,,,,,,,,,,
Little Henry Virginia Sweetspire,Itea virginica Little Henry,Itea,Y,Fiore,Native cultivar / congener (PROVISIONAL - genus-native tie; verify),Cultivar/selection within a regional-native genus (verify: native cultivar vs exotic congener),,,,shrub,,,,3,5,,,Full sun to part shade,Medium to wet,,5 to 9,,,,,,,,June to July,,,,"Virginia sweetspire, intensely fragrant, brilliant fall color, rain garden",,perennial,,,,,,,,,,,,,,,,,,,,,,,,,
Scentlandia Virginia Sweetshrub,Itea virginica Scentlandia,Itea,Y,Fiore,Native cultivar / congener (PROVISIONAL - genus-native tie; verify),Cultivar/selection within a regional-native genus (verify: native cultivar vs exotic congener),,,,shrub,,,,3,5,,,Full sun to part shade,Medium to wet,,5 to 9,,,,,,,,June to July,,,,"Virginia sweetspire, intensely fragrant, brilliant fall color, rain garden",,perennial,,,,,,,,,,,,,,,,,,,,,,,,,
Daubs Frosted Juniper,Juniperus chinensis Daubs Frosted,Juniperus,Y,Fiore,Native cultivar / congener (PROVISIONAL - genus-native tie; verify),Cultivar/selection within a regional-native genus (verify: native cultivar vs exotic congener),,,,shrub,,,medium,,,,,Full sun,average,"sand, loam, clay",,TRUE,TRUE,Intolerant,,,,,Spring,,,,"juniper, evergreen, wildlife cover, extremely adaptable",,rapid growth; moderate-lived; perennial,,,,,,,,,,,,,,,,,,,,,,,,,
Gold Lace Juniper,Juniperus chinensis Gold Lace,Juniperus,Y,Fiore,Native cultivar / congener (PROVISIONAL - genus-native tie; verify),Cultivar/selection within a regional-native genus (verify: native cultivar vs exotic congener),,,,shrub,,,medium,,,,,Full sun,average,"sand, loam, clay",,TRUE,TRUE,Intolerant,,,,,Spring,,,,"juniper, evergreen, wildlife cover, extremely adaptable",,rapid growth; moderate-lived; perennial,,,,,,,,,,,,,,,,,,,,,,,,,
Kallay Compact Pfitzer Juniper,Juniperus chinensis Pfitzerana Kallays Compacta,Juniperus,Y,Fiore,Native cultivar / congener (PROVISIONAL - genus-native tie; verify),Cultivar/selection within a regional-native genus (verify: native cultivar vs exotic congener),,,,shrub,,,medium,,,,,Full sun,average,"sand, loam, clay",,TRUE,TRUE,Intolerant,,,,,Spring,,,,"juniper, evergreen, wildlife cover, extremely adaptable",,rapid growth; moderate-lived; perennial,,,,,,,,,,,,,,,,,,,,,,,,,
Sea Green Juniper,Juniperus chinensis Sea Green,Juniperus,Y,Fiore,Native cultivar / congener (PROVISIONAL - genus-native tie; verify),Cultivar/selection within a regional-native genus (verify: native cultivar vs exotic congener),,,,shrub,,,medium,,,,,Full sun,average,"sand, loam, clay",,TRUE,TRUE,Intolerant,,,,,Spring,,,,"juniper, evergreen, wildlife cover, extremely adaptable",,rapid growth; moderate-lived; perennial,,,,,,,,,,,,,,,,,,,,,,,,,
Hollywood Juniper,Juniperus chinensis Torulosa,Juniperus,Y,Fiore,Native cultivar / congener (PROVISIONAL - genus-native tie; verify),Cultivar/selection within a regional-native genus (verify: native cultivar vs exotic congener),,,,shrub,,,medium,,,,,Full sun,average,"sand, loam, clay",,TRUE,TRUE,Intolerant,,,,,Spring,,,,"juniper, evergreen, wildlife cover, extremely adaptable",,rapid growth; moderate-lived; perennial,,,,,,,,,,,,,,,,,,,,,,,,,
Green Sargent Juniper,Juniperus chinensis var. sargentii Viridis,Juniperus,Y,Fiore,Native cultivar / congener (PROVISIONAL - genus-native tie; verify),Cultivar/selection within a regional-native genus (verify: native cultivar vs exotic congener),,,,shrub,,,medium,,,,,Full sun,average,"sand, loam, clay",,TRUE,TRUE,Intolerant,,,,,Spring,,,,"juniper, evergreen, wildlife cover, extremely adaptable",,rapid growth; moderate-lived; perennial,,,,,,,,,,,,,,,,,,,,,,,,,
Gold Cone Common Juniper,Juniperus communis Gold Cone,Juniperus,Y,Fiore,Native cultivar / congener (PROVISIONAL - genus-native tie; verify),Cultivar/selection within a regional-native genus (verify: native cultivar vs exotic congener),,,,shrub,,,medium,,,,,Full sun,dry,"sand, loam, clay",,TRUE,TRUE,Intolerant,,10,5,,Mid Spring,,,,showy fruit,,slow growth; long-lived; perennial,,,,,,,,,,,,,,,,,,,,,,,,,
Blue Pacific Shore Juniper,Juniperus conferta Blue Pacific,Juniperus,Y,Fiore,Native cultivar / congener (PROVISIONAL - genus-native tie; verify),Cultivar/selection within a regional-native genus (verify: native cultivar vs exotic congener),,,,shrub,,,medium,,,,,Full sun,average,"sand, loam",,TRUE,TRUE,Intolerant,,,,,Late Spring,,,,"juniper, evergreen, wildlife cover, extremely adaptable",,moderate growth; moderate-lived; perennial,,,,,,,,,,,,,,,,,,,,,,,,,
Youngstown Andorra Compact Juniper,Juniperus horizontalis Plumosa Compacta Youngstown,Juniperus,Y,Fiore,Native cultivar / congener (PROVISIONAL - genus-native tie; verify),Cultivar/selection within a regional-native genus (verify: native cultivar vs exotic congener),,,,shrub,,,coarse,,,,,Full sun,moist,loam,,TRUE,TRUE,Intolerant,,10,5,,Late Spring,,,,"juniper, evergreen, wildlife cover, extremely adaptable",,moderate growth; moderate-lived; perennial,,,,,,,,,,,,,,,,,,,,,,,,,
Blue Rug Juniper,Juniperus horizontalis Wiltonii,Juniperus,Y,Fiore,Native cultivar / congener (PROVISIONAL - genus-native tie; verify),Cultivar/selection within a regional-native genus (verify: native cultivar vs exotic congener),,,,shrub,,,coarse,,,,,Full sun,moist,loam,,TRUE,TRUE,Intolerant,,10,5,,Late Spring,,,,"juniper, evergreen, wildlife cover, extremely adaptable",,moderate growth; moderate-lived; perennial,,,,,,,,,,,,,,,,,,,,,,,,,
Greenmound Japanese Rock Garden Juniper,Juniperus procumbens Greenmound,Juniperus,Y,Fiore,Native cultivar / congener (PROVISIONAL - genus-native tie; verify),Cultivar/selection within a regional-native genus (verify: native cultivar vs exotic congener),,,,shrub,,,,,,,,Full sun,Dry to medium,,,TRUE,TRUE,,,,,,,,,,"juniper, evergreen, wildlife cover, extremely adaptable",,,,,,,,,,,,,,,,,,,,,,,,,,,
Dwarf Japanese Rock Garden Juniper,Juniperus procumbens Nana,Juniperus,Y,Fiore,Native cultivar / congener (PROVISIONAL - genus-native tie; verify),Cultivar/selection within a regional-native genus (verify: native cultivar vs exotic congener),,,,shrub,,,,,,,,Full sun,Dry to medium,,,TRUE,TRUE,,,,,,,,,,"juniper, evergreen, wildlife cover, extremely adaptable",,,,,,,,,,,,,,,,,,,,,,,,,,,
Blue Star Juniper,Juniperus squamata Blue Star,Juniperus,Y,Fiore,Native cultivar / congener (PROVISIONAL - genus-native tie; verify),Cultivar/selection within a regional-native genus (verify: native cultivar vs exotic congener),,,,shrub,,,,,,,,Full sun,Dry to medium,,,TRUE,TRUE,,,,,,,,,,"juniper, evergreen, wildlife cover, extremely adaptable",,perennial,,,,,,,,,,,,,,,,,,,,,,,,,
Eastern Red Cedar,Juniperus virginiana,Juniperus,N,Fiore,Native / near-region (PROVISIONAL - genus-native tie; verify),Native or near-region species of a regional-native genus (verify species-level status),,,,shrub,,,medium,,50,,,Full sun,dry,"sand, loam, clay",,TRUE,TRUE,Intermediate,,,,green,Late Spring,,,,showy fruit,,slow growth; moderate-lived; perennial,,,,,,,,,,,,,,,,,,,,,,,,,
Grey Owl Red Cedar,Juniperus virginiana Grey Owl,Juniperus,Y,Fiore,Native cultivar / congener (PROVISIONAL - genus-native tie; verify),Cultivar/selection within a regional-native genus (verify: native cultivar vs exotic congener),,,,shrub,,,medium,,,,,Full sun,dry,"sand, loam, clay",,TRUE,TRUE,Intermediate,,,,,Late Spring,,,,showy fruit,,slow growth; moderate-lived; perennial,,,,,,,,,,,,,,,,,,,,,,,,,
Prairie June Grass,Koeleria macrantha,Koeleria,N,Fiore,Native / near-region (PROVISIONAL - genus-native tie; verify),Native or near-region species of a regional-native genus (verify species-level status),,,,grass,,,fine,1,1.5,,,Full sun,moist,"sand, loam",,TRUE,,Tolerant,,,,yellow,Late Spring,,,,"prairie junegrass, fine-textured, cool-season grass",,rapid growth; short-lived; perennial,,,,,,,,,,,,,,,,,,,,,,,,,
Rough Blazing Star,Liatris aspera,Liatris,N,Fiore,Native / near-region (PROVISIONAL - genus-native tie; verify),Native or near-region species of a regional-native genus (verify species-level status),,,,flower,,,,2,3,,,Full sun,Dry to medium,,,TRUE,,,,6,5,purple,August to October,,,,"blazing star, attracts monarchs",,perennial,,,,,,,,,,,,,,,,,,,,,,,,,
Cylindric Gayfeather,Liatris cylindracea,Liatris,N,Fiore,Native / near-region (PROVISIONAL - genus-native tie; verify),Native or near-region species of a regional-native genus (verify species-level status),,,,flower,,,,1,2,,,Full sun,Dry to medium,,,TRUE,,,,8,5,purple,July to September,,,,"cylindrical blazing star, butterfly magnet",,perennial,,,,,,,,,,,,,,,,,,,,,,,,,
Butterfly Magnet Meadow Blazing Star,Liatris ligulistylis Butterfly Magnet,Liatris,Y,Fiore,Native cultivar / congener (PROVISIONAL - genus-native tie; verify),Cultivar/selection within a regional-native genus (verify: native cultivar vs exotic congener),,,,flower,,,,,,,,Full sun,Medium,,,,,,,,,,August to September,,,,"meadow blazing star, monarch butterfly magnet",,perennial,,,,,,,,,,,,,,,,,,,,,,,,,
Prairie Blazing Star,Liatris pycnostachya,Liatris,N,Fiore,Native / near-region (PROVISIONAL - genus-native tie; verify),Native or near-region species of a regional-native genus (verify species-level status),,,,flower,,,coarse,2,3.5,,,Full sun,average,"sand, loam, clay",,TRUE,,Intolerant,,8,1,purple,Mid Summer,,,,showy flowers,,moderate growth; moderate-lived; perennial,,,,,,,,,,,,,,,,,,,,,,,,,
Cobalus Dwarf Spike Gayfeather,Liatris spicata Cobalus,Liatris,Y,Fiore,Native cultivar / congener (PROVISIONAL - genus-native tie; verify),Cultivar/selection within a regional-native genus (verify: native cultivar vs exotic congener),,,,flower,,,coarse,2,4,,,Full sun,average,"loam, clay",3 to 8,TRUE,,Intermediate,,6,0,,Late Summer,,,,showy flowers,,slow growth; moderate-lived; perennial,,,,,,,,,,,,,,,,,,,,,,,,,
Floristan White Gayfeather,Liatris spicata Floristan White,Liatris,Y,Fiore,Native cultivar / congener (PROVISIONAL - genus-native tie; verify),Cultivar/selection within a regional-native genus (verify: native cultivar vs exotic congener),,,,flower,,,coarse,2,4,,,Full sun,average,"loam, clay",3 to 8,TRUE,,Intermediate,,6,0,,Late Summer,,,,showy flowers,,slow growth; moderate-lived; perennial,,,,,,,,,,,,,,,,,,,,,,,,,
Kobold Spike Gayfeather,Liatris spicata Kobold,Liatris,Y,Fiore,Native cultivar / congener (PROVISIONAL - genus-native tie; verify),Cultivar/selection within a regional-native genus (verify: native cultivar vs exotic congener),,,,flower,,,coarse,2,4,,,Full sun,average,"loam, clay",3 to 8,TRUE,,Intermediate,,6,0,,Late Summer,,,,showy flowers,,slow growth; moderate-lived; perennial,,,,,,,,,,,,,,,,,,,,,,,,,
Trailblazer Blazing Star,Liatris spicata Trailblazer,Liatris,Y,Fiore,Native cultivar / congener (PROVISIONAL - genus-native tie; verify),Cultivar/selection within a regional-native genus (verify: native cultivar vs exotic congener),,,,flower,,,coarse,2,4,,,Full sun,average,"loam, clay",3 to 8,TRUE,,Intermediate,,6,0,,Late Summer,,,,showy flowers,,slow growth; moderate-lived; perennial,,,,,,,,,,,,,,,,,,,,,,,,,
Primrose Hill oriental Lily,Lilium orientale Primrose Hill,Lilium,Y,Fiore,Native cultivar / congener (PROVISIONAL - genus-native tie; verify),Cultivar/selection within a regional-native genus (verify: native cultivar vs exotic congener),,,,,,,,2,4,,,Full sun to part shade,Medium,,4 to 8,,,,,,,,June to August,,,,"lily, fragrant, summer bloomer",,,,,,,,,,,,,,,,,,,,,,,,,,,
Stargazer Speciosum Lily,Lilium speciosum Stargazer,Lilium,Y,Fiore,Native cultivar / congener (PROVISIONAL - genus-native tie; verify),Cultivar/selection within a regional-native genus (verify: native cultivar vs exotic congener),,,,,,,,2,4,,,Full sun to part shade,Medium,,4 to 8,,,,,,,,June to August,,,,"lily, fragrant, summer bloomer",,,,,,,,,,,,,,,,,,,,,,,,,,,
Spicebush,Lindera benzoin,Lindera,N,Fiore,Native / near-region (PROVISIONAL - genus-native tie; verify),Native or near-region species of a regional-native genus (verify species-level status),,,,shrub,,,coarse,6,12,,,Part shade,average,"loam, clay",,,,Intermediate,,7,-2,white,Mid Spring,,,,showy flowers,,slow growth; long-lived; perennial,,,,,,,,,,,,,,,,,,,,,,,,,
Monet Moment Cardinal Flower,Lobelia Monet Moment,Lobelia,Y,Fiore,Native cultivar / congener (PROVISIONAL - genus-native tie; verify),Cultivar/selection within a regional-native genus (verify: native cultivar vs exotic congener),,,,,,,,2,4,,,Full sun to part shade,Medium to wet,,4 to 9,,,,,,,,July to September,,,,"lobelia, attracts hummingbirds",,,,,,,,,,,,,,,,,,,,,,,,,,,
Cardinal Flower,Lobelia cardinalis,Lobelia,N,Fiore,Native / near-region (PROVISIONAL - genus-native tie; verify),Native or near-region species of a regional-native genus (verify species-level status),,,,flower,,,,2,3,,,Full sun to part shade,Medium to wet,,4 to 9,,,,,7,-5,red,July to September,,,,"attracts hummingbirds and butterflies, rain garden",,perennial,,,,,,,,,,,,,,,,,,,,,,,,,
Black Truffel Cardinal Flower,Lobelia cardinalis Black Truffel,Lobelia,Y,Fiore,Native cultivar / congener (PROVISIONAL - genus-native tie; verify),Cultivar/selection within a regional-native genus (verify: native cultivar vs exotic congener),,,,flower,,,,2,3,,,Full sun to part shade,Medium to wet,,4 to 9,,,,,7,-5,,July to September,,,,"lobelia, attracts hummingbirds",,perennial,,,,,,,,,,,,,,,,,,,,,,,,,
Great Blue Cardinal Flower,Lobelia siphilitica,Lobelia,N,Fiore,Native / near-region (PROVISIONAL - genus-native tie; verify),Native or near-region species of a regional-native genus (verify species-level status),,,,flower,,,,2,3,,,Full sun to part shade,Medium to wet,,4 to 9,,,,,6,-4,blue,July to September,,,,"attracts hummingbirds and butterflies, rain garden",,perennial,,,,,,,,,,,,,,,,,,,,,,,,,
Scentsation Woodbine,Lonicera periclymenum Scentsation,Lonicera,Y,Fiore,Native cultivar / congener (PROVISIONAL - genus-native tie; verify),Cultivar/selection within a regional-native genus (verify: native cultivar vs exotic congener),,,,vine,,,,10,20,,,Full sun to part shade,Medium,,4 to 9,,,,,,,,May to August,,,,"honeysuckle, fragrant, attracts hummingbirds and birds",,perennial,,,,,,,,,,,,,,,,,,,,,,,,,
Kintzleys Ghost Honeysuckle,Lonicera reticulata Kintzleys Ghost,Lonicera,Y,Fiore,Native cultivar / congener (PROVISIONAL - genus-native tie; verify),Cultivar/selection within a regional-native genus (verify: native cultivar vs exotic congener),,,,vine,,,,10,20,,,Full sun to part shade,Medium,,4 to 9,,,,,,,,May to August,,,,"honeysuckle, fragrant, attracts hummingbirds and birds",,perennial,,,,,,,,,,,,,,,,,,,,,,,,,
Coral Honeysuckle,Lonicera sempervirens Major Wheeler,Lonicera,Y,Fiore,Native cultivar / congener (PROVISIONAL - genus-native tie; verify),Cultivar/selection within a regional-native genus (verify: native cultivar vs exotic congener),,,,vine,,,,10,15,,,Full sun to part shade,Medium,,4 to 9,,,,,,,,May to August,,,,"trumpet honeysuckle, attracts hummingbirds",,,,,,,,,,,,,,,,,,,,,,,,,,,
Red Rum Lupine,Lupinus Red Rum,Lupinus,Y,Fiore,Native cultivar / congener (PROVISIONAL - genus-native tie; verify),Cultivar/selection within a regional-native genus (verify: native cultivar vs exotic congener),,,,,,,,,,,,Full sun,Medium,,,,,,,,,,May to July,,,,"lupine, tall spires, nitrogen fixer",,,,,,,,,,,,,,,,,,,,,,,,,,,
Gooseneck Loosestrife,Lysimachia clethroides,Lysimachia,N,Fiore,Native / near-region (PROVISIONAL - genus-native tie; verify),Native or near-region species of a regional-native genus (verify species-level status),,,,flower,,,,2,3,,,Full sun to part shade,Medium,,3 to 8,,,,,0,5,white,July to August,,,,"gooseneck loosestrife, arching white spikes, spreads by rhizomes",,perennial,,,,,,,,,,,,,,,,,,,,,,,,,
Creeping Jenny or Moneywort,Lysimachia nummularia Aurea,Lysimachia,Y,Fiore,Native cultivar / congener (PROVISIONAL - genus-native tie; verify),Cultivar/selection within a regional-native genus (verify: native cultivar vs exotic congener),,,,flower,,,,0.1,0.25,,,Full sun to part shade,Medium to wet,,3 to 8,,,,,0,-4,,June to August,,,,"creeping Jenny, fast-spreading groundcover, golden or green",,perennial,,,,,,,,,,,,,,,,,,,,,,,,,
Ostrich Fern,Matteuccia struthiopteris,Matteuccia,N,Fiore,Native / near-region (PROVISIONAL - genus-native tie; verify),Native or near-region species of a regional-native genus (verify species-level status),,,,fern,,,,,,,,Part shade to full shade,Medium to wet,,,,,,,10,-3,,,,,,"vase-shaped form, spreads by rhizomes",,,,,,,,,,,,,,,,,,,,,,,,,,,
Bee Pretty Beebalm,Monarda Bee-You Bee Pretty,Monarda,Y,Fiore,Native cultivar / congener (PROVISIONAL - genus-native tie; verify),Cultivar/selection within a regional-native genus (verify: native cultivar vs exotic congener),,,,,,,,2,4,,,Full sun to part shade,Medium,,3 to 9,,,,,,,,July to September,,,,"beebalm, attracts hummingbirds and bees",,,,,,,,,,,,,,,,,,,,,,,,,,,
Bee-You Bee-Happy Beebalm,Monarda Bee-You Bee-Happy,Monarda,Y,Fiore,Native cultivar / congener (PROVISIONAL - genus-native tie; verify),Cultivar/selection within a regional-native genus (verify: native cultivar vs exotic congener),,,,,,,,2,4,,,Full sun to part shade,Medium,,3 to 9,,,,,,,,July to September,,,,"beebalm, attracts hummingbirds and bees",,,,,,,,,,,,,,,,,,,,,,,,,,,
Sugar Buzz Bubblegum Blast Bee Balm,Monarda Bubblegum Blast,Monarda,Y,Fiore,Native cultivar / congener (PROVISIONAL - genus-native tie; verify),Cultivar/selection within a regional-native genus (verify: native cultivar vs exotic congener),,,,,,,,2,4,,,Full sun to part shade,Medium,,3 to 9,,,,,,,,July to September,,,,"beebalm, attracts hummingbirds and bees",,,,,,,,,,,,,,,,,,,,,,,,,,,
Electric Neon Pink Bee Balm,Monarda Electric Neon Pink,Monarda,Y,Fiore,Native cultivar / congener (PROVISIONAL - genus-native tie; verify),Cultivar/selection within a regional-native genus (verify: native cultivar vs exotic congener),,,,,,,,2,4,,,Full sun to part shade,Medium,,3 to 9,,,,,,,,July to September,,,,"beebalm, attracts hummingbirds and bees",,,,,,,,,,,,,,,,,,,,,,,,,,,
Mojo Bee Balm,Monarda Mojo,Monarda,Y,Fiore,Native cultivar / congener (PROVISIONAL - genus-native tie; verify),Cultivar/selection within a regional-native genus (verify: native cultivar vs exotic congener),,,,,,,,2,4,,,Full sun to part shade,Medium,,3 to 9,,,,,,,,July to September,,,,"beebalm, attracts hummingbirds and bees",,,,,,,,,,,,,,,,,,,,,,,,,,,
Eastern Bee Balm,Monarda bradburiana,Monarda,N,Fiore,Native / near-region (PROVISIONAL - genus-native tie; verify),Native or near-region species of a regional-native genus (verify species-level status),,,,flower,,,,1.5,2,,,Full sun to part shade,Dry to medium,,3 to 9,,,,,,,lavender to white,May to June,,,,"early beebalm, attracts bees and butterflies",,perennial,,,,,,,,,,,,,,,,,,,,,,,,,
Midnight Oil Bee Balm,Monarda bradburiana Midnight Oil PP#34.354,Monarda,Y,Fiore,Native cultivar / congener (PROVISIONAL - genus-native tie; verify),Cultivar/selection within a regional-native genus (verify: native cultivar vs exotic congener),,,,flower,,,,1.5,2,,,Full sun to part shade,Dry to medium,,3 to 9,,,,,,,,May to June,,,,"early beebalm, attracts bees and butterflies",,perennial,,,,,,,,,,,,,,,,,,,,,,,,,
Coral Reef Bee Balm,Monarda didyma Coral Reef,Monarda,Y,Fiore,Native cultivar / congener (PROVISIONAL - genus-native tie; verify),Cultivar/selection within a regional-native genus (verify: native cultivar vs exotic congener),,,,flower,,,,2,4,,,Full sun to part shade,Medium to wet,,3 to 9,,,,,0,5,,July to August,,,,attracts hummingbirds and butterflies,,perennial,,,,,,,,,,,,,,,,,,,,,,,,,
Jacob Kline Bee Balm,Monarda didyma Jacob Kline,Monarda,Y,Fiore,Native cultivar / congener (PROVISIONAL - genus-native tie; verify),Cultivar/selection within a regional-native genus (verify: native cultivar vs exotic congener),,,,flower,,,,2,4,,,Full sun to part shade,Medium to wet,,3 to 9,,,,,0,5,,July to August,,,,attracts hummingbirds and butterflies,,perennial,,,,,,,,,,,,,,,,,,,,,,,,,
Marshalls Delight Bee Balm,Monarda didyma Marshalls Delight,Monarda,Y,Fiore,Native cultivar / congener (PROVISIONAL - genus-native tie; verify),Cultivar/selection within a regional-native genus (verify: native cultivar vs exotic congener),,,,flower,,,,2,4,,,Full sun to part shade,Medium to wet,,3 to 9,,,,,0,5,,July to August,,,,attracts hummingbirds and butterflies,,perennial,,,,,,,,,,,,,,,,,,,,,,,,,
Pardon My Cerise Bee Balm,Monarda didyma Pardon My Cerise,Monarda,Y,Fiore,Native cultivar / congener (PROVISIONAL - genus-native tie; verify),Cultivar/selection within a regional-native genus (verify: native cultivar vs exotic congener),,,,flower,,,,2,4,,,Full sun to part shade,Medium to wet,,3 to 9,,,,,0,5,,July to August,,,,attracts hummingbirds and butterflies,,perennial,,,,,,,,,,,,,,,,,,,,,,,,,
Pardon My Purple Bee Balm,Monarda didyma Pardon My Purple,Monarda,Y,Fiore,Native cultivar / congener (PROVISIONAL - genus-native tie; verify),Cultivar/selection within a regional-native genus (verify: native cultivar vs exotic congener),,,,flower,,,,2,4,,,Full sun to part shade,Medium to wet,,3 to 9,,,,,0,5,,July to August,,,,attracts hummingbirds and butterflies,,perennial,,,,,,,,,,,,,,,,,,,,,,,,,
Petite Delight Beebalm,Monarda didyma Petite Delight,Monarda,Y,Fiore,Native cultivar / congener (PROVISIONAL - genus-native tie; verify),Cultivar/selection within a regional-native genus (verify: native cultivar vs exotic congener),,,,flower,,,,2,4,,,Full sun to part shade,Medium to wet,,3 to 9,,,,,0,5,,July to August,,,,attracts hummingbirds and butterflies,,perennial,,,,,,,,,,,,,,,,,,,,,,,,,
Raspberry Wine Bee Balm,Monarda didyma Raspberry Wine,Monarda,Y,Fiore,Native cultivar / congener (PROVISIONAL - genus-native tie; verify),Cultivar/selection within a regional-native genus (verify: native cultivar vs exotic congener),,,,flower,,,,2,4,,,Full sun to part shade,Medium to wet,,3 to 9,,,,,0,5,,July to August,,,,attracts hummingbirds and butterflies,,perennial,,,,,,,,,,,,,,,,,,,,,,,,,
Spotted Horsemint,Monarda punctata,Monarda,N,Fiore,Native / near-region (PROVISIONAL - genus-native tie; verify),Native or near-region species of a regional-native genus (verify species-level status),,,,shrub,,,,1.5,3,,,Full sun,Dry,,3 to 9,TRUE,,,,5,5,yellow to white,July to September,,,,"dotted horsemint, attracts many bee species",,annual,,,,,,,,,,,,,,,,,,,,,,,,,
Beebop Beebalm,Monarda punctata Beebop,Monarda,Y,Fiore,Native cultivar / congener (PROVISIONAL - genus-native tie; verify),Cultivar/selection within a regional-native genus (verify: native cultivar vs exotic congener),,,,shrub,,,,1.5,3,,,Full sun,Dry,,3 to 9,TRUE,,,,5,5,,July to September,,,,"dotted horsemint, attracts many bee species",,annual,,,,,,,,,,,,,,,,,,,,,,,,,
Bumble Bee King Eastern Bee Balm,Monarda x Bumble Bee King,Monarda,Y,Fiore,Native cultivar / congener (PROVISIONAL - genus-native tie; verify),Cultivar/selection within a regional-native genus (verify: native cultivar vs exotic congener),,,,,,,,2,4,,,Full sun to part shade,Medium,,3 to 9,,,,,,,,July to September,,,,"beebalm, attracts hummingbirds and bees",,,,,,,,,,,,,,,,,,,,,,,,,,,
Northern Bayberry,Myrica pensylvanica,Myrica,N,Fiore,Native / near-region (PROVISIONAL - genus-native tie; verify),Native or near-region species of a regional-native genus (verify species-level status),,,,shrub,,,,5,10,,,Full sun to part shade,Dry to medium,,,TRUE,,,,,,,,,,,"aromatic waxy berries, nitrogen fixer, tolerates poor sandy soils",,,,,,,,,,,,,,,,,,,,,,,,,,,
Ohio Goldenrod,Oligoneuron ohioense,Oligoneuron,N,Fiore,Native / near-region (PROVISIONAL - genus-native tie; verify),Native or near-region species of a regional-native genus (verify species-level status),,,,flower,,,,,,,,Full sun,Medium to wet,,,,,,,,,yellow,August to October,,,,"Ohio goldenrod, wet prairie, attracts butterflies",,perennial,,,,,,,,,,,,,,,,,,,,,,,,,
Sensitive Fern,Onoclea sensibilis,Onoclea,N,Fiore,Native / near-region (PROVISIONAL - genus-native tie; verify),Native or near-region species of a regional-native genus (verify species-level status),,,,fern,,,,2,4,,,Part shade to full shade,Medium,,,,,,,8,-3,,,,,,"coarse bold texture, shelter for wildlife",,perennial,,,,,,,,,,,,,,,,,,,,,,,,,
Cinnamon Fern,Osmunda cinnamomea,Osmunda,N,Fiore,Native / near-region (PROVISIONAL - genus-native tie; verify),Native or near-region species of a regional-native genus (verify species-level status),,,,fern,,,,2,3,,,Part shade to full shade,Medium to wet,,,,,,,7,-3,,,,,,"cinnamon-colored fertile fronds in spring, native fern",,,,,,,,,,,,,,,,,,,,,,,,,,,
Royal Fern,Osmunda regalis,Osmunda,N,Fiore,Native / near-region (PROVISIONAL - genus-native tie; verify),Native or near-region species of a regional-native genus (verify species-level status),,,,fern,,,,5,6,2,3,Part shade,Medium to wet,,,,,,,,,,,,,,"bold architectural fern, rain garden",,perennial,,,,,,,,,,,,,,,,,,,,,,,,,
Green Carpet Japanese Spurge,Pachysandra terminalis Green Carpet,Pachysandra,Y,Fiore,Native cultivar / congener (PROVISIONAL - genus-native tie; verify),Cultivar/selection within a regional-native genus (verify: native cultivar vs exotic congener),,,,shrub,,,medium,0.5,1,,,Part shade to full shade,moist,"sand, loam, clay",4 to 8,,TRUE,Tolerant,,0,5,,Early Summer,,,,showy flowers,,slow growth; moderate-lived; perennial,,,,,,,,,,,,,,,,,,,,,,,,,
Variegated Japanese Spurge,Pachysandra terminalis Variegata,Pachysandra,Y,Fiore,Native cultivar / congener (PROVISIONAL - genus-native tie; verify),Cultivar/selection within a regional-native genus (verify: native cultivar vs exotic congener),,,,shrub,,,medium,0.5,1,,,Part shade to full shade,moist,"sand, loam, clay",4 to 8,,TRUE,Tolerant,,0,5,,Early Summer,,,,showy flowers,,slow growth; moderate-lived; perennial,,,,,,,,,,,,,,,,,,,,,,,,,
Apache Rose Switch Grass,Panicum virgatum Apache Rose,Panicum,Y,Fiore,Native cultivar / congener (PROVISIONAL - genus-native tie; verify),Cultivar/selection within a regional-native genus (verify: native cultivar vs exotic congener),,,,grass,,,coarse,3,6,,,Full sun to part shade,average,"sand, loam, clay",,TRUE,,Intolerant,,5,-1,,Mid Summer,,,,"four-season interest, birds eat seeds",,rapid growth; long-lived; perennial,,,,,,,,,,,,,,,,,,,,,,,,,
Prairie Winds Cheyenne Sky Switch Grass,Panicum virgatum Cheyenne Sky,Panicum,Y,Fiore,Native cultivar / congener (PROVISIONAL - genus-native tie; verify),Cultivar/selection within a regional-native genus (verify: native cultivar vs exotic congener),,,,grass,,,coarse,3,6,,,Full sun to part shade,average,"sand, loam, clay",,TRUE,,Intolerant,,5,-1,,Mid Summer,,,,"four-season interest, birds eat seeds",,rapid growth; long-lived; perennial,,,,,,,,,,,,,,,,,,,,,,,,,
Dust in the Wind Switch Grass,Panicum virgatum Dust in the Wind,Panicum,Y,Fiore,Native cultivar / congener (PROVISIONAL - genus-native tie; verify),Cultivar/selection within a regional-native genus (verify: native cultivar vs exotic congener),,,,grass,,,coarse,3,6,,,Full sun to part shade,average,"sand, loam, clay",,TRUE,,Intolerant,,5,-1,,Mid Summer,,,,"four-season interest, birds eat seeds",,rapid growth; long-lived; perennial,,,,,,,,,,,,,,,,,,,,,,,,,
Heavy Metal Switch Grass,Panicum virgatum Heavy Metal,Panicum,Y,Fiore,Native cultivar / congener (PROVISIONAL - genus-native tie; verify),Cultivar/selection within a regional-native genus (verify: native cultivar vs exotic congener),,,,grass,,,coarse,3,6,,,Full sun to part shade,average,"sand, loam, clay",,TRUE,,Intolerant,,5,-1,,Mid Summer,,,,"four-season interest, birds eat seeds",,rapid growth; long-lived; perennial,,,,,,,,,,,,,,,,,,,,,,,,,
Niagara Falls Switch Grass,Panicum virgatum Niagara Falls,Panicum,Y,Fiore,Native cultivar / congener (PROVISIONAL - genus-native tie; verify),Cultivar/selection within a regional-native genus (verify: native cultivar vs exotic congener),,,,grass,,,coarse,3,6,,,Full sun to part shade,average,"sand, loam, clay",,TRUE,,Intolerant,,5,-1,,Mid Summer,,,,"four-season interest, birds eat seeds",,rapid growth; long-lived; perennial,,,,,,,,,,,,,,,,,,,,,,,,,
Northwind Switch Grass,Panicum virgatum Northwind,Panicum,Y,Fiore,Native cultivar / congener (PROVISIONAL - genus-native tie; verify),Cultivar/selection within a regional-native genus (verify: native cultivar vs exotic congener),,,,grass,,,coarse,3,6,,,Full sun to part shade,average,"sand, loam, clay",,TRUE,,Intolerant,,5,-1,,Mid Summer,,,,"four-season interest, birds eat seeds",,rapid growth; long-lived; perennial,,,,,,,,,,,,,,,,,,,,,,,,,
Purple Tears Switch Grass,Panicum virgatum Purple Trears,Panicum,Y,Fiore,Native cultivar / congener (PROVISIONAL - genus-native tie; verify),Cultivar/selection within a regional-native genus (verify: native cultivar vs exotic congener),,,,grass,,,coarse,3,6,,,Full sun to part shade,average,"sand, loam, clay",,TRUE,,Intolerant,,5,-1,,Mid Summer,,,,"four-season interest, birds eat seeds",,rapid growth; long-lived; perennial,,,,,,,,,,,,,,,,,,,,,,,,,
Rotstrahlbusch Switch Grass,Panicum virgatum Rotstrahlbusch,Panicum,Y,Fiore,Native cultivar / congener (PROVISIONAL - genus-native tie; verify),Cultivar/selection within a regional-native genus (verify: native cultivar vs exotic congener),,,,grass,,,coarse,3,6,,,Full sun to part shade,average,"sand, loam, clay",,TRUE,,Intolerant,,5,-1,,Mid Summer,,,,"four-season interest, birds eat seeds",,rapid growth; long-lived; perennial,,,,,,,,,,,,,,,,,,,,,,,,,
Shenandoah Switch Grass,Panicum virgatum Shenandoah,Panicum,Y,Fiore,Native cultivar / congener (PROVISIONAL - genus-native tie; verify),Cultivar/selection within a regional-native genus (verify: native cultivar vs exotic congener),,,,grass,,,coarse,3,6,,,Full sun to part shade,average,"sand, loam, clay",,TRUE,,Intolerant,,5,-1,,Mid Summer,,,,"four-season interest, birds eat seeds",,rapid growth; long-lived; perennial,,,,,,,,,,,,,,,,,,,,,,,,,
Wild Quinine or American Feverfew,Parthenium integrifolium,Parthenium,N,Fiore,Native / near-region (PROVISIONAL - genus-native tie; verify),Native or near-region species of a regional-native genus (verify species-level status),,,,flower,,,,3,4,,,Full sun,Dry to medium,,,,,,,8,5,white,May to August,,,,"wild quinine, aromatic foliage, prairie native",,perennial,,,,,,,,,,,,,,,,,,,,,,,,,
Virginia Creeper,Parthenocissus quinquefolia,Parthenocissus,N,Fiore,Native / near-region (PROVISIONAL - genus-native tie; verify),Native or near-region species of a regional-native genus (verify species-level status),,,,vine,,,coarse,,1.0,,,Full sun to full shade,dry,"loam, clay",,TRUE,,Intermediate,,2,1,,Late Spring,,,,fall color,,rapid growth; moderate-lived; perennial,,,,,,,,,,,,,,,,,,,,,,,,,
Red Wall Virginia Creeper,Parthenocissus quinquefolia Troki,Parthenocissus,Y,Fiore,Native cultivar / congener (PROVISIONAL - genus-native tie; verify),Cultivar/selection within a regional-native genus (verify: native cultivar vs exotic congener),,,,vine,,,coarse,,,,,Full sun to full shade,dry,"loam, clay",,TRUE,,Intermediate,,2,1,,Late Spring,,,,fall color,,rapid growth; moderate-lived; perennial,,,,,,,,,,,,,,,,,,,,,,,,,
Boston Ivy,Parthenocissus tricuspidata,Parthenocissus,N,Fiore,Native / near-region (PROVISIONAL - genus-native tie; verify),Native or near-region species of a regional-native genus (verify species-level status),,,,vine,,,medium,,2.0,,,Full sun to full shade,moist,"sand, loam",,,,Tolerant,,0,5,green,Early Summer,,,,"fall color, showy fruit",,rapid growth; long-lived; perennial,,,,,,,,,,,,,,,,,,,,,,,,,
Dark Towers Beardtongue,Penstemon Dark Towers,Penstemon,Y,Fiore,Native cultivar / congener (PROVISIONAL - genus-native tie; verify),Cultivar/selection within a regional-native genus (verify: native cultivar vs exotic congener),,,,,,,,1,2.5,,,Full sun to part shade,Dry to medium,,4 to 9,,,,,,,,May to July,,,,,,,,,,,,,,,,,,,,,,,,,,,,,,,
Midnight Masquerade Beardtongue,Penstemon Midnight Masquerade,Penstemon,Y,Fiore,Native cultivar / congener (PROVISIONAL - genus-native tie; verify),Cultivar/selection within a regional-native genus (verify: native cultivar vs exotic congener),,,,,,,,1,2.5,,,Full sun to part shade,Dry to medium,,4 to 9,,,,,,,,May to July,,,,,,,,,,,,,,,,,,,,,,,,,,,,,,,
Husker Red Beard Tongue,Penstemon digitalis Husker Red,Penstemon,Y,Fiore,Native cultivar / congener (PROVISIONAL - genus-native tie; verify),Cultivar/selection within a regional-native genus (verify: native cultivar vs exotic congener),,,,flower,,,fine,3,5,,,Full sun,dry,"sand, loam, clay",4 to 9,TRUE,,Tolerant,,4,1,,Late Spring,,,,showy flowers,,moderate growth; moderate-lived; perennial,,,,,,,,,,,,,,,,,,,,,,,,,
Pocahontas Beardtongue,Penstemon digitalis Pocahontas,Penstemon,Y,Fiore,Native cultivar / congener (PROVISIONAL - genus-native tie; verify),Cultivar/selection within a regional-native genus (verify: native cultivar vs exotic congener),,,,flower,,,fine,3,5,,,Full sun,dry,"sand, loam, clay",4 to 9,TRUE,,Tolerant,,4,1,,Late Spring,,,,showy flowers,,moderate growth; moderate-lived; perennial,,,,,,,,,,,,,,,,,,,,,,,,,
Red Riding Hood Beardtongue,Penstemon digitalis Red Riding Hood,Penstemon,Y,Fiore,Native cultivar / congener (PROVISIONAL - genus-native tie; verify),Cultivar/selection within a regional-native genus (verify: native cultivar vs exotic congener),,,,flower,,,fine,3,5,,,Full sun,dry,"sand, loam, clay",4 to 9,TRUE,,Tolerant,,4,1,,Late Spring,,,,showy flowers,,moderate growth; moderate-lived; perennial,,,,,,,,,,,,,,,,,,,,,,,,,
Hairy Beard Tongue,Penstemon hirsutus,Penstemon,N,Fiore,Native / near-region (PROVISIONAL - genus-native tie; verify),Native or near-region species of a regional-native genus (verify species-level status),,,,flower,,,,1,2.5,,,Full sun to part shade,Dry to medium,,4 to 9,TRUE,,,,9,5,lavender to white,May to June,,,,"hairy beardtongue, native prairie/edge plant",,perennial,,,,,,,,,,,,,,,,,,,,,,,,,
Minnie Pearl Hybrid Phlox,Phlox Minnie Pearl,Phlox,Y,Fiore,Native cultivar / congener (PROVISIONAL - genus-native tie; verify),Cultivar/selection within a regional-native genus (verify: native cultivar vs exotic congener),,,,,,,,1,3,,,Full sun,Medium,,,,,,,,,,May to August,,,,,,,,,,,,,,,,,,,,,,,,,,,,,,,
Sand Phlox,Phlox bifida,Phlox,N,Fiore,Native / near-region (PROVISIONAL - genus-native tie; verify),Native or near-region species of a regional-native genus (verify species-level status),,,,,,,,0.5,1,,,Full sun,Dry to medium,,,TRUE,,,,8,5,lavender to blue,April to May,,,,"sand phlox, fringed petals, rock garden",,,,,,,,,,,,,,,,,,,,,,,,,,,
Blue Moon Woodland Phlox,Phlox divaricata Blue Moon,Phlox,Y,Fiore,Native cultivar / congener (PROVISIONAL - genus-native tie; verify),Cultivar/selection within a regional-native genus (verify: native cultivar vs exotic congener),,,,flower,,,,1,1.25,,,Part shade to full shade,Medium,,,,,,,5,3,,April to May,,,,,,perennial,,,,,,,,,,,,,,,,,,,,,,,,,
Forever Pink Hybrib Phlox,Phlox glaberrima Forever Pink,Phlox,Y,Fiore,Native cultivar / congener (PROVISIONAL - genus-native tie; verify),Cultivar/selection within a regional-native genus (verify: native cultivar vs exotic congener),,,,flower,,,medium,2,3,,,Full sun to part shade,moist,"loam, clay",4 to 9,,,Intermediate,,,,,Late Spring,,,,showy flowers,,moderate growth; moderate-lived; perennial,,,,,,,,,,,,,,,,,,,,,,,,,
Blue Paradise Garden Phlox,Phlox paniculata Blue Paradise,Phlox,Y,Fiore,Native cultivar / congener (PROVISIONAL - genus-native tie; verify),Cultivar/selection within a regional-native genus (verify: native cultivar vs exotic congener),,,,flower,,,,2,4,,,Full sun,Medium,,4 to 8,,,,,0,3,,July to September,,,,"garden phlox, fragrant, mildew-prone in shade",,perennial,,,,,,,,,,,,,,,,,,,,,,,,,
First Editions Bubblegum Pink Phlox,Phlox paniculata Bubblegum Pink (Ditomfra),Phlox,Y,Fiore,Native cultivar / congener (PROVISIONAL - genus-native tie; verify),Cultivar/selection within a regional-native genus (verify: native cultivar vs exotic congener),,,,flower,,,,2,4,,,Full sun,Medium,,4 to 8,,,,,0,3,,July to September,,,,"garden phlox, fragrant, mildew-prone in shade",,perennial,,,,,,,,,,,,,,,,,,,,,,,,,
First Editions Coral Creme Drop Phlox,Phlox paniculata Coral Creme Drop (Ditomdre),Phlox,Y,Fiore,Native cultivar / congener (PROVISIONAL - genus-native tie; verify),Cultivar/selection within a regional-native genus (verify: native cultivar vs exotic congener),,,,flower,,,,2,4,,,Full sun,Medium,,4 to 8,,,,,0,3,,July to September,,,,"garden phlox, fragrant, mildew-prone in shade",,perennial,,,,,,,,,,,,,,,,,,,,,,,,,
Cotton Candy Candy Store Garden Phlox,Phlox paniculata Cotton Candy,Phlox,Y,Fiore,Native cultivar / congener (PROVISIONAL - genus-native tie; verify),Cultivar/selection within a regional-native genus (verify: native cultivar vs exotic congener),,,,flower,,,,2,4,,,Full sun,Medium,,4 to 8,,,,,0,3,,July to September,,,,"garden phlox, fragrant, mildew-prone in shade",,perennial,,,,,,,,,,,,,,,,,,,,,,,,,
David Garden Phlox,Phlox paniculata David,Phlox,Y,Fiore,Native cultivar / congener (PROVISIONAL - genus-native tie; verify),Cultivar/selection within a regional-native genus (verify: native cultivar vs exotic congener),,,,flower,,,,2,4,,,Full sun,Medium,,4 to 8,,,,,0,3,,July to September,,,,"garden phlox, fragrant, mildew-prone in shade",,perennial,,,,,,,,,,,,,,,,,,,,,,,,,
FLAME Pro Baby Doll Garden Phlox,Phlox paniculata FLAME Pro baby Doll,Phlox,Y,Fiore,Native cultivar / congener (PROVISIONAL - genus-native tie; verify),Cultivar/selection within a regional-native genus (verify: native cultivar vs exotic congener),,,,flower,,,,2,4,,,Full sun,Medium,,4 to 8,,,,,0,3,,July to September,,,,"garden phlox, fragrant, mildew-prone in shade",,perennial,,,,,,,,,,,,,,,,,,,,,,,,,
Glamour Girl Garden Phlox,Phlox paniculata Glamour Girl,Phlox,Y,Fiore,Native cultivar / congener (PROVISIONAL - genus-native tie; verify),Cultivar/selection within a regional-native genus (verify: native cultivar vs exotic congener),,,,flower,,,,2,4,,,Full sun,Medium,,4 to 8,,,,,0,3,,July to September,,,,"garden phlox, fragrant, mildew-prone in shade",,perennial,,,,,,,,,,,,,,,,,,,,,,,,,
Grape Lollipop Candy Store Garden Phlox,Phlox paniculata Grape Lollipop,Phlox,Y,Fiore,Native cultivar / congener (PROVISIONAL - genus-native tie; verify),Cultivar/selection within a regional-native genus (verify: native cultivar vs exotic congener),,,,flower,,,,2,4,,,Full sun,Medium,,4 to 8,,,,,0,3,,July to September,,,,"garden phlox, fragrant, mildew-prone in shade",,perennial,,,,,,,,,,,,,,,,,,,,,,,,,
Jeana Garden Phlox,Phlox paniculata Jeana,Phlox,Y,Fiore,Native cultivar / congener (PROVISIONAL - genus-native tie; verify),Cultivar/selection within a regional-native genus (verify: native cultivar vs exotic congener),,,,flower,,,,2,4,,,Full sun,Medium,,4 to 8,,,,,0,3,,July to September,,,,"garden phlox, fragrant, mildew-prone in shade",,perennial,,,,,,,,,,,,,,,,,,,,,,,,,
Laura Garden Phlox,Phlox paniculata Laura,Phlox,Y,Fiore,Native cultivar / congener (PROVISIONAL - genus-native tie; verify),Cultivar/selection within a regional-native genus (verify: native cultivar vs exotic congener),,,,flower,,,,2,4,,,Full sun,Medium,,4 to 8,,,,,0,3,,July to September,,,,"garden phlox, fragrant, mildew-prone in shade",,perennial,,,,,,,,,,,,,,,,,,,,,,,,,
Nicky Garden Phlox,Phlox paniculata Nicky,Phlox,Y,Fiore,Native cultivar / congener (PROVISIONAL - genus-native tie; verify),Cultivar/selection within a regional-native genus (verify: native cultivar vs exotic congener),,,,flower,,,,2,4,,,Full sun,Medium,,4 to 8,,,,,0,3,,July to September,,,,"garden phlox, fragrant, mildew-prone in shade",,perennial,,,,,,,,,,,,,,,,,,,,,,,,,
Orange Perfection Garden Phlox,Phlox paniculata Orange Perfection,Phlox,Y,Fiore,Native cultivar / congener (PROVISIONAL - genus-native tie; verify),Cultivar/selection within a regional-native genus (verify: native cultivar vs exotic congener),,,,flower,,,,2,4,,,Full sun,Medium,,4 to 8,,,,,0,3,,July to September,,,,"garden phlox, fragrant, mildew-prone in shade",,perennial,,,,,,,,,,,,,,,,,,,,,,,,,
Amazing Grace Moss Phlox,Phlox subulata Amazing Grace,Phlox,Y,Fiore,Native cultivar / congener (PROVISIONAL - genus-native tie; verify),Cultivar/selection within a regional-native genus (verify: native cultivar vs exotic congener),,,,shrub,,,fine,0.25,0.5,,,Full sun,moist,"sand, loam, clay",3 to 9,TRUE,TRUE,Intermediate,,0,5,,Early Spring,,,,"showy flowers, fall color",,rapid growth; moderate-lived; perennial,,,,,,,,,,,,,,,,,,,,,,,,,
Candy Stripe Moss Phlox,Phlox subulata Candy Stripe,Phlox,Y,Fiore,Native cultivar / congener (PROVISIONAL - genus-native tie; verify),Cultivar/selection within a regional-native genus (verify: native cultivar vs exotic congener),,,,shrub,,,fine,0.25,0.5,,,Full sun,moist,"sand, loam, clay",3 to 9,TRUE,TRUE,Intermediate,,0,5,,Early Spring,,,,"showy flowers, fall color",,rapid growth; moderate-lived; perennial,,,,,,,,,,,,,,,,,,,,,,,,,
Drummonds Pink Moss Phlox,Phlox subulata Drummonds Pink,Phlox,Y,Fiore,Native cultivar / congener (PROVISIONAL - genus-native tie; verify),Cultivar/selection within a regional-native genus (verify: native cultivar vs exotic congener),,,,shrub,,,fine,0.25,0.5,,,Full sun,moist,"sand, loam, clay",3 to 9,TRUE,TRUE,Intermediate,,0,5,,Early Spring,,,,"showy flowers, fall color",,rapid growth; moderate-lived; perennial,,,,,,,,,,,,,,,,,,,,,,,,,
Emerald Blue Moss Phlox,Phlox subulata Emerald Blue,Phlox,Y,Fiore,Native cultivar / congener (PROVISIONAL - genus-native tie; verify),Cultivar/selection within a regional-native genus (verify: native cultivar vs exotic congener),,,,shrub,,,fine,0.25,0.5,,,Full sun,moist,"sand, loam, clay",3 to 9,TRUE,TRUE,Intermediate,,0,5,,Early Spring,,,,"showy flowers, fall color",,rapid growth; moderate-lived; perennial,,,,,,,,,,,,,,,,,,,,,,,,,
Emerald Pink Moss Phlox,Phlox subulata Emerald Pink,Phlox,Y,Fiore,Native cultivar / congener (PROVISIONAL - genus-native tie; verify),Cultivar/selection within a regional-native genus (verify: native cultivar vs exotic congener),,,,shrub,,,fine,0.25,0.5,,,Full sun,moist,"sand, loam, clay",3 to 9,TRUE,TRUE,Intermediate,,0,5,,Early Spring,,,,"showy flowers, fall color",,rapid growth; moderate-lived; perennial,,,,,,,,,,,,,,,,,,,,,,,,,
Purple Beauty Moss Phlox,Phlox subulata Purple Beauty,Phlox,Y,Fiore,Native cultivar / congener (PROVISIONAL - genus-native tie; verify),Cultivar/selection within a regional-native genus (verify: native cultivar vs exotic congener),,,,shrub,,,fine,0.25,0.5,,,Full sun,moist,"sand, loam, clay",3 to 9,TRUE,TRUE,Intermediate,,0,5,,Early Spring,,,,"showy flowers, fall color",,rapid growth; moderate-lived; perennial,,,,,,,,,,,,,,,,,,,,,,,,,
Scarlet Flame Moss Phlox,Phlox subulata Scarlet Flame,Phlox,Y,Fiore,Native cultivar / congener (PROVISIONAL - genus-native tie; verify),Cultivar/selection within a regional-native genus (verify: native cultivar vs exotic congener),,,,shrub,,,fine,0.25,0.5,,,Full sun,moist,"sand, loam, clay",3 to 9,TRUE,TRUE,Intermediate,,0,5,,Early Spring,,,,"showy flowers, fall color",,rapid growth; moderate-lived; perennial,,,,,,,,,,,,,,,,,,,,,,,,,
Snowflake Moss Phlox,Phlox subulata Snowflake,Phlox,Y,Fiore,Native cultivar / congener (PROVISIONAL - genus-native tie; verify),Cultivar/selection within a regional-native genus (verify: native cultivar vs exotic congener),,,,shrub,,,fine,0.25,0.5,,,Full sun,moist,"sand, loam, clay",3 to 9,TRUE,TRUE,Intermediate,,0,5,,Early Spring,,,,"showy flowers, fall color",,rapid growth; moderate-lived; perennial,,,,,,,,,,,,,,,,,,,,,,,,,
Soft Spring Pink Moss Phlox,Phlox subulata Soft Spring Pink,Phlox,Y,Fiore,Native cultivar / congener (PROVISIONAL - genus-native tie; verify),Cultivar/selection within a regional-native genus (verify: native cultivar vs exotic congener),,,,shrub,,,fine,0.25,0.5,,,Full sun,moist,"sand, loam, clay",3 to 9,TRUE,TRUE,Intermediate,,0,5,,Early Spring,,,,"showy flowers, fall color",,rapid growth; moderate-lived; perennial,,,,,,,,,,,,,,,,,,,,,,,,,
White Delight Moss Phlox,Phlox subulata White Delight,Phlox,Y,Fiore,Native cultivar / congener (PROVISIONAL - genus-native tie; verify),Cultivar/selection within a regional-native genus (verify: native cultivar vs exotic congener),,,,shrub,,,fine,0.25,0.5,,,Full sun,moist,"sand, loam, clay",3 to 9,TRUE,TRUE,Intermediate,,0,5,,Early Spring,,,,"showy flowers, fall color",,rapid growth; moderate-lived; perennial,,,,,,,,,,,,,,,,,,,,,,,,,
Amber Jubilee Ninebark,Physocarpus Amber Jubilee,Physocarpus,Y,Fiore,Native cultivar / congener (PROVISIONAL - genus-native tie; verify),Cultivar/selection within a regional-native genus (verify: native cultivar vs exotic congener),,,,shrub,,,,4,9,,,Full sun to part shade,Medium,,2 to 7,,,,,,,,May to June,,,,"ninebark, colorful foliage, white spring flowers, exfoliating bark",,,,,,,,,,,,,,,,,,,,,,,,,,,
Tiny Wine Common Ninebark,Physocarpus Tiny Wine,Physocarpus,Y,Fiore,Native cultivar / congener (PROVISIONAL - genus-native tie; verify),Cultivar/selection within a regional-native genus (verify: native cultivar vs exotic congener),,,,shrub,,,,4,9,,,Full sun to part shade,Medium,,2 to 7,,,,,,,,May to June,,,,"ninebark, colorful foliage, white spring flowers, exfoliating bark",,,,,,,,,,,,,,,,,,,,,,,,,,,
Diabolo Common Ninebark,Physocarpus opulifolius Diabolo,Physocarpus,Y,Fiore,Native cultivar / congener (PROVISIONAL - genus-native tie; verify),Cultivar/selection within a regional-native genus (verify: native cultivar vs exotic congener),,,,shrub,,,,5,9,,,Full sun to part shade,Medium,,2 to 7,,,,,8,-2,,May to June,,,,"ninebark, colorful foliage, white spring flowers, exfoliating bark",,,,,,,,,,,,,,,,,,,,,,,,,,,
Little Devil Common Ninebark,Physocarpus opulifolius Donna May,Physocarpus,Y,Fiore,Native cultivar / congener (PROVISIONAL - genus-native tie; verify),Cultivar/selection within a regional-native genus (verify: native cultivar vs exotic congener),,,,shrub,,,,5,9,,,Full sun to part shade,Medium,,2 to 7,,,,,8,-2,,May to June,,,,"ninebark, colorful foliage, white spring flowers, exfoliating bark",,,,,,,,,,,,,,,,,,,,,,,,,,,
Ginger Wine Nine Bark,Physocarpus opulifolius Ginger Wine,Physocarpus,Y,Fiore,Native cultivar / congener (PROVISIONAL - genus-native tie; verify),Cultivar/selection within a regional-native genus (verify: native cultivar vs exotic congener),,,,shrub,,,,5,9,,,Full sun to part shade,Medium,,2 to 7,,,,,8,-2,,May to June,,,,"ninebark, colorful foliage, white spring flowers, exfoliating bark",,,,,,,,,,,,,,,,,,,,,,,,,,,
Lucky Devil Ninebark,Physocarpus opulifolius Lucky Devil,Physocarpus,Y,Fiore,Native cultivar / congener (PROVISIONAL - genus-native tie; verify),Cultivar/selection within a regional-native genus (verify: native cultivar vs exotic congener),,,,shrub,,,,5,9,,,Full sun to part shade,Medium,,2 to 7,,,,,8,-2,,May to June,,,,"ninebark, colorful foliage, white spring flowers, exfoliating bark",,,,,,,,,,,,,,,,,,,,,,,,,,,
Panther Ninebark,Physocarpus opulifolius Panther,Physocarpus,Y,Fiore,Native cultivar / congener (PROVISIONAL - genus-native tie; verify),Cultivar/selection within a regional-native genus (verify: native cultivar vs exotic congener),,,,shrub,,,,5,9,,,Full sun to part shade,Medium,,2 to 7,,,,,8,-2,,May to June,,,,"ninebark, colorful foliage, white spring flowers, exfoliating bark",,,,,,,,,,,,,,,,,,,,,,,,,,,
Summer Wine Common Ninebark,Physocarpus opulifolius Summer Wine,Physocarpus,Y,Fiore,Native cultivar / congener (PROVISIONAL - genus-native tie; verify),Cultivar/selection within a regional-native genus (verify: native cultivar vs exotic congener),,,,shrub,,,,5,9,,,Full sun to part shade,Medium,,2 to 7,,,,,8,-2,,May to June,,,,"ninebark, colorful foliage, white spring flowers, exfoliating bark",,,,,,,,,,,,,,,,,,,,,,,,,,,
Miss Manners False Dragonhead,Physostegia virginiana Miss Manners,Physostegia,Y,Fiore,Native cultivar / congener (PROVISIONAL - genus-native tie; verify),Cultivar/selection within a regional-native genus (verify: native cultivar vs exotic congener),,,,flower,,,,2,4,,,Full sun to part shade,Medium to wet,,2 to 9,,,,,6,-5,,July to September,,,,"obedient plant, native, spreads by rhizomes",,perennial,,,,,,,,,,,,,,,,,,,,,,,,,
May Apple,Podophyllum peltatum,Podophyllum,N,Fiore,Native / near-region (PROVISIONAL - genus-native tie; verify),Native or near-region species of a regional-native genus (verify species-level status),,,,flower,,,,,,,,Part shade to full shade,Medium,,,,,,,4,3,,,,,,"spring ephemeral, goes dormant in summer",,perennial,,,,,,,,,,,,,,,,,,,,,,,,,
Heaven Scent Jacobs Ladder,Polemonium Heaven Scent,Polemonium,Y,Fiore,Native cultivar / congener (PROVISIONAL - genus-native tie; verify),Cultivar/selection within a regional-native genus (verify: native cultivar vs exotic congener),,,,,,,,,,,,Part shade to full shade,Medium,,,,,,,,,,,,,,"Jacob's ladder, fern-like foliage, spring bloomer",,,,,,,,,,,,,,,,,,,,,,,,,,,
Creeping Jacobs Ladder,Polemonium reptans,Polemonium,N,Fiore,Native / near-region (PROVISIONAL - genus-native tie; verify),Native or near-region species of a regional-native genus (verify species-level status),,,,shrub,,,,1.5,2,,,Part shade to full shade,Medium,,,,,,,5,0,,April to June,,,,attracts bees and butterflies,,perennial,,,,,,,,,,,,,,,,,,,,,,,,,
Stairway to Heaven Creeping Jacobs Ladder,Polemonium reptans Stairway to Heaven,Polemonium,Y,Fiore,Native cultivar / congener (PROVISIONAL - genus-native tie; verify),Cultivar/selection within a regional-native genus (verify: native cultivar vs exotic congener),,,,shrub,,,,1.5,2,,,Part shade to full shade,Medium,,,,,,,5,0,,April to June,,,,attracts bees and butterflies,,perennial,,,,,,,,,,,,,,,,,,,,,,,,,
Prince Charming Solomons Seal,Polygonatum Prince Charming,Polygonatum,Y,Fiore,Native cultivar / congener (PROVISIONAL - genus-native tie; verify),Cultivar/selection within a regional-native genus (verify: native cultivar vs exotic congener),,,,,,,,,,,,Part shade to full shade,Medium,,,,,,,,,,,,,,"Solomon's seal, architectural shade plant",,,,,,,,,,,,,,,,,,,,,,,,,,,
Smooth Solomons Seal,Polygonatum biflorum,Polygonatum,N,Fiore,Native / near-region (PROVISIONAL - genus-native tie; verify),Native or near-region species of a regional-native genus (verify species-level status),,,,flower,,,,1,3,,,Part shade to full shade,Medium to wet,,,,,,,,,white,April to May,,,,"Solomon's seal, architectural shade plant",,perennial,,,,,,,,,,,,,,,,,,,,,,,,,
Ruby Slippers Solomons Seal,Polygonatum odoratum Ruby Slippers,Polygonatum,Y,Fiore,Native cultivar / congener (PROVISIONAL - genus-native tie; verify),Cultivar/selection within a regional-native genus (verify: native cultivar vs exotic congener),,,,,,,,,,,,Part shade to full shade,Medium,,,,,,,,,,April to May,,,,"fragrant Solomon's seal, attractive fall berries",,,,,,,,,,,,,,,,,,,,,,,,,,,
Variegated Solomons Seal,Polygonatum odoratum Variegatum,Polygonatum,Y,Fiore,Native cultivar / congener (PROVISIONAL - genus-native tie; verify),Cultivar/selection within a regional-native genus (verify: native cultivar vs exotic congener),,,,,,,,,,,,Part shade to full shade,Medium,,,,,,,,,,April to May,,,,"fragrant Solomon's seal, attractive fall berries",,,,,,,,,,,,,,,,,,,,,,,,,,,
Goldfinger Bush Cinquefoil,Potentilla fruticosa Goldfinger,Potentilla,Y,Fiore,Native cultivar / congener (PROVISIONAL - genus-native tie; verify),Cultivar/selection within a regional-native genus (verify: native cultivar vs exotic congener),,,,shrub,,,,3,5,,,Full sun,Dry to medium,,2 to 7,TRUE,TRUE,,,10,-3,,May to October,,,,"shrubby cinquefoil, very long bloom, tough shrub",,,,,,,,,,,,,,,,,,,,,,,,,,,
Dwarf Spring Cinquefoil,Potentilla neumanniana Nana,Potentilla,Y,Fiore,Native cultivar / congener (PROVISIONAL - genus-native tie; verify),Cultivar/selection within a regional-native genus (verify: native cultivar vs exotic congener),,,,flower,,,,1,5,,,Full sun,Dry to medium,,2 to 7,TRUE,,,,,,,May to October,,,,cinquefoil,,perennial,,,,,,,,,,,,,,,,,,,,,,,,,
Purpleleaf Sand Cherry,Prunus cistena,Prunus,N,Fiore,Native / near-region (PROVISIONAL - genus-native tie; verify),Native or near-region species of a regional-native genus (verify species-level status),,,,shrub,,,,6,10,5,8,Full sun,Medium,,,,,,,,,white to pink,April to May,,,,"reddish-purple foliage, fragrant spring flowers, birds eat fruit",,,,,,,,,,,,,,,,,,,,,,,,,,,
Clustered Mountain Mint,Pycnanthemum muticum,Pycnanthemum,N,Fiore,Native / near-region (PROVISIONAL - genus-native tie; verify),Native or near-region species of a regional-native genus (verify species-level status),,,,flower,,,,1,3,,,Full sun to part shade,Medium,,,,,,,10,-5,white,July to September,,,,"strongly mint-scented, attracts diverse pollinators",,perennial,,,,,,,,,,,,,,,,,,,,,,,,,
Gray-Headed Coneflower,Ratibida pinnata,Ratibida,N,Fiore,Native / near-region (PROVISIONAL - genus-native tie; verify),Native or near-region species of a regional-native genus (verify species-level status),,,,flower,,,coarse,3,4.0,,,Full sun,average,"sand, loam",,,,Intolerant,,4,5,yellow,Late Spring,,,,"showy flowers, showy fruit",,moderate growth; moderate-lived; perennial,,,,,,,,,,,,,,,,,,,,,,,,,
Aglo Rhododendron,Rhododendron Aglo,Rhododendron,Y,Fiore,Native cultivar / congener (PROVISIONAL - genus-native tie; verify),Cultivar/selection within a regional-native genus (verify: native cultivar vs exotic congener),,,,shrub,,,,3,6,,,Part shade,Medium,,4 to 8,,,,,,,,April to May,,,,"rhododendron, acidic soil, spring bloomer, broadleaf evergreen",,,,,,,,,,,,,,,,,,,,,,,,,,,
Boule de Neige Rhododendron,Rhododendron Boule de Neige,Rhododendron,Y,Fiore,Native cultivar / congener (PROVISIONAL - genus-native tie; verify),Cultivar/selection within a regional-native genus (verify: native cultivar vs exotic congener),,,,shrub,,,,3,6,,,Part shade,Medium,,4 to 8,,,,,,,,April to May,,,,"rhododendron, acidic soil, spring bloomer, broadleaf evergreen",,,,,,,,,,,,,,,,,,,,,,,,,,,
Black Hat Rhododendron,Rhododendron NCRX2 (Black Hat),Rhododendron,Y,Fiore,Native cultivar / congener (PROVISIONAL - genus-native tie; verify),Cultivar/selection within a regional-native genus (verify: native cultivar vs exotic congener),,,,shrub,,,,3,6,,,Part shade,Medium,,4 to 8,,,,,,,,April to May,,,,"rhododendron, acidic soil, spring bloomer, broadleaf evergreen",,,,,,,,,,,,,,,,,,,,,,,,,,,
P.J.M. Rhododendron,Rhododendron P.J.M.,Rhododendron,Y,Fiore,Native cultivar / congener (PROVISIONAL - genus-native tie; verify),Cultivar/selection within a regional-native genus (verify: native cultivar vs exotic congener),,,,shrub,,,,3,6,,,Part shade,Medium,,4 to 8,,,,,,,,April to May,,,,"rhododendron, acidic soil, spring bloomer, broadleaf evergreen",,,,,,,,,,,,,,,,,,,,,,,,,,,
P.J.M. Regal Rhododendron,Rhododendron P.J.M. Regal,Rhododendron,Y,Fiore,Native cultivar / congener (PROVISIONAL - genus-native tie; verify),Cultivar/selection within a regional-native genus (verify: native cultivar vs exotic congener),,,,shrub,,,,3,6,,,Part shade,Medium,,4 to 8,,,,,,,,April to May,,,,"rhododendron, acidic soil, spring bloomer, broadleaf evergreen",,,,,,,,,,,,,,,,,,,,,,,,,,,
Boursault Catawbiense Rhododendron,Rhododendron catawbiense Boursault,Rhododendron,Y,Fiore,Native cultivar / congener (PROVISIONAL - genus-native tie; verify),Cultivar/selection within a regional-native genus (verify: native cultivar vs exotic congener),,,,shrub,,,,3,6,,,Part shade,Medium,,4 to 8,,,,,,,,April to May,,,,"rhododendron, acidic soil, spring bloomer, broadleaf evergreen",,perennial,,,,,,,,,,,,,,,,,,,,,,,,,
Chionoides Rhododendron,Rhododendron catawbiense Chionoides,Rhododendron,Y,Fiore,Native cultivar / congener (PROVISIONAL - genus-native tie; verify),Cultivar/selection within a regional-native genus (verify: native cultivar vs exotic congener),,,,shrub,,,,3,6,,,Part shade,Medium,,4 to 8,,,,,,,,April to May,,,,"rhododendron, acidic soil, spring bloomer, broadleaf evergreen",,perennial,,,,,,,,,,,,,,,,,,,,,,,,,
Cunninghams White Rhododendron,Rhododendron catawbiense Cunninghams White,Rhododendron,Y,Fiore,Native cultivar / congener (PROVISIONAL - genus-native tie; verify),Cultivar/selection within a regional-native genus (verify: native cultivar vs exotic congener),,,,shrub,,,,3,6,,,Part shade,Medium,,4 to 8,,,,,,,,April to May,,,,"rhododendron, acidic soil, spring bloomer, broadleaf evergreen",,perennial,,,,,,,,,,,,,,,,,,,,,,,,,
English Roseum Rhododendron,Rhododendron catawbiense English Roseum,Rhododendron,Y,Fiore,Native cultivar / congener (PROVISIONAL - genus-native tie; verify),Cultivar/selection within a regional-native genus (verify: native cultivar vs exotic congener),,,,shrub,,,,3,6,,,Part shade,Medium,,4 to 8,,,,,,,,April to May,,,,"rhododendron, acidic soil, spring bloomer, broadleaf evergreen",,perennial,,,,,,,,,,,,,,,,,,,,,,,,,
Lees Dark Purple Rhododendron,Rhododendron catawbiense Lees Dark Purple,Rhododendron,Y,Fiore,Native cultivar / congener (PROVISIONAL - genus-native tie; verify),Cultivar/selection within a regional-native genus (verify: native cultivar vs exotic congener),,,,shrub,,,,3,6,,,Part shade,Medium,,4 to 8,,,,,,,,April to May,,,,"rhododendron, acidic soil, spring bloomer, broadleaf evergreen",,perennial,,,,,,,,,,,,,,,,,,,,,,,,,
Nova Zembla Rhododendron,Rhododendron catawbiense Nova Zembla,Rhododendron,Y,Fiore,Native cultivar / congener (PROVISIONAL - genus-native tie; verify),Cultivar/selection within a regional-native genus (verify: native cultivar vs exotic congener),,,,shrub,,,,3,6,,,Part shade,Medium,,4 to 8,,,,,,,,April to May,,,,"rhododendron, acidic soil, spring bloomer, broadleaf evergreen",,perennial,,,,,,,,,,,,,,,,,,,,,,,,,
Roseum Elegans Rhododendron,Rhododendron catawbiense Roseum Elegans,Rhododendron,Y,Fiore,Native cultivar / congener (PROVISIONAL - genus-native tie; verify),Cultivar/selection within a regional-native genus (verify: native cultivar vs exotic congener),,,,shrub,,,,3,6,,,Part shade,Medium,,4 to 8,,,,,,,,April to May,,,,"rhododendron, acidic soil, spring bloomer, broadleaf evergreen",,perennial,,,,,,,,,,,,,,,,,,,,,,,,,
Roseum Pink Rhododendron,Rhododendron catawbiense Roseum Pink,Rhododendron,Y,Fiore,Native cultivar / congener (PROVISIONAL - genus-native tie; verify),Cultivar/selection within a regional-native genus (verify: native cultivar vs exotic congener),,,,shrub,,,,3,6,,,Part shade,Medium,,4 to 8,,,,,,,,April to May,,,,"rhododendron, acidic soil, spring bloomer, broadleaf evergreen",,perennial,,,,,,,,,,,,,,,,,,,,,,,,,
Gro-Low Fragrant Sumac,Rhus aromatica Gro-Low,Rhus,Y,Fiore,Native cultivar / congener (PROVISIONAL - genus-native tie; verify),Cultivar/selection within a regional-native genus (verify: native cultivar vs exotic congener),,,,shrub,,,,,,,,Full sun to part shade,Dry to medium,,,TRUE,,,,10,5,,,,,,"fragrant sumac, aromatic, brilliant fall color, native groundcover",,perennial,,,,,,,,,,,,,,,,,,,,,,,,,
Prairie Flame Shining Sumac,Rhus copallina Morton,Rhus,Y,Fiore,Native cultivar / congener (PROVISIONAL - genus-native tie; verify),Cultivar/selection within a regional-native genus (verify: native cultivar vs exotic congener),,,,shrub,,,,,,,,Full sun,Dry to medium,,,TRUE,,,,,,,,,,,"winged sumac, brilliant fall color, native, drought-tolerant",,,,,,,,,,,,,,,,,,,,,,,,,,,
Smooth Sumac,Rhus glabra,Rhus,N,Fiore,Native / near-region (PROVISIONAL - genus-native tie; verify),Native or near-region species of a regional-native genus (verify species-level status),,,,shrub,,,coarse,8,12,,,Full sun to part shade,dry,"sand, loam",,TRUE,,Intolerant,,1,5,yellow,Mid Spring,,,,"fall color, showy fruit",,moderate growth; short-lived; perennial,,,,,,,,,,,,,,,,,,,,,,,,,
Staghorn Sumac,Rhus typhina,Rhus,N,Fiore,Native / near-region (PROVISIONAL - genus-native tie; verify),Native or near-region species of a regional-native genus (verify species-level status),,,,shrub,,,,15,25,,,Full sun,Dry to medium,,,TRUE,,,,1,5,,,,,,"velvety antler-like branches, brilliant fall color, red fruit clusters",,,,,,,,,,,,,,,,,,,,,,,,,,,
Tiger Eyes Staghorn Sumac,Rhus typhina Bailtiger,Rhus,Y,Fiore,Native cultivar / congener (PROVISIONAL - genus-native tie; verify),Cultivar/selection within a regional-native genus (verify: native cultivar vs exotic congener),,,,shrub,,,,15,25,,,Full sun,Dry to medium,,,TRUE,,,,1,5,,,,,,"velvety antler-like branches, brilliant fall color, red fruit clusters",,,,,,,,,,,,,,,,,,,,,,,,,,,
Alpine Currant,Ribes alpinum,Ribes,N,Fiore,Native / near-region (PROVISIONAL - genus-native tie; verify),Native or near-region species of a regional-native genus (verify species-level status),,,,shrub,,,,4,6,3,5,Full sun to part shade,Medium,,,,,,,,,,,,,,"extremely hardy, tolerates full shade, deer resistant",,perennial,,,,,,,,,,,,,,,,,,,,,,,,,
Green Mound Alpine Currant,Ribes alpinum Green Mound,Ribes,Y,Fiore,Native cultivar / congener (PROVISIONAL - genus-native tie; verify),Cultivar/selection within a regional-native genus (verify: native cultivar vs exotic congener),,,,shrub,,,,4,6,3,5,Full sun to part shade,Medium,,,,,,,,,,,,,,"extremely hardy, tolerates full shade, deer resistant",,perennial,,,,,,,,,,,,,,,,,,,,,,,,,
Blaze Climbing Rose,Rosa Blaze,Rosa,Y,Fiore,Native cultivar / congener (PROVISIONAL - genus-native tie; verify),Cultivar/selection within a regional-native genus (verify: native cultivar vs exotic congener),,,,shrub,,,,3,6,,,Full sun,Medium,,3 to 9,,,,,,,,May to October,,,,"rose, fragrant, attracts pollinators, deadhead for rebloom",,,,,,,,,,,,,,,,,,,,,,,,,,,
Munstead Wood David Austin English Rose,Rosa DA Ausbernard (Munstead Wood),Rosa,Y,Fiore,Native cultivar / congener (PROVISIONAL - genus-native tie; verify),Cultivar/selection within a regional-native genus (verify: native cultivar vs exotic congener),,,,shrub,,,,3,6,,,Full sun,Medium,,3 to 9,,,,,,,,May to October,,,,"rose, fragrant, attracts pollinators, deadhead for rebloom",,,,,,,,,,,,,,,,,,,,,,,,,,,
Darcey Bussell David Austin English Rose,Rosa DA Ausdecorum (Darcey Bussell),Rosa,Y,Fiore,Native cultivar / congener (PROVISIONAL - genus-native tie; verify),Cultivar/selection within a regional-native genus (verify: native cultivar vs exotic congener),,,,shrub,,,,3,6,,,Full sun,Medium,,3 to 9,,,,,,,,May to October,,,,"rose, fragrant, attracts pollinators, deadhead for rebloom",,,,,,,,,,,,,,,,,,,,,,,,,,,
Claire Austin David Austin Climbing Rose,Rosa DA Ausprior (Claire Austin),Rosa,Y,Fiore,Native cultivar / congener (PROVISIONAL - genus-native tie; verify),Cultivar/selection within a regional-native genus (verify: native cultivar vs exotic congener),,,,shrub,,,,3,6,,,Full sun,Medium,,3 to 9,,,,,,,,May to October,,,,"rose, fragrant, attracts pollinators, deadhead for rebloom",,,,,,,,,,,,,,,,,,,,,,,,,,,
Susan Williams-Ellis David Austin English Rose,Rosa DA Ausquirk (Susan Williams-Ellis,Rosa,Y,Fiore,Native cultivar / congener (PROVISIONAL - genus-native tie; verify),Cultivar/selection within a regional-native genus (verify: native cultivar vs exotic congener),,,,shrub,,,,3,6,,,Full sun,Medium,,3 to 9,,,,,,,,May to October,,,,"rose, fragrant, attracts pollinators, deadhead for rebloom",,,,,,,,,,,,,,,,,,,,,,,,,,,
Strawberry Hill David Austin Climbing Rose,Rosa DA Ausrimini (Strawberry Hill),Rosa,Y,Fiore,Native cultivar / congener (PROVISIONAL - genus-native tie; verify),Cultivar/selection within a regional-native genus (verify: native cultivar vs exotic congener),,,,shrub,,,,3,6,,,Full sun,Medium,,3 to 9,,,,,,,,May to October,,,,"rose, fragrant, attracts pollinators, deadhead for rebloom",,,,,,,,,,,,,,,,,,,,,,,,,,,
The Pilgrim David Austin Climbing Rose,Rosa DA Auswalker (The Pilgrim),Rosa,Y,Fiore,Native cultivar / congener (PROVISIONAL - genus-native tie; verify),Cultivar/selection within a regional-native genus (verify: native cultivar vs exotic congener),,,,shrub,,,,3,6,,,Full sun,Medium,,3 to 9,,,,,,,,May to October,,,,"rose, fragrant, attracts pollinators, deadhead for rebloom",,,,,,,,,,,,,,,,,,,,,,,,,,,
Carding Mill David Austin English Rose,Rosa DA Auswest (Carding Mill,Rosa,Y,Fiore,Native cultivar / congener (PROVISIONAL - genus-native tie; verify),Cultivar/selection within a regional-native genus (verify: native cultivar vs exotic congener),,,,shrub,,,,3,6,,,Full sun,Medium,,3 to 9,,,,,,,,May to October,,,,"rose, fragrant, attracts pollinators, deadhead for rebloom",,,,,,,,,,,,,,,,,,,,,,,,,,,
Crown Princess Margareta David Austin Rose,Rosa DA Auswinter (Crown Princess Margarta),Rosa,Y,Fiore,Native cultivar / congener (PROVISIONAL - genus-native tie; verify),Cultivar/selection within a regional-native genus (verify: native cultivar vs exotic congener),,,,shrub,,,,3,6,,,Full sun,Medium,,3 to 9,,,,,,,,May to October,,,,"rose, fragrant, attracts pollinators, deadhead for rebloom",,,,,,,,,,,,,,,,,,,,,,,,,,,
Charles Darwin David Austin Rose,Rosa DA Charles Darwin,Rosa,Y,Fiore,Native cultivar / congener (PROVISIONAL - genus-native tie; verify),Cultivar/selection within a regional-native genus (verify: native cultivar vs exotic congener),,,,shrub,,,,3,6,,,Full sun,Medium,,3 to 9,,,,,,,,May to October,,,,"rose, fragrant, attracts pollinators, deadhead for rebloom",,,,,,,,,,,,,,,,,,,,,,,,,,,
Desdemona David Austin English Rose,Rosa DA Desdemona,Rosa,Y,Fiore,Native cultivar / congener (PROVISIONAL - genus-native tie; verify),Cultivar/selection within a regional-native genus (verify: native cultivar vs exotic congener),,,,shrub,,,,3,6,,,Full sun,Medium,,3 to 9,,,,,,,,May to October,,,,"rose, fragrant, attracts pollinators, deadhead for rebloom",,,,,,,,,,,,,,,,,,,,,,,,,,,
Emily Bronte David Austin English Rose,Rosa DA Emily Bronte,Rosa,Y,Fiore,Native cultivar / congener (PROVISIONAL - genus-native tie; verify),Cultivar/selection within a regional-native genus (verify: native cultivar vs exotic congener),,,,shrub,,,,3,6,,,Full sun,Medium,,3 to 9,,,,,,,,May to October,,,,"rose, fragrant, attracts pollinators, deadhead for rebloom",,,,,,,,,,,,,,,,,,,,,,,,,,,
Lady of Shallot David Austin English Rose,Rosa DA Lady of Shallot,Rosa,Y,Fiore,Native cultivar / congener (PROVISIONAL - genus-native tie; verify),Cultivar/selection within a regional-native genus (verify: native cultivar vs exotic congener),,,,shrub,,,,3,6,,,Full sun,Medium,,3 to 9,,,,,,,,May to October,,,,"rose, fragrant, attracts pollinators, deadhead for rebloom",,,,,,,,,,,,,,,,,,,,,,,,,,,
Apricot Drift Rose,Rosa Drift Apricot Drift,Rosa,Y,Fiore,Native cultivar / congener (PROVISIONAL - genus-native tie; verify),Cultivar/selection within a regional-native genus (verify: native cultivar vs exotic congener),,,,shrub,,,,3,6,,,Full sun,Medium,,3 to 9,,,,,,,,May to October,,,,"rose, fragrant, attracts pollinators, deadhead for rebloom",,,,,,,,,,,,,,,,,,,,,,,,,,,
Coral Drift Rose,Rosa Drift Coral Drift,Rosa,Y,Fiore,Native cultivar / congener (PROVISIONAL - genus-native tie; verify),Cultivar/selection within a regional-native genus (verify: native cultivar vs exotic congener),,,,shrub,,,,3,6,,,Full sun,Medium,,3 to 9,,,,,,,,May to October,,,,"rose, fragrant, attracts pollinators, deadhead for rebloom",,,,,,,,,,,,,,,,,,,,,,,,,,,
Peach Drift Rose,"Rosa Drift Peach Drift""",Rosa,Y,Fiore,Native cultivar / congener (PROVISIONAL - genus-native tie; verify),Cultivar/selection within a regional-native genus (verify: native cultivar vs exotic congener),,,,shrub,,,,3,6,,,Full sun,Medium,,3 to 9,,,,,,,,May to October,,,,"rose, fragrant, attracts pollinators, deadhead for rebloom",,,,,,,,,,,,,,,,,,,,,,,,,,,
Pink Drift Rose,Rosa Drift Pink Drift,Rosa,Y,Fiore,Native cultivar / congener (PROVISIONAL - genus-native tie; verify),Cultivar/selection within a regional-native genus (verify: native cultivar vs exotic congener),,,,shrub,,,,3,6,,,Full sun,Medium,,3 to 9,,,,,,,,May to October,,,,"rose, fragrant, attracts pollinators, deadhead for rebloom",,,,,,,,,,,,,,,,,,,,,,,,,,,
Red Drift Rose,Rosa Drift Red Drift,Rosa,Y,Fiore,Native cultivar / congener (PROVISIONAL - genus-native tie; verify),Cultivar/selection within a regional-native genus (verify: native cultivar vs exotic congener),,,,shrub,,,,3,6,,,Full sun,Medium,,3 to 9,,,,,,,,May to October,,,,"rose, fragrant, attracts pollinators, deadhead for rebloom",,,,,,,,,,,,,,,,,,,,,,,,,,,
White Drift Rose,Rosa Drift White Drift,Rosa,Y,Fiore,Native cultivar / congener (PROVISIONAL - genus-native tie; verify),Cultivar/selection within a regional-native genus (verify: native cultivar vs exotic congener),,,,shrub,,,,3,6,,,Full sun,Medium,,3 to 9,,,,,,,,May to October,,,,"rose, fragrant, attracts pollinators, deadhead for rebloom",,,,,,,,,,,,,,,,,,,,,,,,,,,
Flower Carpet Pink Supreme Shrub Rose,Rosa Flower Carpet Pink Supreme,Rosa,Y,Fiore,Native cultivar / congener (PROVISIONAL - genus-native tie; verify),Cultivar/selection within a regional-native genus (verify: native cultivar vs exotic congener),,,,shrub,,,,3,6,,,Full sun,Medium,,3 to 9,,,,,,,,May to October,,,,"rose, fragrant, attracts pollinators, deadhead for rebloom",,,,,,,,,,,,,,,,,,,,,,,,,,,
Josephs Coat Climbing Rose,Rosa Josephs Coat,Rosa,Y,Fiore,Native cultivar / congener (PROVISIONAL - genus-native tie; verify),Cultivar/selection within a regional-native genus (verify: native cultivar vs exotic congener),,,,shrub,,,,3,6,,,Full sun,Medium,,3 to 9,,,,,,,,May to October,,,,"rose, fragrant, attracts pollinators, deadhead for rebloom",,,,,,,,,,,,,,,,,,,,,,,,,,,
Blushing Knockout Rose,Rosa KO Blushing Knockout,Rosa,Y,Fiore,Native cultivar / congener (PROVISIONAL - genus-native tie; verify),Cultivar/selection within a regional-native genus (verify: native cultivar vs exotic congener),,,,shrub,,,,3,6,,,Full sun,Medium,,3 to 9,,,,,,,,May to October,,,,"rose, fragrant, attracts pollinators, deadhead for rebloom",,,,,,,,,,,,,,,,,,,,,,,,,,,
Double Knock Out Rose,Rosa KO Double Knock Out,Rosa,Y,Fiore,Native cultivar / congener (PROVISIONAL - genus-native tie; verify),Cultivar/selection within a regional-native genus (verify: native cultivar vs exotic congener),,,,shrub,,,,3,6,,,Full sun,Medium,,3 to 9,,,,,,,,May to October,,,,"rose, fragrant, attracts pollinators, deadhead for rebloom",,,,,,,,,,,,,,,,,,,,,,,,,,,
KnockOut Rose,Rosa KO KnockOut,Rosa,Y,Fiore,Native cultivar / congener (PROVISIONAL - genus-native tie; verify),Cultivar/selection within a regional-native genus (verify: native cultivar vs exotic congener),,,,shrub,,,,3,6,,,Full sun,Medium,,3 to 9,,,,,,,,May to October,,,,"rose, fragrant, attracts pollinators, deadhead for rebloom",,,,,,,,,,,,,,,,,,,,,,,,,,,
Orange Glow Knock Out Rose,Rosa KO Orange Glow Knock Out,Rosa,Y,Fiore,Native cultivar / congener (PROVISIONAL - genus-native tie; verify),Cultivar/selection within a regional-native genus (verify: native cultivar vs exotic congener),,,,shrub,,,,3,6,,,Full sun,Medium,,3 to 9,,,,,,,,May to October,,,,"rose, fragrant, attracts pollinators, deadhead for rebloom",,,,,,,,,,,,,,,,,,,,,,,,,,,
Pink Double Knock Out Shrub Rose,Rosa KO Pink Double Knock Out,Rosa,Y,Fiore,Native cultivar / congener (PROVISIONAL - genus-native tie; verify),Cultivar/selection within a regional-native genus (verify: native cultivar vs exotic congener),,,,shrub,,,,3,6,,,Full sun,Medium,,3 to 9,,,,,,,,May to October,,,,"rose, fragrant, attracts pollinators, deadhead for rebloom",,,,,,,,,,,,,,,,,,,,,,,,,,,
Pink Knockout Rose,Rosa KO Pink Knockout,Rosa,Y,Fiore,Native cultivar / congener (PROVISIONAL - genus-native tie; verify),Cultivar/selection within a regional-native genus (verify: native cultivar vs exotic congener),,,,shrub,,,,3,6,,,Full sun,Medium,,3 to 9,,,,,,,,May to October,,,,"rose, fragrant, attracts pollinators, deadhead for rebloom",,,,,,,,,,,,,,,,,,,,,,,,,,,
Sunny Knock Out Shrub Rose,Rosa KO Sunny Knock Out,Rosa,Y,Fiore,Native cultivar / congener (PROVISIONAL - genus-native tie; verify),Cultivar/selection within a regional-native genus (verify: native cultivar vs exotic congener),,,,shrub,,,,3,6,,,Full sun,Medium,,3 to 9,,,,,,,,May to October,,,,"rose, fragrant, attracts pollinators, deadhead for rebloom",,,,,,,,,,,,,,,,,,,,,,,,,,,
White Out Shrub Rose,Rosa KO White Out,Rosa,Y,Fiore,Native cultivar / congener (PROVISIONAL - genus-native tie; verify),Cultivar/selection within a regional-native genus (verify: native cultivar vs exotic congener),,,,shrub,,,,3,6,,,Full sun,Medium,,3 to 9,,,,,,,,May to October,,,,"rose, fragrant, attracts pollinators, deadhead for rebloom",,,,,,,,,,,,,,,,,,,,,,,,,,,
Iceberg Floribunda Rose,Rosa KORbin (Iceberg),Rosa,Y,Fiore,Native cultivar / congener (PROVISIONAL - genus-native tie; verify),Cultivar/selection within a regional-native genus (verify: native cultivar vs exotic congener),,,,shrub,,,,3,6,,,Full sun,Medium,,3 to 9,,,,,,,,May to October,,,,"rose, fragrant, attracts pollinators, deadhead for rebloom",,,,,,,,,,,,,,,,,,,,,,,,,,,
Gilded Sun Rose,Rosa MEIanycid (Gilded Sun),Rosa,Y,Fiore,Native cultivar / congener (PROVISIONAL - genus-native tie; verify),Cultivar/selection within a regional-native genus (verify: native cultivar vs exotic congener),,,,shrub,,,,3,6,,,Full sun,Medium,,3 to 9,,,,,,,,May to October,,,,"rose, fragrant, attracts pollinators, deadhead for rebloom",,,,,,,,,,,,,,,,,,,,,,,,,,,
New Dawn Climbing Rose,Rosa New Dawn,Rosa,Y,Fiore,Native cultivar / congener (PROVISIONAL - genus-native tie; verify),Cultivar/selection within a regional-native genus (verify: native cultivar vs exotic congener),,,,shrub,,,,3,6,,,Full sun,Medium,,3 to 9,,,,,,,,May to October,,,,"rose, fragrant, attracts pollinators, deadhead for rebloom",,,,,,,,,,,,,,,,,,,,,,,,,,,
Oso Easy Double Red Rose,Rosa Oso Easy Double Red,Rosa,Y,Fiore,Native cultivar / congener (PROVISIONAL - genus-native tie; verify),Cultivar/selection within a regional-native genus (verify: native cultivar vs exotic congener),,,,shrub,,,,3,6,,,Full sun,Medium,,3 to 9,,,,,,,,May to October,,,,"rose, fragrant, attracts pollinators, deadhead for rebloom",,,,,,,,,,,,,,,,,,,,,,,,,,,
Oso Easy Italan Ice Rose,Rosa Oso Easy Italian Ice,Rosa,Y,Fiore,Native cultivar / congener (PROVISIONAL - genus-native tie; verify),Cultivar/selection within a regional-native genus (verify: native cultivar vs exotic congener),,,,shrub,,,,3,6,,,Full sun,Medium,,3 to 9,,,,,,,,May to October,,,,"rose, fragrant, attracts pollinators, deadhead for rebloom",,,,,,,,,,,,,,,,,,,,,,,,,,,
Purple Pavement Rose,Rosa Purple Pavement,Rosa,Y,Fiore,Native cultivar / congener (PROVISIONAL - genus-native tie; verify),Cultivar/selection within a regional-native genus (verify: native cultivar vs exotic congener),,,,shrub,,,,3,6,,,Full sun,Medium,,3 to 9,,,,,,,,May to October,,,,"rose, fragrant, attracts pollinators, deadhead for rebloom",,,,,,,,,,,,,,,,,,,,,,,,,,,
Ramblin Red Rose,Rosa Ramblin Red,Rosa,Y,Fiore,Native cultivar / congener (PROVISIONAL - genus-native tie; verify),Cultivar/selection within a regional-native genus (verify: native cultivar vs exotic congener),,,,shrub,,,,3,6,,,Full sun,Medium,,3 to 9,,,,,,,,May to October,,,,"rose, fragrant, attracts pollinators, deadhead for rebloom",,,,,,,,,,,,,,,,,,,,,,,,,,,
Snow Pavement Rose,Rosa Snow Pavement,Rosa,Y,Fiore,Native cultivar / congener (PROVISIONAL - genus-native tie; verify),Cultivar/selection within a regional-native genus (verify: native cultivar vs exotic congener),,,,shrub,,,,3,6,,,Full sun,Medium,,3 to 9,,,,,,,,May to October,,,,"rose, fragrant, attracts pollinators, deadhead for rebloom",,,,,,,,,,,,,,,,,,,,,,,,,,,
Veranda Cream Rose,Rosa Veranda Cream KORfloci01,Rosa,Y,Fiore,Native cultivar / congener (PROVISIONAL - genus-native tie; verify),Cultivar/selection within a regional-native genus (verify: native cultivar vs exotic congener),,,,shrub,,,,3,6,,,Full sun,Medium,,3 to 9,,,,,,,,May to October,,,,"rose, fragrant, attracts pollinators, deadhead for rebloom",,,,,,,,,,,,,,,,,,,,,,,,,,,
Zephirine Drouhin Climbing Rose,Rosa Zephirine Drouhin,Rosa,Y,Fiore,Native cultivar / congener (PROVISIONAL - genus-native tie; verify),Cultivar/selection within a regional-native genus (verify: native cultivar vs exotic congener),,,,shrub,,,,3,6,,,Full sun,Medium,,3 to 9,,,,,,,,May to October,,,,"rose, fragrant, attracts pollinators, deadhead for rebloom",,,,,,,,,,,,,,,,,,,,,,,,,,,
Rugosa Rose,Rosa rugosa,Rosa,N,Fiore,Native / near-region (PROVISIONAL - genus-native tie; verify),Native or near-region species of a regional-native genus (verify species-level status),,,,shrub,,,coarse,3,5.0,,,Full sun,average,"sand, loam",3 to 9,TRUE,,Intolerant,,0,4,red,Mid Spring,,,,"showy flowers, fall color, showy fruit",,moderate growth; long-lived; perennial,,,,,,,,,,,,,,,,,,,,,,,,,
Oso Easy Urban Legend Rose,Rosa x ChewPatout (Oso Easy Urban Legend),Rosa,Y,Fiore,Native cultivar / congener (PROVISIONAL - genus-native tie; verify),Cultivar/selection within a regional-native genus (verify: native cultivar vs exotic congener),,,,shrub,,,,3,6,,,Full sun,Medium,,3 to 9,,,,,,,,May to October,,,,"rose, fragrant, attracts pollinators, deadhead for rebloom",,,,,,,,,,,,,,,,,,,,,,,,,,,
Baby Cakes blackberry,Rubus Baby Cakes,Rubus,Y,Fiore,Native cultivar / congener (PROVISIONAL - genus-native tie; verify),Cultivar/selection within a regional-native genus (verify: native cultivar vs exotic congener),,,,shrub,,,,3,6,,,Full sun to part shade,Medium,,4 to 9,,,,,,,,,,,,"rubus, edible or ornamental bramble",,,,,,,,,,,,,,,,,,,,,,,,,,,
Heritage Red Raspberry,Rubus idaeus Heritage,Rubus,Y,Fiore,Native cultivar / congener (PROVISIONAL - genus-native tie; verify),Cultivar/selection within a regional-native genus (verify: native cultivar vs exotic congener),,,,shrub,,,,3,6,,,Full sun to part shade,Medium,,4 to 9,,,,,0,2,,,,,,"red raspberry, edible fruit, thorny canes",,,,,,,,,,,,,,,,,,,,,,,,,,,
Raspberry Shortcake Raspberry,Rubus idaeus Raspberry Shortcake,Rubus,Y,Fiore,Native cultivar / congener (PROVISIONAL - genus-native tie; verify),Cultivar/selection within a regional-native genus (verify: native cultivar vs exotic congener),,,,shrub,,,,3,6,,,Full sun to part shade,Medium,,4 to 9,,,,,0,2,,,,,,"red raspberry, edible fruit, thorny canes",,,,,,,,,,,,,,,,,,,,,,,,,,,
American Gold Rush Black Eyed Susan,Rudbeckia American Gold Rush,Rudbeckia,Y,Fiore,Native cultivar / congener (PROVISIONAL - genus-native tie; verify),Cultivar/selection within a regional-native genus (verify: native cultivar vs exotic congener),,,,,,,,,,,,Full sun,Medium,,3 to 9,,,,,,,,July to October,,,,,,,,,,,,,,,,,,,,,,,,,,,,,,,
Sweet as Honey Black Eyed Susan,Rudbeckia Sweet as Honey,Rudbeckia,Y,Fiore,Native cultivar / congener (PROVISIONAL - genus-native tie; verify),Cultivar/selection within a regional-native genus (verify: native cultivar vs exotic congener),,,,,,,,,,,,Full sun,Medium,,3 to 9,,,,,,,,July to October,,,,,,,,,,,,,,,,,,,,,,,,,,,,,,,
Little Goldstar Black Eyed Susan,Rudbeckia fulgida Little Goldstar,Rudbeckia,Y,Fiore,Native cultivar / congener (PROVISIONAL - genus-native tie; verify),Cultivar/selection within a regional-native genus (verify: native cultivar vs exotic congener),,,,flower,,,,1,3,,,Full sun,Dry to medium,,3 to 9,TRUE,,,,,,,July to October,,,,"attracts butterflies, birds eat seeds, good cut flower",,perennial,,,,,,,,,,,,,,,,,,,,,,,,,
Viettes Little Suzy Black Eyed Susan,Rudbeckia fulgida Viettes Little Suzy,Rudbeckia,Y,Fiore,Native cultivar / congener (PROVISIONAL - genus-native tie; verify),Cultivar/selection within a regional-native genus (verify: native cultivar vs exotic congener),,,,flower,,,,1,3,,,Full sun,Dry to medium,,3 to 9,TRUE,,,,,,,July to October,,,,"attracts butterflies, birds eat seeds, good cut flower",,perennial,,,,,,,,,,,,,,,,,,,,,,,,,
Showy Coneflower,Rudbeckia fulgida var. speciosa,Rudbeckia,Y,Fiore,Native cultivar / congener (PROVISIONAL - genus-native tie; verify),Cultivar/selection within a regional-native genus (verify: native cultivar vs exotic congener),,,,flower,,,,1,3,,,Full sun,Dry to medium,,3 to 9,TRUE,,,,,,,July to October,,,,"attracts butterflies, birds eat seeds, good cut flower",,perennial,,,,,,,,,,,,,,,,,,,,,,,,,
Goldsturm Sullivantii Black Eyed Susan,Rudbeckia fulgida var. sullivantii Goldsturm,Rudbeckia,Y,Fiore,Native cultivar / congener (PROVISIONAL - genus-native tie; verify),Cultivar/selection within a regional-native genus (verify: native cultivar vs exotic congener),,,,flower,,,,1,3,,,Full sun,Dry to medium,,3 to 9,TRUE,,,,,,,July to October,,,,"attracts butterflies, birds eat seeds, good cut flower",,perennial,,,,,,,,,,,,,,,,,,,,,,,,,
Goldblitz Black Eyed Susan,Rudbeckia fulgida var/ sull. Goldblitz,Rudbeckia,Y,Fiore,Native cultivar / congener (PROVISIONAL - genus-native tie; verify),Cultivar/selection within a regional-native genus (verify: native cultivar vs exotic congener),,,,flower,,,,1,3,,,Full sun,Dry to medium,,3 to 9,TRUE,,,,,,,July to October,,,,"attracts butterflies, birds eat seeds, good cut flower",,perennial,,,,,,,,,,,,,,,,,,,,,,,,,
Brown-Eyed Susan,Rudbeckia triloba,Rudbeckia,N,Fiore,Native / near-region (PROVISIONAL - genus-native tie; verify),Native or near-region species of a regional-native genus (verify species-level status),,,,flower,,,,3,5,2,2.5,Full sun,Medium,,3 to 9,,,,,3,1,yellow,July to October,,,,"attracts butterflies, birds eat seeds, prolific bloomer",,perennial,,,,,,,,,,,,,,,,,,,,,,,,,
Pussy Willow,Salix discolor,Salix,N,Fiore,Native / near-region (PROVISIONAL - genus-native tie; verify),Native or near-region species of a regional-native genus (verify species-level status),,,,shrub,,,,6,20,,,Full sun to part shade,Medium to wet,,,,,,,2,-3,,,,,,"pussy willow, soft spring catkins, wildlife value, rain garden",,,,,,,,,,,,,,,,,,,,,,,,,,,
Japanese Pink Pussy Willow,Salix gracilistyla Mount Aso,Salix,Y,Fiore,Native cultivar / congener (PROVISIONAL - genus-native tie; verify),Cultivar/selection within a regional-native genus (verify: native cultivar vs exotic congener),,,,shrub,,,,6,10,,,Full sun to part shade,Medium to wet,,5 to 8,,,,,,,,,,,,"rose gold pussy willow, pink catkins, ornamental",,,,,,,,,,,,,,,,,,,,,,,,,,,
Hakuro Nishiki Dappled Willow,Salix integra Hakuro Nishiki,Salix,Y,Fiore,Native cultivar / congener (PROVISIONAL - genus-native tie; verify),Cultivar/selection within a regional-native genus (verify: native cultivar vs exotic congener),,,,shrub,,,,6,10,,,Full sun to part shade,Medium to wet,,5 to 7,,,,,,,,,,,,"Hakuro-nishiki willow, pink-white variegated foliage",,,,,,,,,,,,,,,,,,,,,,,,,,,
Dwarf Artic Blue Leaf Willow,Salix purpurea Nana,Salix,Y,Fiore,Native cultivar / congener (PROVISIONAL - genus-native tie; verify),Cultivar/selection within a regional-native genus (verify: native cultivar vs exotic congener),,,,shrub,,,,8,15,,,Full sun to part shade,Medium to wet,,3 to 6,,,,,0,-4,,,,,,"purple osier willow, blue-green foliage, rain garden",,,,,,,,,,,,,,,,,,,,,,,,,,,
Pink Profusion Salvia,Salvia Pink Profusion,Salvia,Y,Fiore,Native cultivar / congener (PROVISIONAL - genus-native tie; verify),Cultivar/selection within a regional-native genus (verify: native cultivar vs exotic congener),,,,,,,,1.5,3,,,Full sun,Dry to medium,,4 to 9,TRUE,,,,,,,June to October,,,,"salvia/sage, long-blooming, attracts pollinators",,,,,,,,,,,,,,,,,,,,,,,,,,,
Sixteen Candles Salvia,Salvia Sixteen Candles,Salvia,Y,Fiore,Native cultivar / congener (PROVISIONAL - genus-native tie; verify),Cultivar/selection within a regional-native genus (verify: native cultivar vs exotic congener),,,,,,,,1.5,3,,,Full sun,Dry to medium,,4 to 9,TRUE,,,,,,,June to October,,,,"salvia/sage, long-blooming, attracts pollinators",,,,,,,,,,,,,,,,,,,,,,,,,,,
Azure Sage,Salvia azurea,Salvia,N,Fiore,Native / near-region (PROVISIONAL - genus-native tie; verify),Native or near-region species of a regional-native genus (verify species-level status),,,,flower,,,,2,5,,,Full sun,Dry to medium,,4 to 9,TRUE,,,,,,blue,August to October,,,,"attracts hummingbirds and butterflies, prairie sage",,perennial,,,,,,,,,,,,,,,,,,,,,,,,,
Blue Hill Salvia,Salvia nemorosa Blue Hill,Salvia,Y,Fiore,Native cultivar / congener (PROVISIONAL - genus-native tie; verify),Cultivar/selection within a regional-native genus (verify: native cultivar vs exotic congener),,,,,,,,1,2,,,Full sun,Dry to medium,,4 to 8,TRUE,TRUE,,,,,,May to July,,,,"meadow sage, long-blooming, attracts bees",,,,,,,,,,,,,,,,,,,,,,,,,,,
Blue Marvel Salvia,Salvia nemorosa Blue Marvel,Salvia,Y,Fiore,Native cultivar / congener (PROVISIONAL - genus-native tie; verify),Cultivar/selection within a regional-native genus (verify: native cultivar vs exotic congener),,,,,,,,1,2,,,Full sun,Dry to medium,,4 to 8,TRUE,TRUE,,,,,,May to July,,,,"meadow sage, long-blooming, attracts bees",,,,,,,,,,,,,,,,,,,,,,,,,,,
Caradonna Salvia,Salvia nemorosa Caradonna,Salvia,Y,Fiore,Native cultivar / congener (PROVISIONAL - genus-native tie; verify),Cultivar/selection within a regional-native genus (verify: native cultivar vs exotic congener),,,,,,,,1,2,,,Full sun,Dry to medium,,4 to 8,TRUE,TRUE,,,,,,May to July,,,,"meadow sage, long-blooming, attracts bees",,,,,,,,,,,,,,,,,,,,,,,,,,,
Color Spires Crystal Blue Salvia,Salvia nemorosa Crystal Blue,Salvia,Y,Fiore,Native cultivar / congener (PROVISIONAL - genus-native tie; verify),Cultivar/selection within a regional-native genus (verify: native cultivar vs exotic congener),,,,,,,,1,2,,,Full sun,Dry to medium,,4 to 8,TRUE,TRUE,,,,,,May to July,,,,"meadow sage, long-blooming, attracts bees",,,,,,,,,,,,,,,,,,,,,,,,,,,
East Friesland Salvia,Salvia nemorosa East Friesland,Salvia,Y,Fiore,Native cultivar / congener (PROVISIONAL - genus-native tie; verify),Cultivar/selection within a regional-native genus (verify: native cultivar vs exotic congener),,,,,,,,1,2,,,Full sun,Dry to medium,,4 to 8,TRUE,TRUE,,,,,,May to July,,,,"meadow sage, long-blooming, attracts bees",,,,,,,,,,,,,,,,,,,,,,,,,,,
Lyrical White Salvia,Salvia nemorosa Lyrical White,Salvia,Y,Fiore,Native cultivar / congener (PROVISIONAL - genus-native tie; verify),Cultivar/selection within a regional-native genus (verify: native cultivar vs exotic congener),,,,,,,,1,2,,,Full sun,Dry to medium,,4 to 8,TRUE,TRUE,,,,,,May to July,,,,"meadow sage, long-blooming, attracts bees",,,,,,,,,,,,,,,,,,,,,,,,,,,
Marcus Salvia,Salvia nemorosa Marcus (Haeumanarc),Salvia,Y,Fiore,Native cultivar / congener (PROVISIONAL - genus-native tie; verify),Cultivar/selection within a regional-native genus (verify: native cultivar vs exotic congener),,,,,,,,1,2,,,Full sun,Dry to medium,,4 to 8,TRUE,TRUE,,,,,,May to July,,,,"meadow sage, long-blooming, attracts bees",,,,,,,,,,,,,,,,,,,,,,,,,,,
May Night Salvia,Salvia nemorosa May Night,Salvia,Y,Fiore,Native cultivar / congener (PROVISIONAL - genus-native tie; verify),Cultivar/selection within a regional-native genus (verify: native cultivar vs exotic congener),,,,,,,,1,2,,,Full sun,Dry to medium,,4 to 8,TRUE,TRUE,,,,,,May to July,,,,"meadow sage, long-blooming, attracts bees",,,,,,,,,,,,,,,,,,,,,,,,,,,
Rose Marvel Salvia,Salvia nemorosa Rose Marvel,Salvia,Y,Fiore,Native cultivar / congener (PROVISIONAL - genus-native tie; verify),Cultivar/selection within a regional-native genus (verify: native cultivar vs exotic congener),,,,,,,,1,2,,,Full sun,Dry to medium,,4 to 8,TRUE,TRUE,,,,,,May to July,,,,"meadow sage, long-blooming, attracts bees",,,,,,,,,,,,,,,,,,,,,,,,,,,
Rose Wine Salvia,Salvia nemorosa Rose Wine (Rosenwein),Salvia,Y,Fiore,Native cultivar / congener (PROVISIONAL - genus-native tie; verify),Cultivar/selection within a regional-native genus (verify: native cultivar vs exotic congener),,,,,,,,1,2,,,Full sun,Dry to medium,,4 to 8,TRUE,TRUE,,,,,,May to July,,,,"meadow sage, long-blooming, attracts bees",,,,,,,,,,,,,,,,,,,,,,,,,,,
Snow Hill Salvia,Salvia nemorosa Snow Hill,Salvia,Y,Fiore,Native cultivar / congener (PROVISIONAL - genus-native tie; verify),Cultivar/selection within a regional-native genus (verify: native cultivar vs exotic congener),,,,,,,,1,2,,,Full sun,Dry to medium,,4 to 8,TRUE,TRUE,,,,,,May to July,,,,"meadow sage, long-blooming, attracts bees",,,,,,,,,,,,,,,,,,,,,,,,,,,
Violet Profusion Salvia,Salvia nemorosa Violet Profusion,Salvia,Y,Fiore,Native cultivar / congener (PROVISIONAL - genus-native tie; verify),Cultivar/selection within a regional-native genus (verify: native cultivar vs exotic congener),,,,,,,,1,2,,,Full sun,Dry to medium,,4 to 8,TRUE,TRUE,,,,,,May to July,,,,"meadow sage, long-blooming, attracts bees",,,,,,,,,,,,,,,,,,,,,,,,,,,
Wesuwe Hybrid Sage,Salvia nemorosa Wesuwe,Salvia,Y,Fiore,Native cultivar / congener (PROVISIONAL - genus-native tie; verify),Cultivar/selection within a regional-native genus (verify: native cultivar vs exotic congener),,,,,,,,1,2,,,Full sun,Dry to medium,,4 to 8,TRUE,TRUE,,,,,,May to July,,,,"meadow sage, long-blooming, attracts bees",,,,,,,,,,,,,,,,,,,,,,,,,,,
Eveline Meadow Clary,Salvia pratensis Eveline,Salvia,Y,Fiore,Native cultivar / congener (PROVISIONAL - genus-native tie; verify),Cultivar/selection within a regional-native genus (verify: native cultivar vs exotic congener),,,,flower,,,,2,3,,,Full sun,Dry to medium,,3 to 8,TRUE,,,,0,5,,May to July,,,,"meadow clary sage, cottage garden",,perennial,,,,,,,,,,,,,,,,,,,,,,,,,
American Elder,Sambucus canadensis,Sambucus,N,Fiore,Native / near-region (PROVISIONAL - genus-native tie; verify),Native or near-region species of a regional-native genus (verify species-level status),,,,shrub,,,,6,12,,,Full sun to part shade,Medium to wet,,3 to 9,,,,,1,-2,white,June to July,,,,"edible berries, attracts birds and pollinators",,,,,,,,,,,,,,,,,,,,,,,,,,,
Black Lace Black Elder,Sambucus nigra Eva,Sambucus,Y,Fiore,Native cultivar / congener (PROVISIONAL - genus-native tie; verify),Cultivar/selection within a regional-native genus (verify: native cultivar vs exotic congener),,,,shrub,,,medium,8,15,,,Full sun to part shade,average,loam,3 to 9,,,Intolerant,,,,,Spring,,,,"showy flowers, fall color, showy fruit",,rapid growth; moderate-lived; perennial,,,,,,,,,,,,,,,,,,,,,,,,,
Twilight Zone Little Bluestem,Schizachyrium Twilight Zone,Schizachyrium,Y,Fiore,Native cultivar / congener (PROVISIONAL - genus-native tie; verify),Cultivar/selection within a regional-native genus (verify: native cultivar vs exotic congener),,,,grass,,,,,,,,Full sun,Dry to medium,,,TRUE,,,,,,,,,,,"little bluestem, fall color, drought-tolerant",,,,,,,,,,,,,,,,,,,,,,,,,,,
Carousel Little Bluestem,Schizachyrium scoparium Carousel,Schizachyrium,Y,Fiore,Native cultivar / congener (PROVISIONAL - genus-native tie; verify),Cultivar/selection within a regional-native genus (verify: native cultivar vs exotic congener),,,,grass,,,medium,2,4,,,Full sun,dry,"sand, loam, clay",,TRUE,,Intolerant,,5,4,,Summer,,,,"attracts birds, attractive fall and winter seedheads",,moderate growth; long-lived; perennial,,,,,,,,,,,,,,,,,,,,,,,,,
Chameleon Little Bluestem,Schizachyrium scoparium Chameleon,Schizachyrium,Y,Fiore,Native cultivar / congener (PROVISIONAL - genus-native tie; verify),Cultivar/selection within a regional-native genus (verify: native cultivar vs exotic congener),,,,grass,,,medium,2,4,,,Full sun,dry,"sand, loam, clay",,TRUE,,Intolerant,,5,4,,Summer,,,,"attracts birds, attractive fall and winter seedheads",,moderate growth; long-lived; perennial,,,,,,,,,,,,,,,,,,,,,,,,,
Jazz Little Bluestem,Schizachyrium scoparium Jazz,Schizachyrium,Y,Fiore,Native cultivar / congener (PROVISIONAL - genus-native tie; verify),Cultivar/selection within a regional-native genus (verify: native cultivar vs exotic congener),,,,grass,,,medium,2,4,,,Full sun,dry,"sand, loam, clay",,TRUE,,Intolerant,,5,4,,Summer,,,,"attracts birds, attractive fall and winter seedheads",,moderate growth; long-lived; perennial,,,,,,,,,,,,,,,,,,,,,,,,,
Little Red Fox Little Bluestem Grass,Schizachyrium scoparium Little Red Fox,Schizachyrium,Y,Fiore,Native cultivar / congener (PROVISIONAL - genus-native tie; verify),Cultivar/selection within a regional-native genus (verify: native cultivar vs exotic congener),,,,grass,,,medium,2,4,,,Full sun,dry,"sand, loam, clay",,TRUE,,Intolerant,,5,4,,Summer,,,,"attracts birds, attractive fall and winter seedheads",,moderate growth; long-lived; perennial,,,,,,,,,,,,,,,,,,,,,,,,,
Prairie Blues Little Bluestem,Schizachyrium scoparium Prairie Blues,Schizachyrium,Y,Fiore,Native cultivar / congener (PROVISIONAL - genus-native tie; verify),Cultivar/selection within a regional-native genus (verify: native cultivar vs exotic congener),,,,grass,,,medium,2,4,,,Full sun,dry,"sand, loam, clay",,TRUE,,Intolerant,,5,4,,Summer,,,,"attracts birds, attractive fall and winter seedheads",,moderate growth; long-lived; perennial,,,,,,,,,,,,,,,,,,,,,,,,,
Standing Ovation Little Bluestem,Schizachyrium scoparium Standing Ovation,Schizachyrium,Y,Fiore,Native cultivar / congener (PROVISIONAL - genus-native tie; verify),Cultivar/selection within a regional-native genus (verify: native cultivar vs exotic congener),,,,grass,,,medium,2,4,,,Full sun,dry,"sand, loam, clay",,TRUE,,Intolerant,,5,4,,Summer,,,,"attracts birds, attractive fall and winter seedheads",,moderate growth; long-lived; perennial,,,,,,,,,,,,,,,,,,,,,,,,,
The Blues Little Bluestem,Schizachyrium scoparium The Blues,Schizachyrium,Y,Fiore,Native cultivar / congener (PROVISIONAL - genus-native tie; verify),Cultivar/selection within a regional-native genus (verify: native cultivar vs exotic congener),,,,grass,,,medium,2,4,,,Full sun,dry,"sand, loam, clay",,TRUE,,Intolerant,,5,4,,Summer,,,,"attracts birds, attractive fall and winter seedheads",,moderate growth; long-lived; perennial,,,,,,,,,,,,,,,,,,,,,,,,,
Autumn Delight Stonecrop,Sedum Beka Autumn Delight,Sedum,Y,Fiore,Native cultivar / congener (PROVISIONAL - genus-native tie; verify),Cultivar/selection within a regional-native genus (verify: native cultivar vs exotic congener),,,,,,,,1.5,2.5,,,Full sun,Dry to medium,,3 to 9,TRUE,,,,,,,August to October,,,,"stonecrop, succulent foliage, drought-tolerant",,,,,,,,,,,,,,,,,,,,,,,,,,,
Bertram Anderson Hybrid Stonecrop,Sedum Bertram Anderson,Sedum,Y,Fiore,Native cultivar / congener (PROVISIONAL - genus-native tie; verify),Cultivar/selection within a regional-native genus (verify: native cultivar vs exotic congener),,,,,,,,1.5,2.5,,,Full sun,Dry to medium,,3 to 9,TRUE,,,,,,,August to October,,,,"stonecrop, succulent foliage, drought-tolerant",,,,,,,,,,,,,,,,,,,,,,,,,,,
Carl Hybrid Stonecrop,Sedum Carl,Sedum,Y,Fiore,Native cultivar / congener (PROVISIONAL - genus-native tie; verify),Cultivar/selection within a regional-native genus (verify: native cultivar vs exotic congener),,,,,,,,1.5,2.5,,,Full sun,Dry to medium,,3 to 9,TRUE,,,,,,,August to October,,,,"stonecrop, succulent foliage, drought-tolerant",,,,,,,,,,,,,,,,,,,,,,,,,,,
SunSparkler Dazzleberry Stonecrop,Sedum Dazzleberry,Sedum,Y,Fiore,Native cultivar / congener (PROVISIONAL - genus-native tie; verify),Cultivar/selection within a regional-native genus (verify: native cultivar vs exotic congener),,,,,,,,1.5,2.5,,,Full sun,Dry to medium,,3 to 9,TRUE,,,,,,,August to October,,,,"stonecrop, succulent foliage, drought-tolerant",,,,,,,,,,,,,,,,,,,,,,,,,,,
SunSparkler Firecracker Stonecrop,Sedum Firecracker,Sedum,Y,Fiore,Native cultivar / congener (PROVISIONAL - genus-native tie; verify),Cultivar/selection within a regional-native genus (verify: native cultivar vs exotic congener),,,,,,,,1.5,2.5,,,Full sun,Dry to medium,,3 to 9,TRUE,,,,,,,August to October,,,,"stonecrop, succulent foliage, drought-tolerant",,,,,,,,,,,,,,,,,,,,,,,,,,,
SunSparkler Lime Zinger Stonecrop,Sedum Lime Zinger,Sedum,Y,Fiore,Native cultivar / congener (PROVISIONAL - genus-native tie; verify),Cultivar/selection within a regional-native genus (verify: native cultivar vs exotic congener),,,,,,,,1.5,2.5,,,Full sun,Dry to medium,,3 to 9,TRUE,,,,,,,August to October,,,,"stonecrop, succulent foliage, drought-tolerant",,,,,,,,,,,,,,,,,,,,,,,,,,,
Matrona Hybrid Stonecrop,Sedum Matrona,Sedum,Y,Fiore,Native cultivar / congener (PROVISIONAL - genus-native tie; verify),Cultivar/selection within a regional-native genus (verify: native cultivar vs exotic congener),,,,,,,,1.5,2.5,,,Full sun,Dry to medium,,3 to 9,TRUE,,,,,,,August to October,,,,"stonecrop, succulent foliage, drought-tolerant",,,,,,,,,,,,,,,,,,,,,,,,,,,
Sedum Quickcover Mix SUN,Sedum Quickcover Mix SUN,Sedum,Y,Fiore,Native cultivar / congener (PROVISIONAL - genus-native tie; verify),Cultivar/selection within a regional-native genus (verify: native cultivar vs exotic congener),,,,,,,,1.5,2.5,,,Full sun,Dry to medium,,3 to 9,TRUE,,,,,,,August to October,,,,"stonecrop, succulent foliage, drought-tolerant",,,,,,,,,,,,,,,,,,,,,,,,,,,
Back in Black hybrid stonecrop,Sedum RockN Grow Back in Black,Sedum,Y,Fiore,Native cultivar / congener (PROVISIONAL - genus-native tie; verify),Cultivar/selection within a regional-native genus (verify: native cultivar vs exotic congener),,,,,,,,1.5,2.5,,,Full sun,Dry to medium,,3 to 9,TRUE,,,,,,,August to October,,,,"stonecrop, succulent foliage, drought-tolerant",,,,,,,,,,,,,,,,,,,,,,,,,,,
SunSparkler Dream Dazzler Stonecrop,Sedum Sunsparkler Dream Dazzler,Sedum,Y,Fiore,Native cultivar / congener (PROVISIONAL - genus-native tie; verify),Cultivar/selection within a regional-native genus (verify: native cultivar vs exotic congener),,,,,,,,1.5,2.5,,,Full sun,Dry to medium,,3 to 9,TRUE,,,,,,,August to October,,,,"stonecrop, succulent foliage, drought-tolerant",,,,,,,,,,,,,,,,,,,,,,,,,,,
Thundercloud Stonecrop,Sedum Thundercloud,Sedum,Y,Fiore,Native cultivar / congener (PROVISIONAL - genus-native tie; verify),Cultivar/selection within a regional-native genus (verify: native cultivar vs exotic congener),,,,,,,,1.5,2.5,,,Full sun,Dry to medium,,3 to 9,TRUE,,,,,,,August to October,,,,"stonecrop, succulent foliage, drought-tolerant",,,,,,,,,,,,,,,,,,,,,,,,,,,
Vera Jameson Stonecrop,Sedum Vera Jameson,Sedum,Y,Fiore,Native cultivar / congener (PROVISIONAL - genus-native tie; verify),Cultivar/selection within a regional-native genus (verify: native cultivar vs exotic congener),,,,,,,,1.5,2.5,,,Full sun,Dry to medium,,3 to 9,TRUE,,,,,,,August to October,,,,"stonecrop, succulent foliage, drought-tolerant",,,,,,,,,,,,,,,,,,,,,,,,,,,
Wildfire Stonecrop,Sedum Wildfire,Sedum,Y,Fiore,Native cultivar / congener (PROVISIONAL - genus-native tie; verify),Cultivar/selection within a regional-native genus (verify: native cultivar vs exotic congener),,,,,,,,1.5,2.5,,,Full sun,Dry to medium,,3 to 9,TRUE,,,,,,,August to October,,,,"stonecrop, succulent foliage, drought-tolerant",,,,,,,,,,,,,,,,,,,,,,,,,,,
Gold Moss Stonecrop,Sedum acre,Sedum,N,Fiore,Native / near-region (PROVISIONAL - genus-native tie; verify),Native or near-region species of a regional-native genus (verify species-level status),,,,flower,,,,0.1,0.5,,,Full sun,Dry,,3 to 9,TRUE,,,,0,5,yellow,June to July,,,,"goldmoss stonecrop, drought-tolerant mat",,perennial,,,,,,,,,,,,,,,,,,,,,,,,,
Coral Carpet Worm Grass,Sedum album Coral Carpet,Sedum,Y,Fiore,Native cultivar / congener (PROVISIONAL - genus-native tie; verify),Cultivar/selection within a regional-native genus (verify: native cultivar vs exotic congener),,,,flower,,,,1.5,2.5,,,Full sun,Dry to medium,,3 to 9,TRUE,,,,0,5,,August to October,,,,"stonecrop, succulent foliage, drought-tolerant",,perennial,,,,,,,,,,,,,,,,,,,,,,,,,
Green Ice Stonecrop,Sedum album Green Ice,Sedum,Y,Fiore,Native cultivar / congener (PROVISIONAL - genus-native tie; verify),Cultivar/selection within a regional-native genus (verify: native cultivar vs exotic congener),,,,flower,,,,1.5,2.5,,,Full sun,Dry to medium,,3 to 9,TRUE,,,,0,5,,August to October,,,,"stonecrop, succulent foliage, drought-tolerant",,perennial,,,,,,,,,,,,,,,,,,,,,,,,,
Immergrunchen Hybrid Stonecrop,Sedum hybridum Immergrunchen,Sedum,Y,Fiore,Native cultivar / congener (PROVISIONAL - genus-native tie; verify),Cultivar/selection within a regional-native genus (verify: native cultivar vs exotic congener),,,,,,,,1.5,2.5,,,Full sun,Dry to medium,,3 to 9,TRUE,,,,,,,August to October,,,,"stonecrop, succulent foliage, drought-tolerant",,,,,,,,,,,,,,,,,,,,,,,,,,,
Russian Stonecrop,Sedum kamtschaticum,Sedum,N,Fiore,Native / near-region (PROVISIONAL - genus-native tie; verify),Native or near-region species of a regional-native genus (verify species-level status),,,,,,,,0.25,0.5,,,Full sun,Dry to medium,,3 to 9,TRUE,,,,,,yellow to orange,June to August,,,,"orange stonecrop, semi-evergreen, drought-tolerant",,,,,,,,,,,,,,,,,,,,,,,,,,,
Ellacombianum Kamschatka Stonecrop,Sedum kamtschaticum Ellacombianum,Sedum,Y,Fiore,Native cultivar / congener (PROVISIONAL - genus-native tie; verify),Cultivar/selection within a regional-native genus (verify: native cultivar vs exotic congener),,,,,,,,0.25,0.5,,,Full sun,Dry to medium,,3 to 9,TRUE,,,,,,,June to August,,,,"orange stonecrop, semi-evergreen, drought-tolerant",,,,,,,,,,,,,,,,,,,,,,,,,,,
Blue Spruce Stonecrop,Sedum reflexum,Sedum,N,Fiore,Native / near-region (PROVISIONAL - genus-native tie; verify),Native or near-region species of a regional-native genus (verify species-level status),,,,flower,,,,0.25,0.5,,,Full sun,Dry,,3 to 9,TRUE,,,,0,5,yellow,June to August,,,,"blue-gray succulent foliage, drought-tolerant",,perennial,,,,,,,,,,,,,,,,,,,,,,,,,
Crooked Yellow (Angelina) Stonecrop,Sedum rupestre Angelina,Sedum,Y,Fiore,Native cultivar / congener (PROVISIONAL - genus-native tie; verify),Cultivar/selection within a regional-native genus (verify: native cultivar vs exotic congener),,,,,,,,1.5,2.5,,,Full sun,Dry to medium,,3 to 9,TRUE,,,,,,,August to October,,,,"stonecrop, succulent foliage, drought-tolerant",,,,,,,,,,,,,,,,,,,,,,,,,,,
Autumn Fire Stonecrop,Sedum spectabile Autumn Fire,Sedum,Y,Fiore,Native cultivar / congener (PROVISIONAL - genus-native tie; verify),Cultivar/selection within a regional-native genus (verify: native cultivar vs exotic congener),,,,,,,,1.5,2.5,,,Full sun,Dry to medium,,3 to 9,TRUE,,,,,,,August to October,,,,"stonecrop, succulent foliage, drought-tolerant",,,,,,,,,,,,,,,,,,,,,,,,,,,
Autumn Joy Showy Stonecrop,Sedum spectabile Autumn Joy,Sedum,Y,Fiore,Native cultivar / congener (PROVISIONAL - genus-native tie; verify),Cultivar/selection within a regional-native genus (verify: native cultivar vs exotic congener),,,,,,,,1.5,2.5,,,Full sun,Dry to medium,,3 to 9,TRUE,,,,,,,August to October,,,,"stonecrop, succulent foliage, drought-tolerant",,,,,,,,,,,,,,,,,,,,,,,,,,,
Neon Stonecrop,Sedum spectabile Neon,Sedum,Y,Fiore,Native cultivar / congener (PROVISIONAL - genus-native tie; verify),Cultivar/selection within a regional-native genus (verify: native cultivar vs exotic congener),,,,,,,,1.5,2.5,,,Full sun,Dry to medium,,3 to 9,TRUE,,,,,,,August to October,,,,"stonecrop, succulent foliage, drought-tolerant",,,,,,,,,,,,,,,,,,,,,,,,,,,
Dragons Blood Two Row Stonecrop,Sedum spurium Dragons Blood,Sedum,Y,Fiore,Native cultivar / congener (PROVISIONAL - genus-native tie; verify),Cultivar/selection within a regional-native genus (verify: native cultivar vs exotic congener),,,,,,,,1.5,2.5,,,Full sun,Dry to medium,,3 to 9,TRUE,,,,0,5,,August to October,,,,"stonecrop, succulent foliage, drought-tolerant",,,,,,,,,,,,,,,,,,,,,,,,,,,
John Creech Stonecrop,Sedum spurium John Creech,Sedum,Y,Fiore,Native cultivar / congener (PROVISIONAL - genus-native tie; verify),Cultivar/selection within a regional-native genus (verify: native cultivar vs exotic congener),,,,,,,,1.5,2.5,,,Full sun,Dry to medium,,3 to 9,TRUE,,,,0,5,,August to October,,,,"stonecrop, succulent foliage, drought-tolerant",,,,,,,,,,,,,,,,,,,,,,,,,,,
Voodoo Two Row Stonecrop,Sedum spurium Voodoo,Sedum,Y,Fiore,Native cultivar / congener (PROVISIONAL - genus-native tie; verify),Cultivar/selection within a regional-native genus (verify: native cultivar vs exotic congener),,,,,,,,1.5,2.5,,,Full sun,Dry to medium,,3 to 9,TRUE,,,,0,5,,August to October,,,,"stonecrop, succulent foliage, drought-tolerant",,,,,,,,,,,,,,,,,,,,,,,,,,,
Whorled Stonecrop,Sedum ternatum,Sedum,N,Fiore,Native / near-region (PROVISIONAL - genus-native tie; verify),Native or near-region species of a regional-native genus (verify species-level status),,,,flower,,,,0.25,0.5,,,Full sun to part shade,Medium,,3 to 9,TRUE,,,,10,5,white,April to May,,,,"woodland stonecrop, shade-tolerant native",,perennial,,,,,,,,,,,,,,,,,,,,,,,,,
Pure Joy Sedum,Sedum x Pure Joy,Sedum,Y,Fiore,Native cultivar / congener (PROVISIONAL - genus-native tie; verify),Cultivar/selection within a regional-native genus (verify: native cultivar vs exotic congener),,,,,,,,1.5,2.5,,,Full sun,Dry to medium,,3 to 9,TRUE,,,,,,,August to October,,,,"stonecrop, succulent foliage, drought-tolerant",,,,,,,,,,,,,,,,,,,,,,,,,,,
Compass Plant,Silphium laciniatum,Silphium,N,Fiore,Native / near-region (PROVISIONAL - genus-native tie; verify),Native or near-region species of a regional-native genus (verify species-level status),,,,flower,,,,,,,,Full sun,Medium,,,,,,,5,5,,,,,,"compass plant, faces north-south, birds eat seeds",,perennial,,,,,,,,,,,,,,,,,,,,,,,,,
Prairie Dock,Silphium terebinthinaceum,Silphium,N,Fiore,Native / near-region (PROVISIONAL - genus-native tie; verify),Native or near-region species of a regional-native genus (verify species-level status),,,,flower,,,,4,10,,,Full sun,Medium,,4 to 8,,,,,5,3,yellow,July to August,,,,"prairie dock, huge basal leaves, seeds attract birds",,perennial,,,,,,,,,,,,,,,,,,,,,,,,,
Lucerne Blue-Eyed Grass,Sisyrinchium angustifolium Lucerne,Sisyrinchium,Y,Fiore,Native cultivar / congener (PROVISIONAL - genus-native tie; verify),Cultivar/selection within a regional-native genus (verify: native cultivar vs exotic congener),,,,flower,,,,,,,,Full sun to part shade,Medium,,,,,,,10,-2,,May to June,,,,"blue-eyed grass, native, dainty blue flowers",,perennial,,,,,,,,,,,,,,,,,,,,,,,,,
Golden Fleece Goldenrod,Solidago Golden Fleece,Solidago,Y,Fiore,Native cultivar / congener (PROVISIONAL - genus-native tie; verify),Cultivar/selection within a regional-native genus (verify: native cultivar vs exotic congener),,,,,,,,,,,,Full sun,Dry to medium,,,,,,,,,,,,,,"goldenrod, fall bloomer, attracts butterflies",,,,,,,,,,,,,,,,,,,,,,,,,,,
Sugar Kisses Goldenrod,Solidago Sugar Kisses,Solidago,Y,Fiore,Native cultivar / congener (PROVISIONAL - genus-native tie; verify),Cultivar/selection within a regional-native genus (verify: native cultivar vs exotic congener),,,,,,,,,,,,Full sun,Dry to medium,,,,,,,,,,,,,,"goldenrod, fall bloomer, attracts butterflies",,,,,,,,,,,,,,,,,,,,,,,,,,,
Blue Stem Goldenrod,Solidago caesia,Solidago,N,Fiore,Native / near-region (PROVISIONAL - genus-native tie; verify),Native or near-region species of a regional-native genus (verify species-level status),,,,,,,,,,,,Full sun to part shade,Dry to medium,,,,,,,7,3,,,,,,"goldenrod, fall bloomer, attracts butterflies",,,,,,,,,,,,,,,,,,,,,,,,,,,
Broad-Leaved Goldenrod,Solidago flexicaulis,Solidago,N,Fiore,Native / near-region (PROVISIONAL - genus-native tie; verify),Native or near-region species of a regional-native genus (verify species-level status),,,,flower,,,,,,,,Full sun to part shade,Medium,,,,,,,7,3,,,,,,"goldenrod, fall bloomer, attracts butterflies",,perennial,,,,,,,,,,,,,,,,,,,,,,,,,
Noble Goldenrod,Solidago speciosa,Solidago,N,Fiore,Native / near-region (PROVISIONAL - genus-native tie; verify),Native or near-region species of a regional-native genus (verify species-level status),,,,,,,,2,3,,,Full sun,Dry to medium,,,TRUE,,,,7,5,yellow,August to September,,,,"goldenrod, fall bloomer, attracts butterflies",,,,,,,,,,,,,,,,,,,,,,,,,,,
Indian Grass,Sorghastrum nutans,Sorghastrum,N,Fiore,Native / near-region (PROVISIONAL - genus-native tie; verify),Native or near-region species of a regional-native genus (verify species-level status),,,,grass,,,coarse,3,6.0,,,Full sun,average,"sand, loam, clay",,TRUE,,Intolerant,,5,2,yellow,Late Spring,,,,"attractive fall color orange-yellow, birds eat seeds",,moderate growth; long-lived; perennial,,,,,,,,,,,,,,,,,,,,,,,,,
Apple Slices Indian Pink,Spigelia marilandica Apple Slices,Spigelia,Y,Fiore,Native cultivar / congener (PROVISIONAL - genus-native tie; verify),Cultivar/selection within a regional-native genus (verify: native cultivar vs exotic congener),,,,flower,,,,,,,,Part shade to full shade,Medium,,,,,,,,,,May to July,,,,"Indian pink, hummingbird magnet, native woodland",,perennial,,,,,,,,,,,,,,,,,,,,,,,,,
Little Redhead Indian Pink,Spigelia marilandica Little Redhead,Spigelia,Y,Fiore,Native cultivar / congener (PROVISIONAL - genus-native tie; verify),Cultivar/selection within a regional-native genus (verify: native cultivar vs exotic congener),,,,flower,,,,,,,,Part shade to full shade,Medium,,,,,,,,,,May to July,,,,"Indian pink, hummingbird magnet, native woodland",,perennial,,,,,,,,,,,,,,,,,,,,,,,,,
Rajun Cajun Indian Pink,Spigelia marilandica Rajun Cajun,Spigelia,Y,Fiore,Native cultivar / congener (PROVISIONAL - genus-native tie; verify),Cultivar/selection within a regional-native genus (verify: native cultivar vs exotic congener),,,,flower,,,,,,,,Part shade to full shade,Medium,,,,,,,,,,May to July,,,,"Indian pink, hummingbird magnet, native woodland",,perennial,,,,,,,,,,,,,,,,,,,,,,,,,
Meadowsweet,Spiraea alba,Spiraea,N,Fiore,Native / near-region (PROVISIONAL - genus-native tie; verify),Native or near-region species of a regional-native genus (verify species-level status),,,,shrub,,,fine,3,3.0,,,Full sun,average,"sand, loam, clay",3 to 8,,,Intermediate,,7,-4,white,Late Spring,,,,showy flowers,,moderate growth; moderate-lived; perennial,,,,,,,,,,,,,,,,,,,,,,,,,
Glow Girl Birchleaf Spirea,Spiraea betulifolia Glow Girl (Tor Gold),Spiraea,Y,Fiore,Native cultivar / congener (PROVISIONAL - genus-native tie; verify),Cultivar/selection within a regional-native genus (verify: native cultivar vs exotic congener),,,,shrub,,,,3,5,,,Full sun,Medium,,3 to 8,,,,,,,,June to July,,,,"spirea, easy shrub, spring or summer bloomer",,perennial,,,,,,,,,,,,,,,,,,,,,,,,,
Tor Birchleaf Spirea,Spiraea betulifolia Tor,Spiraea,Y,Fiore,Native cultivar / congener (PROVISIONAL - genus-native tie; verify),Cultivar/selection within a regional-native genus (verify: native cultivar vs exotic congener),,,,shrub,,,,3,5,,,Full sun,Medium,,3 to 8,,,,,,,,June to July,,,,"spirea, easy shrub, spring or summer bloomer",,perennial,,,,,,,,,,,,,,,,,,,,,,,,,
Anthony Waterer Bumald Spirea,Spiraea bumalda Anthony Waterer,Spiraea,Y,Fiore,Native cultivar / congener (PROVISIONAL - genus-native tie; verify),Cultivar/selection within a regional-native genus (verify: native cultivar vs exotic congener),,,,shrub,,,,3,5,,,Full sun,Medium,,3 to 8,,,,,,,,June to August,,,,"spirea, easy shrub, spring or summer bloomer",,perennial,,,,,,,,,,,,,,,,,,,,,,,,,
Froebel Bumald Spirea,Spiraea bumalda Froebelii,Spiraea,Y,Fiore,Native cultivar / congener (PROVISIONAL - genus-native tie; verify),Cultivar/selection within a regional-native genus (verify: native cultivar vs exotic congener),,,,shrub,,,,3,5,,,Full sun,Medium,,3 to 8,,,,,,,,June to August,,,,"spirea, easy shrub, spring or summer bloomer",,perennial,,,,,,,,,,,,,,,,,,,,,,,,,
Goldflame Bumald Spirea,Spiraea bumalda Goldflame,Spiraea,Y,Fiore,Native cultivar / congener (PROVISIONAL - genus-native tie; verify),Cultivar/selection within a regional-native genus (verify: native cultivar vs exotic congener),,,,shrub,,,,3,5,,,Full sun,Medium,,3 to 8,,,,,,,,June to August,,,,"spirea, easy shrub, spring or summer bloomer",,perennial,,,,,,,,,,,,,,,,,,,,,,,,,
Goldmound Bumald Spirea,Spiraea bumalda Goldmound,Spiraea,Y,Fiore,Native cultivar / congener (PROVISIONAL - genus-native tie; verify),Cultivar/selection within a regional-native genus (verify: native cultivar vs exotic congener),,,,shrub,,,,3,5,,,Full sun,Medium,,3 to 8,,,,,,,,June to August,,,,"spirea, easy shrub, spring or summer bloomer",,perennial,,,,,,,,,,,,,,,,,,,,,,,,,
Grefsheim Spirea,Spiraea cinerea Grefsheim,Spiraea,Y,Fiore,Native cultivar / congener (PROVISIONAL - genus-native tie; verify),Cultivar/selection within a regional-native genus (verify: native cultivar vs exotic congener),,,,shrub,,,,4,6,,,Full sun,Medium,,4 to 8,,,,,,,,April to May,,,,"spirea, easy shrub, spring or summer bloomer",,,,,,,,,,,,,,,,,,,,,,,,,,,
Double Play Blue Kazoo Spirea,Spiraea media SMSMBK (Double Play Blue Kazoo),Spiraea,Y,Fiore,Native cultivar / congener (PROVISIONAL - genus-native tie; verify),Cultivar/selection within a regional-native genus (verify: native cultivar vs exotic congener),,,,shrub,,,,3,6,,,Full sun,Medium,,3 to 8,,,,,,,,April to May,,,,"spirea, easy shrub, spring or summer bloomer",,,,,,,,,,,,,,,,,,,,,,,,,,,
Snowmound Nippon Spirea,Spiraea nipponica Snowmound,Spiraea,Y,Fiore,Native cultivar / congener (PROVISIONAL - genus-native tie; verify),Cultivar/selection within a regional-native genus (verify: native cultivar vs exotic congener),,,,shrub,,,,3,5,,,Full sun,Medium,,3 to 8,,,,,,,,May to June,,,,"spirea, easy shrub, spring or summer bloomer",,,,,,,,,,,,,,,,,,,,,,,,,,,
Renaissance Vanhoutte Spirea,Spiraea vanhouttei Renaissance,Spiraea,Y,Fiore,Native cultivar / congener (PROVISIONAL - genus-native tie; verify),Cultivar/selection within a regional-native genus (verify: native cultivar vs exotic congener),,,,shrub,,,,6,8,,,Full sun,Medium,,3 to 8,,,,,,,,April to May,,,,"spirea, easy shrub, spring or summer bloomer",,perennial,,,,,,,,,,,,,,,,,,,,,,,,,
Alkali Sacaton Grass,Sporobolus airoides,Sporobolus,N,Fiore,Native / near-region (PROVISIONAL - genus-native tie; verify),Native or near-region species of a regional-native genus (verify species-level status),,,,grass,,,fine,2,3.0,,,Full sun,dry,"sand, loam, clay",,TRUE,,Intolerant,,,,yellow,Mid Summer,,,,"alkali dropseed, xeric adaptable, fine-textured prairie grass",,moderate growth; moderate-lived; perennial,,,,,,,,,,,,,,,,,,,,,,,,,
Tara Prairie Dropseed,Sporobolus heterolepis Tara,Sporobolus,Y,Fiore,Native cultivar / congener (PROVISIONAL - genus-native tie; verify),Cultivar/selection within a regional-native genus (verify: native cultivar vs exotic congener),,,,grass,,,medium,1.25,2.5,,,Full sun,dry,loam,,TRUE,,Intermediate,,10,4,,Summer,,,,"fragrant flowers, fine texture, fall color golden",,moderate growth; moderate-lived; perennial,,,,,,,,,,,,,,,,,,,,,,,,,
Proud Berry Coralberry,Symphoricarpos Sofie (Proud Berry),Symphoricarpos,Y,Fiore,Native cultivar / congener (PROVISIONAL - genus-native tie; verify),Cultivar/selection within a regional-native genus (verify: native cultivar vs exotic congener),,,,shrub,,,,,,,,Full sun to part shade,Medium,,,,,,,,,,,,,,"snowberry, white or pink berries, wildlife value",,,,,,,,,,,,,,,,,,,,,,,,,,,
Smooth Blue Aster,Symphyotrichum laeve var laeve,Symphyotrichum,Y,Fiore,Native cultivar / congener (PROVISIONAL - genus-native tie; verify),Cultivar/selection within a regional-native genus (verify: native cultivar vs exotic congener),,,,flower,,,,2,4,,,Full sun,Dry to medium,,,TRUE,,,,,,,August to October,,,,"aster, fall nectar source",,perennial,,,,,,,,,,,,,,,,,,,,,,,,,
Billowing Pink Aster,Symphyotrichum oblongifolius Billowing Pink,Symphyotrichum,Y,Fiore,Native cultivar / congener (PROVISIONAL - genus-native tie; verify),Cultivar/selection within a regional-native genus (verify: native cultivar vs exotic congener),,,,,,,,,,,,Full sun,Dry to medium,,,TRUE,,,,10,5,,September to October,,,,"aromatic aster, fragrant, long fall bloom",,,,,,,,,,,,,,,,,,,,,,,,,,,
Billowing Violet Aster,Symphyotrichum oblongifolius Billowing Violet,Symphyotrichum,Y,Fiore,Native cultivar / congener (PROVISIONAL - genus-native tie; verify),Cultivar/selection within a regional-native genus (verify: native cultivar vs exotic congener),,,,,,,,,,,,Full sun,Dry to medium,,,TRUE,,,,10,5,,September to October,,,,"aromatic aster, fragrant, long fall bloom",,,,,,,,,,,,,,,,,,,,,,,,,,,
Cotton Candy Aster,Symphyotrichum oblongifolius Cotton Candy,Symphyotrichum,Y,Fiore,Native cultivar / congener (PROVISIONAL - genus-native tie; verify),Cultivar/selection within a regional-native genus (verify: native cultivar vs exotic congener),,,,,,,,,,,,Full sun,Dry to medium,,,TRUE,,,,10,5,,September to October,,,,"aromatic aster, fragrant, long fall bloom",,,,,,,,,,,,,,,,,,,,,,,,,,,
Elizabeth Oliver Foam Flower,Tiarella Elizabeth Oliver,Tiarella,Y,Fiore,Native cultivar / congener (PROVISIONAL - genus-native tie; verify),Cultivar/selection within a regional-native genus (verify: native cultivar vs exotic congener),,,,,,,,0.5,1,,,Part shade to full shade,Medium,,4 to 9,,,,,,,,April to June,,,,"foam flower, shade ground cover, attractive foliage",,,,,,,,,,,,,,,,,,,,,,,,,,,
Pink Skyrocket Foam Flower,Tiarella Pink Skyrocket,Tiarella,Y,Fiore,Native cultivar / congener (PROVISIONAL - genus-native tie; verify),Cultivar/selection within a regional-native genus (verify: native cultivar vs exotic congener),,,,,,,,0.5,1,,,Part shade to full shade,Medium,,4 to 9,,,,,,,,April to June,,,,"foam flower, shade ground cover, attractive foliage",,,,,,,,,,,,,,,,,,,,,,,,,,,
Running Tapestry Foam Flower,Tiarella Running Tapestry,Tiarella,Y,Fiore,Native cultivar / congener (PROVISIONAL - genus-native tie; verify),Cultivar/selection within a regional-native genus (verify: native cultivar vs exotic congener),,,,,,,,0.5,1,,,Part shade to full shade,Medium,,4 to 9,,,,,,,,April to June,,,,"foam flower, shade ground cover, attractive foliage",,,,,,,,,,,,,,,,,,,,,,,,,,,
Spring Symphony Foam Flower,Tiarella Spring Symphony,Tiarella,Y,Fiore,Native cultivar / congener (PROVISIONAL - genus-native tie; verify),Cultivar/selection within a regional-native genus (verify: native cultivar vs exotic congener),,,,,,,,0.5,1,,,Part shade to full shade,Medium,,4 to 9,,,,,,,,April to June,,,,"foam flower, shade ground cover, attractive foliage",,,,,,,,,,,,,,,,,,,,,,,,,,,
Concord Grape Spiderwort,Tradescantia andersoniana Concord Grape,Tradescantia,Y,Fiore,Native cultivar / congener (PROVISIONAL - genus-native tie; verify),Cultivar/selection within a regional-native genus (verify: native cultivar vs exotic congener),,,,flower,,,,1.5,2.5,,,Full sun to part shade,Medium,,4 to 9,,,,,,,,May to August,,,,"spiderwort, long-blooming, clump-forming",,perennial,,,,,,,,,,,,,,,,,,,,,,,,,
White Trillium,Trillium grandiflorum,Trillium,N,Fiore,Native / near-region (PROVISIONAL - genus-native tie; verify),Native or near-region species of a regional-native genus (verify species-level status),,,,flower,,,,,,,,Part shade to full shade,Medium,,,,,,,8,5,white,April to May,,,,spring woodland wildflower,,perennial,,,,,,,,,,,,,,,,,,,,,,,,,
Bushel and Berry Pink Icing Blueberry,Vaccinium ZG06-079 Pink Icing Blueberry,Vaccinium,Y,Fiore,Native cultivar / congener (PROVISIONAL - genus-native tie; verify),Cultivar/selection within a regional-native genus (verify: native cultivar vs exotic congener),,,,,,,,3,10,,,Full sun to part shade,Medium to wet,,3 to 7,,,,,,,,April to May,,,,"blueberry, edible fruit, acidic soil, fall color",,,,,,,,,,,,,,,,,,,,,,,,,,,
Blue Crop Highbush Blueberry,Vaccinium corymbosum Blue Crop,Vaccinium,Y,Fiore,Native cultivar / congener (PROVISIONAL - genus-native tie; verify),Cultivar/selection within a regional-native genus (verify: native cultivar vs exotic congener),,,,shrub,,,medium,6,12,,,Full sun to part shade,average,"sand, loam, clay",3 to 7,,,Tolerant,,8,-3,,Early Summer,,,,"fall color, showy fruit",,moderate growth; moderate-lived; perennial,,,,,,,,,,,,,,,,,,,,,,,,,
Duke Highbush Blueberry,Vaccinium corymbosum Duke,Vaccinium,Y,Fiore,Native cultivar / congener (PROVISIONAL - genus-native tie; verify),Cultivar/selection within a regional-native genus (verify: native cultivar vs exotic congener),,,,shrub,,,medium,6,12,,,Full sun to part shade,average,"sand, loam, clay",3 to 7,,,Tolerant,,8,-3,,Early Summer,,,,"fall color, showy fruit",,moderate growth; moderate-lived; perennial,,,,,,,,,,,,,,,,,,,,,,,,,
Blue Vervain,Verbena hastata,Verbena,N,Fiore,Native / near-region (PROVISIONAL - genus-native tie; verify),Native or near-region species of a regional-native genus (verify species-level status),,,,flower,,,,3,5,,,Full sun to part shade,Medium to wet,,,TRUE,,,,4,-4,purple,July to September,,,,"rain garden, attracts butterflies, blue vervain",,biennial,,,,,,,,,,,,,,,,,,,,,,,,,
Bampton Vervain,Verbena officinalis var. grandiflora Bampton,Verbena,Y,Fiore,Native cultivar / congener (PROVISIONAL - genus-native tie; verify),Cultivar/selection within a regional-native genus (verify: native cultivar vs exotic congener),,,,flower,,,,,,,,Full sun,Dry to medium,,,TRUE,,,,,,,,,,,"common vervain, attracts butterflies and bees",,annual,,,,,,,,,,,,,,,,,,,,,,,,,
Hoary Vervain,Verbena stricta,Verbena,N,Fiore,Native / near-region (PROVISIONAL - genus-native tie; verify),Native or near-region species of a regional-native genus (verify species-level status),,,,flower,,,,2,4,,,Full sun,Dry,,,TRUE,,,,4,5,purple,June to September,,,,"attracts native bees, drought-tolerant prairie plant",,annual,,,,,,,,,,,,,,,,,,,,,,,,,
Iron Butterly Ironweed,Vernonia Iron Butterfly,Vernonia,Y,Fiore,Native cultivar / congener (PROVISIONAL - genus-native tie; verify),Cultivar/selection within a regional-native genus (verify: native cultivar vs exotic congener),,,,,,,,,,,,Full sun,Medium to wet,,,,,,,,,,July to October,,,,"ironweed, magenta fall bloomer, monarch butterfly plant",,,,,,,,,,,,,,,,,,,,,,,,,,,
Southern Cross Ironweed,Vernonia Southern Cross,Vernonia,Y,Fiore,Native cultivar / congener (PROVISIONAL - genus-native tie; verify),Cultivar/selection within a regional-native genus (verify: native cultivar vs exotic congener),,,,,,,,,,,,Full sun,Medium to wet,,,,,,,,,,July to October,,,,"ironweed, magenta fall bloomer, monarch butterfly plant",,,,,,,,,,,,,,,,,,,,,,,,,,,
Summers End Ironweed,Vernonia Summers End,Vernonia,Y,Fiore,Native cultivar / congener (PROVISIONAL - genus-native tie; verify),Cultivar/selection within a regional-native genus (verify: native cultivar vs exotic congener),,,,,,,,,,,,Full sun,Medium to wet,,,,,,,,,,July to October,,,,"ironweed, magenta fall bloomer, monarch butterfly plant",,,,,,,,,,,,,,,,,,,,,,,,,,,
Summers Swan Song Ironweed,Vernonia Summers Swan Song,Vernonia,Y,Fiore,Native cultivar / congener (PROVISIONAL - genus-native tie; verify),Cultivar/selection within a regional-native genus (verify: native cultivar vs exotic congener),,,,,,,,,,,,Full sun,Medium to wet,,,,,,,,,,July to October,,,,"ironweed, magenta fall bloomer, monarch butterfly plant",,,,,,,,,,,,,,,,,,,,,,,,,,,
Common Ironweed,Vernonia fasciculata,Vernonia,N,Fiore,Native / near-region (PROVISIONAL - genus-native tie; verify),Native or near-region species of a regional-native genus (verify species-level status),,,,flower,,,,2,4,,,Full sun,Medium to wet,,4 to 9,,,,,5,-3,magenta,July to September,,,,"ironweed, magenta fall bloomer, monarch butterfly plant",,perennial,,,,,,,,,,,,,,,,,,,,,,,,,
Culvers Root Queen of Diamonds,Veronicastrum virginicum Queen of Diamonds,Veronicastrum,Y,Fiore,Native cultivar / congener (PROVISIONAL - genus-native tie; verify),Cultivar/selection within a regional-native genus (verify: native cultivar vs exotic congener),,,,flower,,,,3,6,,,Full sun to part shade,Medium,,3 to 9,,,,,7,0,,July to September,,,,"culver's root, tall prairie spike, attracts butterflies",,perennial,,,,,,,,,,,,,,,,,,,,,,,,,
Burkwood Viburnum,Viburnum burkwoodii,Viburnum,N,Fiore,Native / near-region (PROVISIONAL - genus-native tie; verify),Native or near-region species of a regional-native genus (verify species-level status),,,,shrub,,,,6,10,,,Full sun to part shade,Medium,,,,,,,,,white to pink,April to May,,,,"fragrant spring flowers, semi-evergreen",,,,,,,,,,,,,,,,,,,,,,,,,,,
Mohawk Burkwood Viburnum,Viburnum burkwoodii Mohawk,Viburnum,Y,Fiore,Native cultivar / congener (PROVISIONAL - genus-native tie; verify),Cultivar/selection within a regional-native genus (verify: native cultivar vs exotic congener),,,,shrub,,,,6,10,,,Full sun to part shade,Medium,,,,,,,,,,April to May,,,,"fragrant spring flowers, semi-evergreen",,,,,,,,,,,,,,,,,,,,,,,,,,,
Koreanspice Viburnum,Viburnum carlesii,Viburnum,N,Fiore,Native / near-region (PROVISIONAL - genus-native tie; verify),Native or near-region species of a regional-native genus (verify species-level status),,,,shrub,,,,4,5,,,Full sun to part shade,Medium,,,,,,,,,pink to white,April to May,,,,"intensely fragrant spring flowers, red fall color",,perennial,,,,,,,,,,,,,,,,,,,,,,,,,
Cayuga Koreanspice Viburnum,Viburnum carlesii Cayuga,Viburnum,Y,Fiore,Native cultivar / congener (PROVISIONAL - genus-native tie; verify),Cultivar/selection within a regional-native genus (verify: native cultivar vs exotic congener),,,,shrub,,,,4,5,,,Full sun to part shade,Medium,,,,,,,,,,April to May,,,,"intensely fragrant spring flowers, red fall color",,perennial,,,,,,,,,,,,,,,,,,,,,,,,,
Dwarf Koreanspice Viburnum,Viburnum carlesii Compactum,Viburnum,Y,Fiore,Native cultivar / congener (PROVISIONAL - genus-native tie; verify),Cultivar/selection within a regional-native genus (verify: native cultivar vs exotic congener),,,,shrub,,,,4,5,,,Full sun to part shade,Medium,,,,,,,,,,April to May,,,,"intensely fragrant spring flowers, red fall color",,perennial,,,,,,,,,,,,,,,,,,,,,,,,,
Spice Baby Koreanspice Viburnum,Viburnum carlesii Spice Baby,Viburnum,Y,Fiore,Native cultivar / congener (PROVISIONAL - genus-native tie; verify),Cultivar/selection within a regional-native genus (verify: native cultivar vs exotic congener),,,,shrub,,,,4,5,,,Full sun to part shade,Medium,,,,,,,,,,April to May,,,,"intensely fragrant spring flowers, red fall color",,perennial,,,,,,,,,,,,,,,,,,,,,,,,,
Autumn Jazz Arrowwood Viburnum,Viburnum dentatum Autumn Jazz,Viburnum,Y,Fiore,Native cultivar / congener (PROVISIONAL - genus-native tie; verify),Cultivar/selection within a regional-native genus (verify: native cultivar vs exotic congener),,,,shrub,,,coarse,6,10,,,Full sun to part shade,average,"loam, clay",,,,Tolerant,,0,5,,Late Spring,,,,"showy flowers, showy fruit",,slow growth; long-lived,,,,,,,,,,,,,,,,,,,,,,,,,
Blue Muffin Arrowwood Viburnum,Viburnum dentatum Blue Muffin,Viburnum,Y,Fiore,Native cultivar / congener (PROVISIONAL - genus-native tie; verify),Cultivar/selection within a regional-native genus (verify: native cultivar vs exotic congener),,,,shrub,,,coarse,6,10,,,Full sun to part shade,average,"loam, clay",,,,Tolerant,,0,5,,Late Spring,,,,"showy flowers, showy fruit",,slow growth; long-lived,,,,,,,,,,,,,,,,,,,,,,,,,
Chicago Lustre Arrowwood Viburnum,Viburnum dentatum Chicago Lustre,Viburnum,Y,Fiore,Native cultivar / congener (PROVISIONAL - genus-native tie; verify),Cultivar/selection within a regional-native genus (verify: native cultivar vs exotic congener),,,,shrub,,,coarse,6,10,,,Full sun to part shade,average,"loam, clay",,,,Tolerant,,0,5,,Late Spring,,,,"showy flowers, showy fruit",,slow growth; long-lived,,,,,,,,,,,,,,,,,,,,,,,,,
Judd Viburnum,Viburnum juddii,Viburnum,N,Fiore,Native / near-region (PROVISIONAL - genus-native tie; verify),Native or near-region species of a regional-native genus (verify species-level status),,,,shrub,,,,6,8,,,Full sun to part shade,Medium,,,,,,,,,white to pink,April to May,,,,"fragrant spring flowers, red-purple fall color",,,,,,,,,,,,,,,,,,,,,,,,,,,
Mohican Wayfaring Tree Viburnum,Viburnum lantana Mohican,Viburnum,Y,Fiore,Native cultivar / congener (PROVISIONAL - genus-native tie; verify),Cultivar/selection within a regional-native genus (verify: native cultivar vs exotic congener),,,,shrub,,,coarse,6,10,,,Full sun to part shade,moist,loam,,,,Intolerant,,0,5,,Late Spring,,,,"showy flowers, fall color, showy fruit",,slow growth; long-lived; perennial,,,,,,,,,,,,,,,,,,,,,,,,,
Nannyberry Viburnum,Viburnum lentago,Viburnum,N,Fiore,Native / near-region (PROVISIONAL - genus-native tie; verify),Native or near-region species of a regional-native genus (verify species-level status),,,,shrub,,,coarse,6,28,,,Full sun to part shade,average,"loam, clay",,,,Tolerant,,5,-1,white,Late Spring,,,,"showy flowers, fall color, showy fruit",,slow growth; long-lived; perennial,,,,,,,,,,,,,,,,,,,,,,,,,
Opening Day Doublefile Viburnum,Viburnum plicatum Opening Day (PIIVIB-II),Viburnum,Y,Fiore,Native cultivar / congener (PROVISIONAL - genus-native tie; verify),Cultivar/selection within a regional-native genus (verify: native cultivar vs exotic congener),,,,shrub,,,,6,10,,,Full sun to part shade,Medium,,,,,,,,,,April to June,,,,"viburnum, fragrant or showy flowers, berries attract birds",,perennial,,,,,,,,,,,,,,,,,,,,,,,,,
Mariesii Doublefile Viburnum,Viburnum plicatum var. tomentosum Mariesii,Viburnum,Y,Fiore,Native cultivar / congener (PROVISIONAL - genus-native tie; verify),Cultivar/selection within a regional-native genus (verify: native cultivar vs exotic congener),,,,shrub,,,,6,10,,,Full sun to part shade,Medium,,,,,,,,,,April to June,,,,"viburnum, fragrant or showy flowers, berries attract birds",,perennial,,,,,,,,,,,,,,,,,,,,,,,,,
Shasta Doublefile Viburnum,Viburnum plicatum var. tomentosum Shasta,Viburnum,Y,Fiore,Native cultivar / congener (PROVISIONAL - genus-native tie; verify),Cultivar/selection within a regional-native genus (verify: native cultivar vs exotic congener),,,,shrub,,,,6,10,,,Full sun to part shade,Medium,,,,,,,,,,April to June,,,,"viburnum, fragrant or showy flowers, berries attract birds",,perennial,,,,,,,,,,,,,,,,,,,,,,,,,
Blackhaw Viburnum,Viburnum prunifolium,Viburnum,N,Fiore,Native / near-region (PROVISIONAL - genus-native tie; verify),Native or near-region species of a regional-native genus (verify species-level status),,,,shrub,,,medium,8,16,6,12,Full sun to part shade,average,"loam, clay",,TRUE,,Tolerant,,5,3,white,Spring,,,,"showy flowers, fall color, showy fruit",,slow growth; long-lived; perennial,,,,,,,,,,,,,,,,,,,,,,,,,
Forest Rouge Blackhaw Viburnum,Viburnum prunifolium McKRouge (Forest Rouge),Viburnum,Y,Fiore,Native cultivar / congener (PROVISIONAL - genus-native tie; verify),Cultivar/selection within a regional-native genus (verify: native cultivar vs exotic congener),,,,shrub,,,medium,8,15,6,12,Full sun to part shade,average,"loam, clay",,TRUE,,Tolerant,,5,3,,Spring,,,,"showy flowers, fall color, showy fruit",,slow growth; long-lived; perennial,,,,,,,,,,,,,,,,,,,,,,,,,
Allegheny Lantanaphyllum Viburnum,Viburnum rhytidophylloides Allegheny,Viburnum,Y,Fiore,Native cultivar / congener (PROVISIONAL - genus-native tie; verify),Cultivar/selection within a regional-native genus (verify: native cultivar vs exotic congener),,,,shrub,,,,6,10,,,Full sun to part shade,Medium,,,,,,,,,,April to June,,,,"viburnum, fragrant or showy flowers, berries attract birds",,perennial,,,,,,,,,,,,,,,,,,,,,,,,,
Compact Alfredo American Cranberry Viburnum,Viburnum trilobum Alfredo,Viburnum,Y,Fiore,Native cultivar / congener (PROVISIONAL - genus-native tie; verify),Cultivar/selection within a regional-native genus (verify: native cultivar vs exotic congener),,,,shrub,,,,6,10,,,Full sun to part shade,Medium,,,,,,,10,-3,,April to June,,,,"viburnum, fragrant or showy flowers, berries attract birds",,,,,,,,,,,,,,,,,,,,,,,,,,,
Bailey Compact American Cranberry Viburnum,Viburnum trilobum Bailey Compact,Viburnum,Y,Fiore,Native cultivar / congener (PROVISIONAL - genus-native tie; verify),Cultivar/selection within a regional-native genus (verify: native cultivar vs exotic congener),,,,shrub,,,,6,10,,,Full sun to part shade,Medium,,,,,,,10,-3,,April to June,,,,"viburnum, fragrant or showy flowers, berries attract birds",,,,,,,,,,,,,,,,,,,,,,,,,,,
Wentworth American Cranberry Viburnum,Viburnum trilobum Wentworth,Viburnum,Y,Fiore,Native cultivar / congener (PROVISIONAL - genus-native tie; verify),Cultivar/selection within a regional-native genus (verify: native cultivar vs exotic congener),,,,shrub,,,,6,10,,,Full sun to part shade,Medium,,,,,,,10,-3,,April to June,,,,"viburnum, fragrant or showy flowers, berries attract birds",,,,,,,,,,,,,,,,,,,,,,,,,,,
Bird-Foot Violet,Viola pedata,Viola,N,Fiore,Native / near-region (PROVISIONAL - genus-native tie; verify),Native or near-region species of a regional-native genus (verify species-level status),,,,,,,,0.25,0.5,,,Full sun to part shade,Dry to medium,,,,,,,,,violet,April to May,,,,"bird's foot violet, prairie and sandy soils, butterfly host",,,,,,,,,,,,,,,,,,,,,,,,,,,
Concord Grape,Vitis Concord,Vitis,Y,Fiore,Native cultivar / congener (PROVISIONAL - genus-native tie; verify),Cultivar/selection within a regional-native genus (verify: native cultivar vs exotic congener),,,,vine,,,,,,,,Full sun to part shade,Medium,,,,,,,,,,,,,,"grape vine, edible fruit, fall color, wildlife value",,,,,,,,,,,,,,,,,,,,,,,,,,,
Mars Grape,Vitis Mars,Vitis,Y,Fiore,Native cultivar / congener (PROVISIONAL - genus-native tie; verify),Cultivar/selection within a regional-native genus (verify: native cultivar vs exotic congener),,,,vine,,,,,,,,Full sun to part shade,Medium,,,,,,,,,,,,,,"grape vine, edible fruit, fall color, wildlife value",,,,,,,,,,,,,,,,,,,,,,,,,,,
St. Theresa Seedless Grape,Vitis St. Theresa Seedless,Vitis,Y,Fiore,Native cultivar / congener (PROVISIONAL - genus-native tie; verify),Cultivar/selection within a regional-native genus (verify: native cultivar vs exotic congener),,,,vine,,,,,,,,Full sun to part shade,Medium,,,,,,,,,,,,,,"grape vine, edible fruit, fall color, wildlife value",,,,,,,,,,,,,,,,,,,,,,,,,,,
Amethyst Falls American Wisteria,Wisteria frutescens Amethyst Falls,Wisteria,Y,Fiore,Native cultivar / congener (PROVISIONAL - genus-native tie; verify),Cultivar/selection within a regional-native genus (verify: native cultivar vs exotic congener),,,,vine,,,,15,30,,,Full sun,Medium,,4 to 9,,,,,,,,May to June,,,,"native wisteria, less aggressive, fragrant",,,,,,,,,,,,,,,,,,,,,,,,,,,
Summer Cascade Kentucky Wisteria,Wisteria macrostachya Betty Matthews (Summer Cascade),Wisteria,Y,Fiore,Native cultivar / congener (PROVISIONAL - genus-native tie; verify),Cultivar/selection within a regional-native genus (verify: native cultivar vs exotic congener),,,,vine,,,,15,25,,,Full sun,Medium,,4 to 9,,,,,0,5,,May to June,,,,"Kentucky wisteria, fragrant, reblooms",,,,,,,,,,,,,,,,,,,,,,,,,,,
Blue Moon Kentucky Wisteria,Wisteria macrostachys Blue Moon,Wisteria,Y,Fiore,Native cultivar / congener (PROVISIONAL - genus-native tie; verify),Cultivar/selection within a regional-native genus (verify: native cultivar vs exotic congener),,,,vine,,,,15,25,,,Full sun,Medium,,4 to 9,,,,,,,,May to June,,,,"Kentucky wisteria, fragrant, reblooms",,,,,,,,,,,,,,,,,,,,,,,,,,,
Adams Needle Yucca,Yucca filamentosa,Yucca,N,Fiore,Native / near-region (PROVISIONAL - genus-native tie; verify),Native or near-region species of a regional-native genus (verify species-level status),,,,shrub,,,,,,,,Full sun,Dry,,,TRUE,,,,,,,,,,,"evergreen focal point, yucca moth host, four-season interest",,,,,,,,,,,,,,,,,,,,,,,,,,,
Color Guard Adams Needle Yucca,Yucca filamentosa Color Guard,Yucca,Y,Fiore,Native cultivar / congener (PROVISIONAL - genus-native tie; verify),Cultivar/selection within a regional-native genus (verify: native cultivar vs exotic congener),,,,shrub,,,,,,,,Full sun,Dry,,,TRUE,,,,,,,,,,,"evergreen focal point, yucca moth host, four-season interest",,,,,,,,,,,,,,,,,,,,,,,,,,,
Kohouts Ice Breaker Korean Fir,Abies koreana Kohouts Ice Breaker,Abies,Y,Fiore,Native cultivar (genus-native tie; resolved),Pinaceae; Abies balsamea (balsam fir) native to region,,,,shrub,,,,,,,,Full sun to part shade,Medium,,,,,,,,,,,,,,"Korean fir, ornamental purple cones, compact",,,,,,,,,,,,,,,,,,,,,,,,,,,
Spiny Bears Breeches,Acanthus spinosus,Acanthus,N,Fiore,Confamilial - non-native (resolved),Acanthaceae (cf. native Ruellia humilis),,,,,,,,3,4,2.5,3,"full sun, part shade",Medium,"average, well-drained","5a, 5b, 6a, 6b, 7a, 7b, 8a, 8b, 9a, 9b",,,,,,,white,"Late Spring, Early Summer, Mid Summer",,,,,,,,,,,,,,,,,,,,,,,,,,,,,,,
Ladys Mantle,Alchemilla mollis,Alchemilla,N,Fiore,Confamilial - non-native (resolved),"Rosaceae (cf. Rubus, Rosa, Amelanchier)",,,,,,,,1,1.5,1.5,2,"full sun, part shade",Medium,"average, loam","3a, 3b, 4a, 4b, 5a, 5b, 6a, 6b, 7a, 7b, 8a, 8b",,,,,,,chartreuse,Early Summer,,,,,,,,,,,,,,,,,,,,,,,,,,,,,,,
Thriller Ladys Mantle,Alchemilla mollis Thriller,Alchemilla,Y,Fiore,Confamilial - non-native (resolved),"Rosaceae (cf. Rubus, Rosa, Amelanchier)",,,,,,,,1,1.5,1.5,2,"full sun, part shade",Medium,"average, loam","3a, 3b, 4a, 4b, 5a, 5b, 6a, 6b, 7a, 7b, 8a, 8b",,,,,,,,Early Summer,,,,,,,,,,,,,,,,,,,,,,,,,,,,,,,
Silvermound Wormwood,Artemisia schmidtiana,Artemisia,N,Fiore,Native / near-region (genus-native tie; resolved),"Asteraceae; native sages (A. ludoviciana, A. campestris)",,,,,,,,0.75,1,,,Full sun to part shade,Dry to medium,,1 to 9,TRUE,TRUE,,,,,,,,,,"silver mound, fragrant silvery foliage, deer resistant",,,,,,,,,,,,,,,,,,,,,,,,,,,
Dwarf Silvermound Wormwood,Artemisia schmidtiana Nana,Artemisia,Y,Fiore,Native cultivar (genus-native tie; resolved),"Asteraceae; native sages (A. ludoviciana, A. campestris)",,,,,,,,0.75,1,,,Full sun to part shade,Dry to medium,,1 to 9,TRUE,TRUE,,,,,,,,,,"silver mound, fragrant silvery foliage, deer resistant",,,,,,,,,,,,,,,,,,,,,,,,,,,
Chocolate Shogun Astilbe,Astilbe Chocolate Shogun,Astilbe,Y,Fiore,Confamilial - non-native (resolved),"Saxifragaceae (cf. Heuchera, Tiarella, Mitella)",,,,,,,,1.5,3,,,Part shade to full shade,Medium to wet,,4 to 9,,,,,,,,June to August,,,,"astilbe, feathery plumes, shade-tolerant, needs moisture",,,,,,,,,,,,,,,,,,,,,,,,,,,
Dark Side of the Moon Astilbe,Astilbe Dark Side of the moon,Astilbe,Y,Fiore,Confamilial - non-native (resolved),"Saxifragaceae (cf. Heuchera, Tiarella, Mitella)",,,,,,,,1.5,3,,,Part shade to full shade,Medium to wet,,4 to 9,,,,,,,,June to August,,,,"astilbe, feathery plumes, shade-tolerant, needs moisture",,,,,,,,,,,,,,,,,,,,,,,,,,,
Delft Lace Astilbe,Astilbe Delft Lace,Astilbe,Y,Fiore,Confamilial - non-native (resolved),"Saxifragaceae (cf. Heuchera, Tiarella, Mitella)",,,,,,,,1.5,3,,,Part shade to full shade,Medium to wet,,4 to 9,,,,,,,,June to August,,,,"astilbe, feathery plumes, shade-tolerant, needs moisture",,,,,,,,,,,,,,,,,,,,,,,,,,,
Bressingham Beauty Hybrid Astilbe,Astilbe arendsii Bressingham Beauty,Astilbe,Y,Fiore,Confamilial - non-native (resolved),"Saxifragaceae (cf. Heuchera, Tiarella, Mitella)",,,,,,,,2,4,,,Part shade to full shade,Medium to wet,,4 to 9,,,,,,,,June to July,,,,"astilbe, feathery plumes, shade-tolerant, needs moisture",,,,,,,,,,,,,,,,,,,,,,,,,,,
Color Flash Astilbe,Astilbe arendsii Color Flash (Beauty of Ernst),Astilbe,Y,Fiore,Confamilial - non-native (resolved),"Saxifragaceae (cf. Heuchera, Tiarella, Mitella)",,,,,,,,2,4,,,Part shade to full shade,Medium to wet,,4 to 9,,,,,,,,June to July,,,,"astilbe, feathery plumes, shade-tolerant, needs moisture",,,,,,,,,,,,,,,,,,,,,,,,,,,
Deutschland Hybrid Astilbe,Astilbe arendsii Deutschland,Astilbe,Y,Fiore,Confamilial - non-native (resolved),"Saxifragaceae (cf. Heuchera, Tiarella, Mitella)",,,,,,,,2,4,,,Part shade to full shade,Medium to wet,,4 to 9,,,,,,,,June to July,,,,"astilbe, feathery plumes, shade-tolerant, needs moisture",,,,,,,,,,,,,,,,,,,,,,,,,,,
Fanal Hybrid Astilbe,Astilbe arendsii Fanal,Astilbe,Y,Fiore,Confamilial - non-native (resolved),"Saxifragaceae (cf. Heuchera, Tiarella, Mitella)",,,,,,,,2,4,,,Part shade to full shade,Medium to wet,,4 to 9,,,,,,,,June to July,,,,"astilbe, feathery plumes, shade-tolerant, needs moisture",,,,,,,,,,,,,,,,,,,,,,,,,,,
Maggie Daley Astilbe,Astilbe chinensis Maggie Daley,Astilbe,Y,Fiore,Confamilial - non-native (resolved),"Saxifragaceae (cf. Heuchera, Tiarella, Mitella)",,,,,,,,1.5,3,,,Part shade to full shade,Medium to wet,,4 to 8,,,,,,,,July to August,,,,"astilbe, feathery plumes, shade-tolerant, needs moisture",,,,,,,,,,,,,,,,,,,,,,,,,,,
Pumila Chinese Astilbe,Astilbe chinensis Pumila,Astilbe,Y,Fiore,Confamilial - non-native (resolved),"Saxifragaceae (cf. Heuchera, Tiarella, Mitella)",,,,,,,,1.5,3,,,Part shade to full shade,Medium to wet,,4 to 8,,,,,,,,July to August,,,,"astilbe, feathery plumes, shade-tolerant, needs moisture",,,,,,,,,,,,,,,,,,,,,,,,,,,
Purple Candles Chinese Astilbe,Astilbe chinensis Purpurkerze,Astilbe,Y,Fiore,Confamilial - non-native (resolved),"Saxifragaceae (cf. Heuchera, Tiarella, Mitella)",,,,,,,,1.5,3,,,Part shade to full shade,Medium to wet,,4 to 8,,,,,,,,July to August,,,,"astilbe, feathery plumes, shade-tolerant, needs moisture",,,,,,,,,,,,,,,,,,,,,,,,,,,
Visions Astilbe,Astilbe chinensis Visions,Astilbe,Y,Fiore,Confamilial - non-native (resolved),"Saxifragaceae (cf. Heuchera, Tiarella, Mitella)",,,,,,,,1.5,3,,,Part shade to full shade,Medium to wet,,4 to 8,,,,,,,,July to August,,,,"astilbe, feathery plumes, shade-tolerant, needs moisture",,,,,,,,,,,,,,,,,,,,,,,,,,,
Visions in Pink Astilbe,Astilbe chinensis Visions in Pink,Astilbe,Y,Fiore,Confamilial - non-native (resolved),"Saxifragaceae (cf. Heuchera, Tiarella, Mitella)",,,,,,,,1.5,3,,,Part shade to full shade,Medium to wet,,4 to 8,,,,,,,,July to August,,,,"astilbe, feathery plumes, shade-tolerant, needs moisture",,,,,,,,,,,,,,,,,,,,,,,,,,,
Visions in Red Astilbe,Astilbe chinensis Visions in Red,Astilbe,Y,Fiore,Confamilial - non-native (resolved),"Saxifragaceae (cf. Heuchera, Tiarella, Mitella)",,,,,,,,1.5,3,,,Part shade to full shade,Medium to wet,,4 to 8,,,,,,,,July to August,,,,"astilbe, feathery plumes, shade-tolerant, needs moisture",,,,,,,,,,,,,,,,,,,,,,,,,,,
Visions in White Chinese Astilbe,Astilbe chinensis Visions in White,Astilbe,Y,Fiore,Confamilial - non-native (resolved),"Saxifragaceae (cf. Heuchera, Tiarella, Mitella)",,,,,,,,1.5,3,,,Part shade to full shade,Medium to wet,,4 to 8,,,,,,,,July to August,,,,"astilbe, feathery plumes, shade-tolerant, needs moisture",,,,,,,,,,,,,,,,,,,,,,,,,,,
Rheinland Hybrid Astilbe,Astilbe japonica Rheinland,Astilbe,Y,Fiore,Confamilial - non-native (resolved),"Saxifragaceae (cf. Heuchera, Tiarella, Mitella)",,,,flower,,,,1,2,,,Part shade to full shade,Medium to wet,,4 to 9,,,,,,,,May to June,,,,"astilbe, feathery plumes, shade-tolerant, needs moisture",,perennial,,,,,,,,,,,,,,,,,,,,,,,,,
Peach Blossom Rose Astilbe,Astilbe rosea Peach Blossom,Astilbe,Y,Fiore,Confamilial - non-native (resolved),"Saxifragaceae (cf. Heuchera, Tiarella, Mitella)",,,,,,,,1.5,3,,,Part shade to full shade,Medium to wet,,4 to 9,,,,,,,,June to August,,,,"astilbe, feathery plumes, shade-tolerant, needs moisture",,,,,,,,,,,,,,,,,,,,,,,,,,,
Roma Great Masterwort,Astrantia major Roma,Astrantia,Y,Fiore,Confamilial - non-native (resolved),"Apiaceae (cf. Zizia, Eryngium, Thaspium)",,,,flower,,,,2,3,,,Part shade to full shade,Medium,,4 to 7,,,,,,,,June to August,,,,"masterwort, pincushion flowers, cottage garden",,perennial,,,,,,,,,,,,,,,,,,,,,,,,,
Venice Masterwort,Astrantia major Venice,Astrantia,Y,Fiore,Confamilial - non-native (resolved),"Apiaceae (cf. Zizia, Eryngium, Thaspium)",,,,flower,,,,2,3,,,Part shade to full shade,Medium,,4 to 7,,,,,,,,June to August,,,,"masterwort, pincushion flowers, cottage garden",,perennial,,,,,,,,,,,,,,,,,,,,,,,,,
Winter Glow Pigsqueak,Bergenia Winter Glow (Winterglut),Bergenia,Y,Fiore,Confamilial - non-native (resolved),"Saxifragaceae (cf. Heuchera, Tiarella)",,,,,,,,1,1.5,,,Part shade to full shade,Medium,,3 to 8,,,,,,,,April to May,,,,"bergenia, bold evergreen leaves, early spring",,,,,,,,,,,,,,,,,,,,,,,,,,,
Heartleaf Brunnera,Brunnera macrophylla,Brunnera,N,Fiore,Confamilial - non-native (resolved),"Boraginaceae (cf. Mertensia, Lithospermum)",,,,flower,,,,1,1.5,1.5,2,Part shade to full shade,Medium,,,,,,,,,blue,April to May,,,,"forget-me-not flowers, heart-shaped leaves, self-seeds",,perennial,,,,,,,,,,,,,,,,,,,,,,,,,
Alexander the Great Heartleaf Brunnera,Brunnera macrophylla Alexander the Great,Brunnera,Y,Fiore,Confamilial - non-native (resolved),"Boraginaceae (cf. Mertensia, Lithospermum)",,,,flower,,,,1,1.5,1.5,2,Part shade to full shade,Medium,,,,,,,,,,April to May,,,,"forget-me-not flowers, heart-shaped leaves, self-seeds",,perennial,,,,,,,,,,,,,,,,,,,,,,,,,
Jack Frost Heartleaf Brunnera,Brunnera macrophylla Jack Frost,Brunnera,Y,Fiore,Confamilial - non-native (resolved),"Boraginaceae (cf. Mertensia, Lithospermum)",,,,flower,,,,1,1.5,1.5,2,Part shade to full shade,Medium,,,,,,,,,,April to May,,,,"forget-me-not flowers, heart-shaped leaves, self-seeds",,perennial,,,,,,,,,,,,,,,,,,,,,,,,,
Jack of Diamonds Heartleaf Brunnera,Brunnera macrophylla Jack of Diamonds,Brunnera,Y,Fiore,Confamilial - non-native (resolved),"Boraginaceae (cf. Mertensia, Lithospermum)",,,,flower,,,,1,1.5,1.5,2,Part shade to full shade,Medium,,,,,,,,,,April to May,,,,"forget-me-not flowers, heart-shaped leaves, self-seeds",,perennial,,,,,,,,,,,,,,,,,,,,,,,,,
Looking Glass Heartleaf Brunnera,Brunnera macrophylla Looking Glass,Brunnera,Y,Fiore,Confamilial - non-native (resolved),"Boraginaceae (cf. Mertensia, Lithospermum)",,,,flower,,,,1,1.5,1.5,2,Part shade to full shade,Medium,,,,,,,,,,April to May,,,,"forget-me-not flowers, heart-shaped leaves, self-seeds",,perennial,,,,,,,,,,,,,,,,,,,,,,,,,
Sea Hearts Siberian Brunnera,Brunnera macrophylla Sea Hearts,Brunnera,Y,Fiore,Confamilial - non-native (resolved),"Boraginaceae (cf. Mertensia, Lithospermum)",,,,flower,,,,1,1.5,1.5,2,Part shade to full shade,Medium,,,,,,,,,,April to May,,,,"forget-me-not flowers, heart-shaped leaves, self-seeds",,perennial,,,,,,,,,,,,,,,,,,,,,,,,,
Silver Heart Heartleaf Brunnera,Brunnera macrophylla Silver Heart,Brunnera,Y,Fiore,Confamilial - non-native (resolved),"Boraginaceae (cf. Mertensia, Lithospermum)",,,,flower,,,,1,1.5,1.5,2,Part shade to full shade,Medium,,,,,,,,,,April to May,,,,"forget-me-not flowers, heart-shaped leaves, self-seeds",,perennial,,,,,,,,,,,,,,,,,,,,,,,,,
Groovy Grape Butterfly Bush,Buddleia Groovy Grape,Buddleia,Y,Fiore,Confamilial - non-native (resolved),Scrophulariaceae (cf. native Scrophularia); also strong butterfly-nectar value,,,,shrub,,,,4,8,,,Full sun,Dry to medium,,5 to 9,TRUE,,,,,,,June to September,,,,"butterfly bush, attracts butterflies, fragrant, deadhead for reblooom",,,,,,,,,,,,,,,,,,,,,,,,,,,
Miss Ruby Butterfly Bush,Buddleia Miss Ruby,Buddleia,Y,Fiore,Confamilial - non-native (resolved),Scrophulariaceae (cf. native Scrophularia); also strong butterfly-nectar value,,,,shrub,,,,4,8,,,Full sun,Dry to medium,,5 to 9,TRUE,,,,,,,June to September,,,,"butterfly bush, attracts butterflies, fragrant, deadhead for reblooom",,,,,,,,,,,,,,,,,,,,,,,,,,,
Pugster Blue Butterfly Bush,Buddleia Pugster Blue,Buddleia,Y,Fiore,Confamilial - non-native (resolved),Scrophulariaceae (cf. native Scrophularia); also strong butterfly-nectar value,,,,shrub,,,,4,8,,,Full sun,Dry to medium,,5 to 9,TRUE,,,,,,,June to September,,,,"butterfly bush, attracts butterflies, fragrant, deadhead for reblooom",,,,,,,,,,,,,,,,,,,,,,,,,,,
Pugster Periwinkle Butterfly Bush,Buddleia Pugster Periwinkle,Buddleia,Y,Fiore,Confamilial - non-native (resolved),Scrophulariaceae (cf. native Scrophularia); also strong butterfly-nectar value,,,,shrub,,,,4,8,,,Full sun,Dry to medium,,5 to 9,TRUE,,,,,,,June to September,,,,"butterfly bush, attracts butterflies, fragrant, deadhead for reblooom",,,,,,,,,,,,,,,,,,,,,,,,,,,
Pugster Pinker Butterfly Bush,Buddleia Pugster Pinker,Buddleia,Y,Fiore,Confamilial - non-native (resolved),Scrophulariaceae (cf. native Scrophularia); also strong butterfly-nectar value,,,,shrub,,,,4,8,,,Full sun,Dry to medium,,5 to 9,TRUE,,,,,,,June to September,,,,"butterfly bush, attracts butterflies, fragrant, deadhead for reblooom",,,,,,,,,,,,,,,,,,,,,,,,,,,
Pugster White Butterfly Bush,Buddleia Pugster White,Buddleia,Y,Fiore,Confamilial - non-native (resolved),Scrophulariaceae (cf. native Scrophularia); also strong butterfly-nectar value,,,,shrub,,,,4,8,,,Full sun,Dry to medium,,5 to 9,TRUE,,,,,,,June to September,,,,"butterfly bush, attracts butterflies, fragrant, deadhead for reblooom",,,,,,,,,,,,,,,,,,,,,,,,,,,
Chicagoland Green Boxwood,Buxus Chicagoland Green,Buxus,Y,Fiore,Confamilial - non-native (resolved),"Buxaceae (cf. Pachysandra procumbens, near-region)",,,,shrub,,,,2,6,,,Full sun to part shade,Medium,,5 to 8,,TRUE,,,,,,,,,,"boxwood, formal evergreen hedge, deer resistant",,,,,,,,,,,,,,,,,,,,,,,,,,,
Green Gem Boxwood,Buxus Green Gem,Buxus,Y,Fiore,Confamilial - non-native (resolved),"Buxaceae (cf. Pachysandra procumbens, near-region)",,,,shrub,,,,2,6,,,Full sun to part shade,Medium,,5 to 8,,TRUE,,,,,,,,,,"boxwood, formal evergreen hedge, deer resistant",,,,,,,,,,,,,,,,,,,,,,,,,,,
Green Mountain Boxwood,Buxus Green Mountain,Buxus,Y,Fiore,Confamilial - non-native (resolved),"Buxaceae (cf. Pachysandra procumbens, near-region)",,,,shrub,,,,2,6,,,Full sun to part shade,Medium,,5 to 8,,TRUE,,,,,,,,,,"boxwood, formal evergreen hedge, deer resistant",,,,,,,,,,,,,,,,,,,,,,,,,,,
Green Velvet Boxwood,Buxus Green Velvet,Buxus,Y,Fiore,Confamilial - non-native (resolved),"Buxaceae (cf. Pachysandra procumbens, near-region)",,,,shrub,,,,2,6,,,Full sun to part shade,Medium,,5 to 8,,TRUE,,,,,,,,,,"boxwood, formal evergreen hedge, deer resistant",,,,,,,,,,,,,,,,,,,,,,,,,,,
NewGen Freedom Boxwood,Buxus SB 300 (NewGen Freedom),Buxus,Y,Fiore,Confamilial - non-native (resolved),"Buxaceae (cf. Pachysandra procumbens, near-region)",,,,shrub,,,,2,6,,,Full sun to part shade,Medium,,5 to 8,,TRUE,,,,,,,,,,"boxwood, formal evergreen hedge, deer resistant",,,,,,,,,,,,,,,,,,,,,,,,,,,
Northern Charm Boxwood,Buxus Wilson,Buxus,Y,Fiore,Confamilial - non-native (resolved),"Buxaceae (cf. Pachysandra procumbens, near-region)",,,,shrub,,,,2,6,,,Full sun to part shade,Medium,,5 to 8,,TRUE,,,,,,,,,,"boxwood, formal evergreen hedge, deer resistant",,,,,,,,,,,,,,,,,,,,,,,,,,,
Winter Gem Littleleaf Boxwood,Buxus microphylla Winter Gem,Buxus,Y,Fiore,Confamilial - non-native (resolved),"Buxaceae (cf. Pachysandra procumbens, near-region)",,,,shrub,,,,2,4,,,Full sun to part shade,Medium,,5 to 8,,TRUE,,,,,,,,,,"boxwood, formal evergreen hedge, deer resistant",,,,,,,,,,,,,,,,,,,,,,,,,,,
Montrose White Calamint,Calamintha nepeta Montrose White,Calamintha,Y,Fiore,Native cultivar (genus-native tie; resolved),"Lamiaceae; = Clinopodium, native spp.",,,,shrub,,,,1,1.5,,,Full sun,Dry to medium,,5 to 7,TRUE,TRUE,,,,,,June to September,,,,"calamint, tiny fragrant flowers, attracts bees",,perennial,,,,,,,,,,,,,,,,,,,,,,,,,
White Cloud Calamint,Calamintha nepeta White Cloud,Calamintha,Y,Fiore,Native cultivar (genus-native tie; resolved),"Lamiaceae; = Clinopodium, native spp.",,,,shrub,,,,1,1.5,,,Full sun,Dry to medium,,5 to 7,TRUE,TRUE,,,,,,June to September,,,,"calamint, tiny fragrant flowers, attracts bees",,perennial,,,,,,,,,,,,,,,,,,,,,,,,,
Lesser Calamint,Calamintha nepeta var. nepeta,Calamintha,Y,Fiore,Native cultivar (genus-native tie; resolved),"Lamiaceae; = Clinopodium, native spp.",,,,shrub,,,,1,1.5,,,Full sun,Dry to medium,,5 to 7,TRUE,TRUE,,,,,,June to September,,,,"calamint, tiny fragrant flowers, attracts bees",,perennial,,,,,,,,,,,,,,,,,,,,,,,,,
Beautyberry Pearl Glam,Callicarpa Pearl Glam,Callicarpa,Y,Fiore,Native cultivar (genus-native tie; resolved),Lamiaceae; Callicarpa americana native (near-region),,,,shrub,,,,,,,,Full sun to part shade,Dry to medium,,,,,,,,,,,,,,"beautyberry, berries attract birds",,,,,,,,,,,,,,,,,,,,,,,,,,,
American Beautyberry,Callicarpa americana,Callicarpa,N,Fiore,Native / near-region (genus-native tie; resolved),Lamiaceae; Callicarpa americana native (near-region),,,,shrub,,,medium,3,6.0,,,Full sun to part shade,dry,"sand, loam, clay",,TRUE,,Intermediate,,,,blue,Early Summer,,,,"showy flowers, fall color, showy fruit",,moderate growth; moderate-lived; perennial,,,,,,,,,,,,,,,,,,,,,,,,,
Early Amethyst Beautyberry,Callicarpa dichotoma Early Amethyst,Callicarpa,Y,Fiore,Native cultivar (genus-native tie; resolved),Lamiaceae; Callicarpa americana native (near-region),,,,shrub,,,,,,,,Full sun to part shade,Dry to medium,,,,,,,,,,,,,,"purple beautyberry, smaller than americana, purple berries",,perennial,,,,,,,,,,,,,,,,,,,,,,,,,
Snow in Summer,Cerastium tomentosum,Cerastium,N,Fiore,Native / near-region (genus-native tie; resolved),Caryophyllaceae; native mouse-ear chickweeds,,,,flower,,,,0.5,1,,,Full sun,Dry to medium,,,TRUE,,,,0,5,white,May to June,,,,"snow-in-summer, silver mat, wall/rock garden",,annual,,,,,,,,,,,,,,,,,,,,,,,,,
Texas Scarlet Flowering Quince,Chaenomeles speciosa Texas Scarlet,Chaenomeles,Y,Fiore,Confamilial - non-native (resolved),"Rosaceae (cf. Crataegus, Amelanchier)",,,,shrub,,,,3,6,,,Full sun to part shade,Medium,,4 to 8,,,,,,,,March to April,,,,"flowering quince, very early spring bloomer",,perennial,,,,,,,,,,,,,,,,,,,,,,,,,
Golden Hinoki Cypress,Chamaecyparis obtusa Aurea,Chamaecyparis,Y,Fiore,Confamilial - non-native (resolved),"Cupressaceae (cf. Juniperus, Thuja occidentalis)",,,,shrub,,,,,,,,Full sun to part shade,Medium,,,,,,,,,,,,,,"false cypress, evergreen, ornamental conifer",,,,,,,,,,,,,,,,,,,,,,,,,,,
Compact Hinoki Cypress,Chamaecyparis obtusa Compacta,Chamaecyparis,Y,Fiore,Confamilial - non-native (resolved),"Cupressaceae (cf. Juniperus, Thuja occidentalis)",,,,shrub,,,,,,,,Full sun to part shade,Medium,,,,,,,,,,,,,,"false cypress, evergreen, ornamental conifer",,,,,,,,,,,,,,,,,,,,,,,,,,,
Crippsii Hinoki Cypress,Chamaecyparis obtusa Crippsii,Chamaecyparis,Y,Fiore,Confamilial - non-native (resolved),"Cupressaceae (cf. Juniperus, Thuja occidentalis)",,,,shrub,,,,,,,,Full sun to part shade,Medium,,,,,,,,,,,,,,"false cypress, evergreen, ornamental conifer",,,,,,,,,,,,,,,,,,,,,,,,,,,
Fernspray Gold Hinoki Cypress,Chamaecyparis obtusa Fernspray Gold,Chamaecyparis,Y,Fiore,Confamilial - non-native (resolved),"Cupressaceae (cf. Juniperus, Thuja occidentalis)",,,,shrub,,,,,,,,Full sun to part shade,Medium,,,,,,,,,,,,,,"false cypress, evergreen, ornamental conifer",,,,,,,,,,,,,,,,,,,,,,,,,,,
Gracilis Hinoki Cypress,Chamaecyparis obtusa Gracilis,Chamaecyparis,Y,Fiore,Confamilial - non-native (resolved),"Cupressaceae (cf. Juniperus, Thuja occidentalis)",,,,shrub,,,,,,,,Full sun to part shade,Medium,,,,,,,,,,,,,,"false cypress, evergreen, ornamental conifer",,,,,,,,,,,,,,,,,,,,,,,,,,,
Just Dandy Hinoki Cypress,Chamaecyparis obtusa Just Dandy,Chamaecyparis,Y,Fiore,Confamilial - non-native (resolved),"Cupressaceae (cf. Juniperus, Thuja occidentalis)",,,,shrub,,,,,,,,Full sun to part shade,Medium,,,,,,,,,,,,,,"false cypress, evergreen, ornamental conifer",,,,,,,,,,,,,,,,,,,,,,,,,,,
Dwarf Gracilis Hinoki Cypress,Chamaecyparis obtusa Nana Gracilis,Chamaecyparis,Y,Fiore,Confamilial - non-native (resolved),"Cupressaceae (cf. Juniperus, Thuja occidentalis)",,,,shrub,,,,,,,,Full sun to part shade,Medium,,,,,,,,,,,,,,"false cypress, evergreen, ornamental conifer",,,,,,,,,,,,,,,,,,,,,,,,,,,
Wells Special Hinoki Cypress,Chamaecyparis obtusa Wells Special,Chamaecyparis,Y,Fiore,Confamilial - non-native (resolved),"Cupressaceae (cf. Juniperus, Thuja occidentalis)",,,,shrub,,,,,,,,Full sun to part shade,Medium,,,,,,,,,,,,,,"false cypress, evergreen, ornamental conifer",,,,,,,,,,,,,,,,,,,,,,,,,,,
Threadbranch Cypress,Chamaecyparis pisifera Filifera,Chamaecyparis,Y,Fiore,Confamilial - non-native (resolved),"Cupressaceae (cf. Juniperus, Thuja occidentalis)",,,,shrub,,,,,,,,Full sun to part shade,Medium,,,,,,,,,,,,,,"false cypress, evergreen, ornamental conifer",,perennial,,,,,,,,,,,,,,,,,,,,,,,,,
Golden Threadbranch Cypress,Chamaecyparis pisifera Filifera Aurea,Chamaecyparis,Y,Fiore,Confamilial - non-native (resolved),"Cupressaceae (cf. Juniperus, Thuja occidentalis)",,,,shrub,,,,,,,,Full sun to part shade,Medium,,,,,,,,,,,,,,"false cypress, evergreen, ornamental conifer",,perennial,,,,,,,,,,,,,,,,,,,,,,,,,
Dwarf Golden Threadbranch Cypress,Chamaecyparis pisifera Filifera Aurea Nana,Chamaecyparis,Y,Fiore,Confamilial - non-native (resolved),"Cupressaceae (cf. Juniperus, Thuja occidentalis)",,,,shrub,,,,,,,,Full sun to part shade,Medium,,,,,,,,,,,,,,"false cypress, evergreen, ornamental conifer",,perennial,,,,,,,,,,,,,,,,,,,,,,,,,
Golden Mop Japanese False Cypress,Chamaecyparis pisifera Golden Mop,Chamaecyparis,Y,Fiore,Confamilial - non-native (resolved),"Cupressaceae (cf. Juniperus, Thuja occidentalis)",,,,shrub,,,,,,,,Full sun to part shade,Medium,,,,,,,,,,,,,,"false cypress, evergreen, ornamental conifer",,perennial,,,,,,,,,,,,,,,,,,,,,,,,,
Soft Serve Japanese False Cypress,Chamaecyparis pisifera Soft Serve,Chamaecyparis,Y,Fiore,Confamilial - non-native (resolved),"Cupressaceae (cf. Juniperus, Thuja occidentalis)",,,,shrub,,,,,,,,Full sun to part shade,Medium,,,,,,,,,,,,,,"false cypress, evergreen, ornamental conifer",,perennial,,,,,,,,,,,,,,,,,,,,,,,,,
Gold Soft Serve Japanese False Cypress,Chamaecyparis pisifera Soft Serve Gold,Chamaecyparis,Y,Fiore,Confamilial - non-native (resolved),"Cupressaceae (cf. Juniperus, Thuja occidentalis)",,,,shrub,,,,,,,,Full sun to part shade,Medium,,,,,,,,,,,,,,"false cypress, evergreen, ornamental conifer",,perennial,,,,,,,,,,,,,,,,,,,,,,,,,
White Fringetree,Chionanthus virginicus,Chionanthus,N,Fiore,Native / near-region (genus-native tie; resolved),Oleaceae; Chionanthus virginicus native (near-region),,,,shrub,,,,,,,,Full sun to part shade,Dry to medium,,,,,,,,,white,May to June,,,,"fragrant fringe-like white flowers, blue-purple berries",,,,,,,,,,,,,,,,,,,,,,,,,,,
Grace Smoketree,Cotinus Grace,Cotinus,Y,Fiore,Confamilial - non-native (resolved),"Anacardiaceae (cf. Rhus, Toxicodendron)",,,,shrub,,,,10,15,,,Full sun,Dry to medium,,4 to 8,TRUE,,,,,,,June to July,,,,"smokebush, airy smoke-like plumes, colorful foliage, fall color",,,,,,,,,,,,,,,,,,,,,,,,,,,
Golden Spirit Smoketree,Cotinus coggygria Golden Spirit,Cotinus,Y,Fiore,Confamilial - non-native (resolved),"Anacardiaceae (cf. Rhus, Toxicodendron)",,,,shrub,,,,10,15,,,Full sun,Dry to medium,,4 to 8,TRUE,,,,0,5,,June to July,,,,"smokebush, airy smoke-like plumes, colorful foliage, fall color",,perennial,,,,,,,,,,,,,,,,,,,,,,,,,
Winecraft Gold Smokebush,Cotinus coggygria MINCOJAU3 (Winecraft Gold),Cotinus,Y,Fiore,Confamilial - non-native (resolved),"Anacardiaceae (cf. Rhus, Toxicodendron)",,,,shrub,,,,10,15,,,Full sun,Dry to medium,,4 to 8,TRUE,,,,0,5,,June to July,,,,"smokebush, airy smoke-like plumes, colorful foliage, fall color",,perennial,,,,,,,,,,,,,,,,,,,,,,,,,
Winecraft Black Smokebush,Cotinus coggygria NCCO1 (Winecraft Black),Cotinus,Y,Fiore,Confamilial - non-native (resolved),"Anacardiaceae (cf. Rhus, Toxicodendron)",,,,shrub,,,,10,15,,,Full sun,Dry to medium,,4 to 8,TRUE,,,,0,5,,June to July,,,,"smokebush, airy smoke-like plumes, colorful foliage, fall color",,perennial,,,,,,,,,,,,,,,,,,,,,,,,,
Royal Purple Smoketree,Cotinus coggygria Royal Purple,Cotinus,Y,Fiore,Confamilial - non-native (resolved),"Anacardiaceae (cf. Rhus, Toxicodendron)",,,,shrub,,,,10,15,,,Full sun,Dry to medium,,4 to 8,TRUE,,,,0,5,,June to July,,,,"smokebush, airy smoke-like plumes, colorful foliage, fall color",,perennial,,,,,,,,,,,,,,,,,,,,,,,,,
Velvet Cloak Purple Smoketree,Cotinus coggygria Velvet Cloak,Cotinus,Y,Fiore,Confamilial - non-native (resolved),"Anacardiaceae (cf. Rhus, Toxicodendron)",,,,shrub,,,,10,15,,,Full sun,Dry to medium,,4 to 8,TRUE,,,,0,5,,June to July,,,,"smokebush, airy smoke-like plumes, colorful foliage, fall color",,perennial,,,,,,,,,,,,,,,,,,,,,,,,,
Velveteeny Dwarf Purple Smoketree,Cotinus coggygria Velveteeny (COTSIDH5),Cotinus,Y,Fiore,Confamilial - non-native (resolved),"Anacardiaceae (cf. Rhus, Toxicodendron)",,,,shrub,,,,10,15,,,Full sun,Dry to medium,,4 to 8,TRUE,,,,0,5,,June to July,,,,"smokebush, airy smoke-like plumes, colorful foliage, fall color",,perennial,,,,,,,,,,,,,,,,,,,,,,,,,
Peking Cotoneaster,Cotoneaster acutifolius (lucidus),Cotoneaster,Y,Fiore,Confamilial - non-native (resolved),"Rosaceae (cf. Crataegus, Aronia)",,,,shrub,,,medium,,,,,Full sun to part shade,average,"sand, loam, clay",,,,Intermediate,,,,,Mid Spring,,,,"fall color, showy fruit",,moderate growth; long-lived; perennial,,,,,,,,,,,,,,,,,,,,,,,,,
Cranberry Cotoneaster,Cotoneaster apiculatus,Cotoneaster,N,Fiore,Confamilial - non-native (resolved),"Rosaceae (cf. Crataegus, Aronia)",,,,shrub,,,,2,3,,,Full sun to part shade,Dry to medium,,,TRUE,,,,,,pink,May to June,,,,"bright red cranberry-like berries, birds eat fruit, fall color",,perennial,,,,,,,,,,,,,,,,,,,,,,,,,
Hessei Rockspray Cotoneaster,Cotoneaster horizontalis Hessei,Cotoneaster,Y,Fiore,Confamilial - non-native (resolved),"Rosaceae (cf. Crataegus, Aronia)",,,,shrub,,,coarse,,,,,Full sun to part shade,average,loam,,,,Tolerant,,,,,Spring,,,,"showy flowers, showy fruit",,rapid growth; moderate-lived; perennial,,,,,,,,,,,,,,,,,,,,,,,,,
Briggs Moonlight Burkwood Daphne,Daphne burkwoodii Briggs Moonlight,Daphne,Y,Fiore,Confamilial - non-native (resolved),"Thymelaeaceae (cf. Dirca palustris, leatherwood)",,,,shrub,,,,3,5,,,Full sun to part shade,Medium,,4 to 8,,,,,,,,April to May,,,,"daphne, intensely fragrant, poisonous berries",,,,,,,,,,,,,,,,,,,,,,,,,,,
Carol Mackie Burkwood Daphne,Daphne burkwoodii Carol Mackie,Daphne,Y,Fiore,Confamilial - non-native (resolved),"Thymelaeaceae (cf. Dirca palustris, leatherwood)",,,,shrub,,,,3,5,,,Full sun to part shade,Medium,,4 to 8,,,,,,,,April to May,,,,"daphne, intensely fragrant, poisonous berries",,,,,,,,,,,,,,,,,,,,,,,,,,,
Yuki Snowflake Deutzia,Deutzia Snowflake (NCDXI),Deutzia,Y,Fiore,Confamilial - non-native (resolved),Hydrangeaceae (cf. Hydrangea arborescens),,,,shrub,,,,3,6,,,Full sun to part shade,Medium,,4 to 8,,,,,,,,May to June,,,,"deutzia, profuse white spring blooms, easy shrub",,,,,,,,,,,,,,,,,,,,,,,,,,,
Yuki Cherry Blossom Deutzia,Deutzia Yuki Cherry Blossom (NCDX2),Deutzia,Y,Fiore,Confamilial - non-native (resolved),Hydrangeaceae (cf. Hydrangea arborescens),,,,shrub,,,,3,6,,,Full sun to part shade,Medium,,4 to 8,,,,,,,,May to June,,,,"deutzia, profuse white spring blooms, easy shrub",,,,,,,,,,,,,,,,,,,,,,,,,,,
Chardonnay Pearls Slender Deutzia,Deutzia gracilis Duncan,Deutzia,Y,Fiore,Confamilial - non-native (resolved),Hydrangeaceae (cf. Hydrangea arborescens),,,,shrub,,,,3,5,,,Full sun to part shade,Medium,,4 to 8,,,,,,,,May to June,,,,"deutzia, profuse white spring blooms, easy shrub",,perennial,,,,,,,,,,,,,,,,,,,,,,,,,
Nikko Slender Deutzia,Deutzia gracilis Nikko,Deutzia,Y,Fiore,Confamilial - non-native (resolved),Hydrangeaceae (cf. Hydrangea arborescens),,,,shrub,,,,3,5,,,Full sun to part shade,Medium,,4 to 8,,,,,,,,May to June,,,,"deutzia, profuse white spring blooms, easy shrub",,perennial,,,,,,,,,,,,,,,,,,,,,,,,,
Ruby Glitter Dianthus,Dianthus (Mountain Frost) Ruby Glitter,Dianthus,Y,Fiore,Confamilial - non-native (resolved),Caryophyllaceae (cf. Silene),,,,,,,,0.5,1.5,,,Full sun,Dry to medium,,3 to 9,TRUE,,,,,,,May to August,,,,"pink/carnation, fragrant, drought-tolerant",,,,,,,,,,,,,,,,,,,,,,,,,,,
Milk Cherry Pinks,Dianthus Cadence Milk Cherry,Dianthus,Y,Fiore,Confamilial - non-native (resolved),Caryophyllaceae (cf. Silene),,,,,,,,0.5,1.5,,,Full sun,Dry to medium,,3 to 9,TRUE,,,,,,,May to August,,,,"pink/carnation, fragrant, drought-tolerant",,,,,,,,,,,,,,,,,,,,,,,,,,,
Neon Star Pink,Dianthus Neon Star,Dianthus,Y,Fiore,Confamilial - non-native (resolved),Caryophyllaceae (cf. Silene),,,,,,,,0.5,1.5,,,Full sun,Dry to medium,,3 to 9,TRUE,,,,,,,May to August,,,,"pink/carnation, fragrant, drought-tolerant",,,,,,,,,,,,,,,,,,,,,,,,,,,
Indian Carpet Pinks,Dianthus barbatus Indian Carpet,Dianthus,Y,Fiore,Confamilial - non-native (resolved),Caryophyllaceae (cf. Silene),,,,,,,,1,2,,,Full sun,Medium,,3 to 9,,,,,0,5,,May to June,,,,"sweet William, fragrant, biennial/short-lived",,,,,,,,,,,,,,,,,,,,,,,,,,,
Baths Pink Cheddar Pink,Dianthus gratianopolitanus Baths Pink,Dianthus,Y,Fiore,Confamilial - non-native (resolved),Caryophyllaceae (cf. Silene),,,,flower,,,,0.5,1,,,Full sun,Dry to medium,,3 to 9,TRUE,,,,,,,May to June,,,,"cheddar pink, fragrant, evergreen mat",,perennial,,,,,,,,,,,,,,,,,,,,,,,,,
Firewitch Cheddar Pinks,Dianthus gratianopolitanus Firewitch,Dianthus,Y,Fiore,Confamilial - non-native (resolved),Caryophyllaceae (cf. Silene),,,,flower,,,,0.5,1,,,Full sun,Dry to medium,,3 to 9,TRUE,,,,,,,May to June,,,,"cheddar pink, fragrant, evergreen mat",,perennial,,,,,,,,,,,,,,,,,,,,,,,,,
Paint the Town Magenta Star Pink Dianthus,Dianthus x Paint the Town Magenta,Dianthus,Y,Fiore,Confamilial - non-native (resolved),Caryophyllaceae (cf. Silene),,,,,,,,0.5,1.5,,,Full sun,Dry to medium,,3 to 9,TRUE,,,,,,,May to August,,,,"pink/carnation, fragrant, drought-tolerant",,,,,,,,,,,,,,,,,,,,,,,,,,,
Spanish Foxglove,Digitalis parviflora,Digitalis,N,Fiore,Confamilial - non-native (resolved),"Plantaginaceae (cf. Penstemon, Chelone); bumblebee value",,,,,,,,1,2,,,Full sun to part shade,Medium,,,,,,,,,orange to brown,June to July,,,,"chocolate foxglove, unusual rich coloring",,,,,,,,,,,,,,,,,,,,,,,,,,,
Variegated Fiveleaf Aralia,Eleutherococcus sieboldianus Variegatus,Eleutherococcus,Y,Fiore,Confamilial - non-native (resolved),"Araliaceae (cf. Aralia racemosa, Panax)",,,,shrub,,,,,,,,Full sun to part shade,Medium,,,,TRUE,,,,,,,,,,"eleuthero/Siberian ginseng shrub, adaptable, shade-tolerant",,,,,,,,,,,,,,,,,,,,,,,,,,,
Red Barrenwort,Epimedium rubrum,Epimedium,N,Fiore,Confamilial - non-native (resolved),"Berberidaceae (cf. Podophyllum, Caulophyllum)",,,,,,,,0.67,1,,,Part shade to full shade,Medium,,4 to 8,TRUE,TRUE,,,,,red,April to May,,,,"semi-evergreen, weed-suppressing ground cover, deer resistant",,,,,,,,,,,,,,,,,,,,,,,,,,,
Yellow or Persian Bicolor Barrenwort,Epimedium versicolor Sulphureum,Epimedium,Y,Fiore,Confamilial - non-native (resolved),"Berberidaceae (cf. Podophyllum, Caulophyllum)",,,,,,,,0.67,1,,,Part shade to full shade,Medium,,4 to 8,TRUE,TRUE,,,,,,April to May,,,,"barrenwort, reliable ground cover, deer resistant",,,,,,,,,,,,,,,,,,,,,,,,,,,
Scouring Rush,Equisetum hyemale,Equisetum,N,Fiore,Native / near-region (genus-native tie; resolved),"Equisetaceae; native horsetails (E. hyemale, E. arvense)",,,,grass,,,,2,4,,,Full sun to part shade,Medium to wet,,,,,,,3,-2,,,,,,"horsetail, architectural wetland accent, invasive tendency",,,,,,,,,,,,,,,,,,,,,,,,,,,
Rufa Bamboo,Fargesia rufa,Fargesia,N,Fiore,Confamilial - non-native (resolved),Poaceae; clumping (non-running) bamboo,,,,grass,,,,6,10,,,Part shade to full shade,Medium,,,,TRUE,,,,,,,,,,"clumping bamboo, non-invasive, deer resistant, four-season",,,,,,,,,,,,,,,,,,,,,,,,,,,
Cool as Ice Blue Fescue,Festuca Cool as Ice,Festuca,Y,Fiore,Native cultivar (genus-native tie; resolved),Poaceae; native fescues,,,,grass,,,,,,,,Full sun,Dry to medium,,,TRUE,,,,,,,,,,,"fescue, fine-textured cool-season grass, drought-tolerant",,,,,,,,,,,,,,,,,,,,,,,,,,,
Elijah Blue Fescue,Festuca ovina var. glauca Elijah Blue,Festuca,Y,Fiore,Native cultivar (genus-native tie; resolved),Poaceae; native fescues,,,,grass,,,fine,,,,,Full sun,dry,"sand, loam",,TRUE,,Intermediate,,0,5,,Late Spring,,,,"fescue, fine-textured cool-season grass, drought-tolerant",,moderate growth; long-lived; perennial,,,,,,,,,,,,,,,,,,,,,,,,,
Gold Tide Forsythia,Forsythia Gold Tide,Forsythia,Y,Fiore,Confamilial - non-native (resolved),"Oleaceae (cf. Fraxinus, Chionanthus)",,,,shrub,,,,6,10,,,Full sun,Medium,,5 to 8,,TRUE,,,,,,March to April,,,,"forsythia, earliest spring bloom, bright yellow",,,,,,,,,,,,,,,,,,,,,,,,,,,
Meadowlark Forsythia,Forsythia Meadowlark,Forsythia,Y,Fiore,Confamilial - non-native (resolved),"Oleaceae (cf. Fraxinus, Chionanthus)",,,,shrub,,,,6,10,,,Full sun,Medium,,5 to 8,,TRUE,,,,,,March to April,,,,"forsythia, earliest spring bloom, bright yellow",,,,,,,,,,,,,,,,,,,,,,,,,,,
Show Off Border Forsythia,Forsythia intermedia Mindor,Forsythia,Y,Fiore,Confamilial - non-native (resolved),"Oleaceae (cf. Fraxinus, Chionanthus)",,,,shrub,,,,6,10,,,Full sun,Medium,,5 to 8,,TRUE,,,,,,March to April,,,,"forsythia, earliest spring bloom, bright yellow",,perennial,,,,,,,,,,,,,,,,,,,,,,,,,
Sunrise Early Forsythia,Forsythia ovata Sunrise,Forsythia,Y,Fiore,Confamilial - non-native (resolved),"Oleaceae (cf. Fraxinus, Chionanthus)",,,,shrub,,,,6,10,,,Full sun,Medium,,5 to 8,,TRUE,,,,,,March to April,,,,"forsythia, earliest spring bloom, bright yellow",,perennial,,,,,,,,,,,,,,,,,,,,,,,,,
Bronxensis Dwarf Greenstem Forsythia,Forsythia viridissima Bronxensis,Forsythia,Y,Fiore,Confamilial - non-native (resolved),"Oleaceae (cf. Fraxinus, Chionanthus)",,,,shrub,,,,6,10,,,Full sun,Medium,,5 to 8,,TRUE,,,,,,March to April,,,,"forsythia, earliest spring bloom, bright yellow",,perennial,,,,,,,,,,,,,,,,,,,,,,,,,
Sweet Woodruff,Galium odoratum,Galium,N,Fiore,Native / near-region (genus-native tie; resolved),Rubiaceae; native bedstraws (G. boreale),,,,flower,,,,0.5,1,,,Part shade to full shade,Medium,,,,,,,,,white,April to June,,,,"sweet woodruff, fragrant foliage, spreads to form colonies",,perennial,,,,,,,,,,,,,,,,,,,,,,,,,
Indian Physic or Bowmans Root,Gillenia trifoliata (porteranthus trifoliatus),Gillenia,Y,Fiore,Native cultivar (genus-native tie; resolved),Rosaceae; Gillenia (Bowman’s root) native to E US,,,,flower,,,,2,3,,,Part shade to full shade,Medium,,,,,,,,,,May to June,,,,,,perennial,,,,,,,,,,,,,,,,,,,,,,,,,
Summer Sparkles Babys Breath,Gypsophila Summer Sparkles,Gypsophila,Y,Fiore,Confamilial - non-native (resolved),Caryophyllaceae (cf. Silene); note G. paniculata invasive in Great Lakes dunes,,,,,,,,1,2,,,Full sun,Dry to medium,,3 to 9,TRUE,,,,,,,June to September,,,,"baby's breath, airy filler, drought-tolerant",,,,,,,,,,,,,,,,,,,,,,,,,,,
Pink Creeping Babys Breath,Gypsophila repens Rosea,Gypsophila,Y,Fiore,Confamilial - non-native (resolved),Caryophyllaceae (cf. Silene); note G. paniculata invasive in Great Lakes dunes,,,,flower,,,,0.5,1,,,Full sun,Dry to medium,,3 to 9,TRUE,,,,,,,June to September,,,,"baby's breath, airy filler, drought-tolerant",,perennial,,,,,,,,,,,,,,,,,,,,,,,,,
Japanese Forest Grass,Hakonechloa macra,Hakonechloa,N,Fiore,Confamilial - non-native (resolved),Poaceae; clumping forest grass,,,,grass,,,,1,1.5,1.5,2,Part shade,Medium,,5 to 9,,,,,,,,,,,,"graceful cascading mounds, bamboo-like texture, fall color",,perennial,,,,,,,,,,,,,,,,,,,,,,,,,
All Gold Japanese Forest Grass,Hakonechloa macra All Gold,Hakonechloa,Y,Fiore,Confamilial - non-native (resolved),Poaceae; clumping forest grass,,,,grass,,,,1,1.5,1.5,2,Part shade,Medium,,5 to 9,,,,,,,,,,,,"graceful cascading mounds, bamboo-like texture, fall color",,perennial,,,,,,,,,,,,,,,,,,,,,,,,,
Variegated Japanese Forest Grass,Hakonechloa macra Aureola,Hakonechloa,Y,Fiore,Confamilial - non-native (resolved),Poaceae; clumping forest grass,,,,grass,,,,1,1.5,1.5,2,Part shade,Medium,,5 to 9,,,,,,,,,,,,"graceful cascading mounds, bamboo-like texture, fall color",,perennial,,,,,,,,,,,,,,,,,,,,,,,,,
Helleborus FROSTKISS Charmer,Helleborus FROSTKISS Charmer,Helleborus,Y,Fiore,Confamilial - non-native (resolved),"Ranunculaceae (cf. Aquilegia, Thalictrum, Actaea)",,,,,,,,,,,,Part shade to full shade,Medium,,,,,,,,,,February to April,,,,"hellebore, earliest spring bloomer, deer resistant, evergreen",,,,,,,,,,,,,,,,,,,,,,,,,,,
Helleborus FROSTKISS Pennys Pink,Helleborus FROSTKISS Pennys Pink,Helleborus,Y,Fiore,Confamilial - non-native (resolved),"Ranunculaceae (cf. Aquilegia, Thalictrum, Actaea)",,,,,,,,,,,,Part shade to full shade,Medium,,,,,,,,,,February to April,,,,"hellebore, earliest spring bloomer, deer resistant, evergreen",,,,,,,,,,,,,,,,,,,,,,,,,,,
Rio Carnival Lenten Rose,Helleborus Honeymoon Rio Carnival,Helleborus,Y,Fiore,Confamilial - non-native (resolved),"Ranunculaceae (cf. Aquilegia, Thalictrum, Actaea)",,,,,,,,,,,,Part shade to full shade,Medium,,,,,,,,,,February to April,,,,"hellebore, earliest spring bloomer, deer resistant, evergreen",,,,,,,,,,,,,,,,,,,,,,,,,,,
Rome in Red Hellebore,Helleborus Honeymoon Rome in Red,Helleborus,Y,Fiore,Confamilial - non-native (resolved),"Ranunculaceae (cf. Aquilegia, Thalictrum, Actaea)",,,,,,,,,,,,Part shade to full shade,Medium,,,,,,,,,,February to April,,,,"hellebore, earliest spring bloomer, deer resistant, evergreen",,,,,,,,,,,,,,,,,,,,,,,,,,,
Ivory Prince Hellebore,Helleborus Ivory Prince (Walhelivor),Helleborus,Y,Fiore,Confamilial - non-native (resolved),"Ranunculaceae (cf. Aquilegia, Thalictrum, Actaea)",,,,,,,,,,,,Part shade to full shade,Medium,,,,,,,,,,February to April,,,,"hellebore, earliest spring bloomer, deer resistant, evergreen",,,,,,,,,,,,,,,,,,,,,,,,,,,
FROSTKISS SERIES Pippas Purple Lenten Rose,Helleborus Pippas Purple USPP#27121,Helleborus,Y,Fiore,Confamilial - non-native (resolved),"Ranunculaceae (cf. Aquilegia, Thalictrum, Actaea)",,,,,,,,,,,,Part shade to full shade,Medium,,,,,,,,,,February to April,,,,"hellebore, earliest spring bloomer, deer resistant, evergreen",,,,,,,,,,,,,,,,,,,,,,,,,,,
Royal Heritage Lenten Rose (Hellebore),Helleborus Royal Heritage,Helleborus,Y,Fiore,Confamilial - non-native (resolved),"Ranunculaceae (cf. Aquilegia, Thalictrum, Actaea)",,,,,,,,,,,,Part shade to full shade,Medium,,,,,,,,,,February to April,,,,"hellebore, earliest spring bloomer, deer resistant, evergreen",,,,,,,,,,,,,,,,,,,,,,,,,,,
Dorothys Dawn Hellebore,Helleborus x hybridus EPB29 (Dorothys Dawn),Helleborus,Y,Fiore,Confamilial - non-native (resolved),"Ranunculaceae (cf. Aquilegia, Thalictrum, Actaea)",,,,,,,,,,,,Part shade to full shade,Medium,,,,,,,,,,February to April,,,,"hellebore, earliest spring bloomer, deer resistant, evergreen",,,,,,,,,,,,,,,,,,,,,,,,,,,
Helleborus Mollys White,Helleborus x hybridus Mollys White,Helleborus,Y,Fiore,Confamilial - non-native (resolved),"Ranunculaceae (cf. Aquilegia, Thalictrum, Actaea)",,,,,,,,,,,,Part shade to full shade,Medium,,,,,,,,,,February to April,,,,"hellebore, earliest spring bloomer, deer resistant, evergreen",,,,,,,,,,,,,,,,,,,,,,,,,,,
Seven Son Flower,Heptacodium miconioides,Heptacodium,N,Fiore,Confamilial - non-native (resolved),"Caprifoliaceae (cf. Lonicera, Diervilla); valuable late nectar",,,,shrub,,,,10,20,,,Full sun to part shade,Medium,,,,,,,,,white,August to September,,,,"fragrant late flowers, exfoliating bark, rose-red fall calyces",,,,,,,,,,,,,,,,,,,,,,,,,,,
Tianshan Seven Son Flower,Heptacodium miconioides MINHEP (Tianshan),Heptacodium,Y,Fiore,Confamilial - non-native (resolved),"Caprifoliaceae (cf. Lonicera, Diervilla); valuable late nectar",,,,shrub,,,,10,20,,,Full sun to part shade,Medium,,,,,,,,,,August to September,,,,"fragrant late flowers, exfoliating bark, rose-red fall calyces",,,,,,,,,,,,,,,,,,,,,,,,,,,
Temple of Bloom Seven Son Flower,Heptacodium miconioides Temple of Bloom,Heptacodium,Y,Fiore,Confamilial - non-native (resolved),"Caprifoliaceae (cf. Lonicera, Diervilla); valuable late nectar",,,,shrub,,,,10,20,,,Full sun to part shade,Medium,,,,,,,,,,August to September,,,,"fragrant late flowers, exfoliating bark, rose-red fall calyces",,,,,,,,,,,,,,,,,,,,,,,,,,,
Alabama Sunrise Foamy Bells,Heucherella Alabama Sunrise,Heucherella,Y,Fiore,Native cultivar (intergeneric native hybrid; resolved),×Heucherella = native Heuchera × Tiarella hybrid,,,,,,,,0.75,1.5,,,Part shade to full shade,Medium,,4 to 9,,,,,,,,April to June,,,,"foamy bells, colorful foliage, shade-tolerant hybrid",,,,,,,,,,,,,,,,,,,,,,,,,,,
Catching Fire Heucherella,Heucherella Catching Fire,Heucherella,Y,Fiore,Native cultivar (intergeneric native hybrid; resolved),×Heucherella = native Heuchera × Tiarella hybrid,,,,,,,,0.75,1.5,,,Part shade to full shade,Medium,,4 to 9,,,,,,,,April to June,,,,"foamy bells, colorful foliage, shade-tolerant hybrid",,,,,,,,,,,,,,,,,,,,,,,,,,,
Eye Spy Heucherella,Heucherella Eye Spy,Heucherella,Y,Fiore,Native cultivar (intergeneric native hybrid; resolved),×Heucherella = native Heuchera × Tiarella hybrid,,,,,,,,0.75,1.5,,,Part shade to full shade,Medium,,4 to 9,,,,,,,,April to June,,,,"foamy bells, colorful foliage, shade-tolerant hybrid",,,,,,,,,,,,,,,,,,,,,,,,,,,
Pink Revolution Foamy Bells Heucherella,Heucherella Pink Revolution,Heucherella,Y,Fiore,Native cultivar (intergeneric native hybrid; resolved),×Heucherella = native Heuchera × Tiarella hybrid,,,,,,,,0.75,1.5,,,Part shade to full shade,Medium,,4 to 9,,,,,,,,April to June,,,,"foamy bells, colorful foliage, shade-tolerant hybrid",,,,,,,,,,,,,,,,,,,,,,,,,,,
Sweet Tea Foamy Bells,Heucherella Sweet Tea,Heucherella,Y,Fiore,Native cultivar (intergeneric native hybrid; resolved),×Heucherella = native Heuchera × Tiarella hybrid,,,,,,,,0.75,1.5,,,Part shade to full shade,Medium,,4 to 9,,,,,,,,April to June,,,,"foamy bells, colorful foliage, shade-tolerant hybrid",,,,,,,,,,,,,,,,,,,,,,,,,,,
Abiqua Drinking Gourd Hosta,Hosta Abiqua Drinking Gourd,Hosta,Y,Fiore,Confamilial - non-native (resolved),"Asparagaceae (cf. Maianthemum, Polygonatum)",,,,,,,,1,3,,,Part shade to full shade,Medium,,3 to 8,,TRUE,,,,,,July to August,,,,"hosta, shade foliage, slug-prone, bold texture",,,,,,,,,,,,,,,,,,,,,,,,,,,
August Moon Hosta,Hosta August Moon,Hosta,Y,Fiore,Confamilial - non-native (resolved),"Asparagaceae (cf. Maianthemum, Polygonatum)",,,,,,,,1,3,,,Part shade to full shade,Medium,,3 to 8,,TRUE,,,,,,July to August,,,,"hosta, shade foliage, slug-prone, bold texture",,,,,,,,,,,,,,,,,,,,,,,,,,,
Shadowland Autumn Frost Hosta,Hosta Autumn Frost (PP23224),Hosta,Y,Fiore,Confamilial - non-native (resolved),"Asparagaceae (cf. Maianthemum, Polygonatum)",,,,,,,,1,3,,,Part shade to full shade,Medium,,3 to 8,,TRUE,,,,,,July to August,,,,"hosta, shade foliage, slug-prone, bold texture",,,,,,,,,,,,,,,,,,,,,,,,,,,
Big Daddy Hosta,Hosta Big Daddy,Hosta,Y,Fiore,Confamilial - non-native (resolved),"Asparagaceae (cf. Maianthemum, Polygonatum)",,,,,,,,1,3,,,Part shade to full shade,Medium,,3 to 8,,TRUE,,,,,,July to August,,,,"hosta, shade foliage, slug-prone, bold texture",,,,,,,,,,,,,,,,,,,,,,,,,,,
Blue Angel Hosta,Hosta Blue Angel,Hosta,Y,Fiore,Confamilial - non-native (resolved),"Asparagaceae (cf. Maianthemum, Polygonatum)",,,,,,,,1,3,,,Part shade to full shade,Medium,,3 to 8,,TRUE,,,,,,July to August,,,,"hosta, shade foliage, slug-prone, bold texture",,,,,,,,,,,,,,,,,,,,,,,,,,,
Blue Mouse Ears Hosta,Hosta Blue Mouse Ears,Hosta,Y,Fiore,Confamilial - non-native (resolved),"Asparagaceae (cf. Maianthemum, Polygonatum)",,,,,,,,1,3,,,Part shade to full shade,Medium,,3 to 8,,TRUE,,,,,,July to August,,,,"hosta, shade foliage, slug-prone, bold texture",,,,,,,,,,,,,,,,,,,,,,,,,,,
Captain Kirk Hosta,Hosta Captain Kirk,Hosta,Y,Fiore,Confamilial - non-native (resolved),"Asparagaceae (cf. Maianthemum, Polygonatum)",,,,,,,,1,3,,,Part shade to full shade,Medium,,3 to 8,,TRUE,,,,,,July to August,,,,"hosta, shade foliage, slug-prone, bold texture",,,,,,,,,,,,,,,,,,,,,,,,,,,
Shadowland Coast to Coast Hosta,Hosta Coast to Coast (PP26469),Hosta,Y,Fiore,Confamilial - non-native (resolved),"Asparagaceae (cf. Maianthemum, Polygonatum)",,,,,,,,1,3,,,Part shade to full shade,Medium,,3 to 8,,TRUE,,,,,,July to August,,,,"hosta, shade foliage, slug-prone, bold texture",,,,,,,,,,,,,,,,,,,,,,,,,,,
Curly Fries Hosta,Hosta Curly Fries,Hosta,Y,Fiore,Confamilial - non-native (resolved),"Asparagaceae (cf. Maianthemum, Polygonatum)",,,,,,,,1,3,,,Part shade to full shade,Medium,,3 to 8,,TRUE,,,,,,July to August,,,,"hosta, shade foliage, slug-prone, bold texture",,,,,,,,,,,,,,,,,,,,,,,,,,,
Hosta Diamond Lake,Hosta Diamond Lake,Hosta,Y,Fiore,Confamilial - non-native (resolved),"Asparagaceae (cf. Maianthemum, Polygonatum)",,,,,,,,1,3,,,Part shade to full shade,Medium,,3 to 8,,TRUE,,,,,,July to August,,,,"hosta, shade foliage, slug-prone, bold texture",,,,,,,,,,,,,,,,,,,,,,,,,,,
Earth Angel Hosta,Hosta Earth Angel,Hosta,Y,Fiore,Confamilial - non-native (resolved),"Asparagaceae (cf. Maianthemum, Polygonatum)",,,,,,,,1,3,,,Part shade to full shade,Medium,,3 to 8,,TRUE,,,,,,July to August,,,,"hosta, shade foliage, slug-prone, bold texture",,,,,,,,,,,,,,,,,,,,,,,,,,,
Etched Glass Hosta,Hosta Etched Glass,Hosta,Y,Fiore,Confamilial - non-native (resolved),"Asparagaceae (cf. Maianthemum, Polygonatum)",,,,,,,,1,3,,,Part shade to full shade,Medium,,3 to 8,,TRUE,,,,,,July to August,,,,"hosta, shade foliage, slug-prone, bold texture",,,,,,,,,,,,,,,,,,,,,,,,,,,
Fire and Ice Hosta,Hosta Fire and Ice,Hosta,Y,Fiore,Confamilial - non-native (resolved),"Asparagaceae (cf. Maianthemum, Polygonatum)",,,,,,,,1,3,,,Part shade to full shade,Medium,,3 to 8,,TRUE,,,,,,July to August,,,,"hosta, shade foliage, slug-prone, bold texture",,,,,,,,,,,,,,,,,,,,,,,,,,,
First Frost Hosta,Hosta First Frost,Hosta,Y,Fiore,Confamilial - non-native (resolved),"Asparagaceae (cf. Maianthemum, Polygonatum)",,,,,,,,1,3,,,Part shade to full shade,Medium,,3 to 8,,TRUE,,,,,,July to August,,,,"hosta, shade foliage, slug-prone, bold texture",,,,,,,,,,,,,,,,,,,,,,,,,,,
Fragrant Bouquet Hosta,Hosta Fragrant Bouquet,Hosta,Y,Fiore,Confamilial - non-native (resolved),"Asparagaceae (cf. Maianthemum, Polygonatum)",,,,,,,,1,3,,,Part shade to full shade,Medium,,3 to 8,,TRUE,,,,,,July to August,,,,"hosta, shade foliage, slug-prone, bold texture",,,,,,,,,,,,,,,,,,,,,,,,,,,
Francee Hosta,Hosta Francee,Hosta,Y,Fiore,Confamilial - non-native (resolved),"Asparagaceae (cf. Maianthemum, Polygonatum)",,,,,,,,1,3,,,Part shade to full shade,Medium,,3 to 8,,TRUE,,,,,,July to August,,,,"hosta, shade foliage, slug-prone, bold texture",,,,,,,,,,,,,,,,,,,,,,,,,,,
Gold Standard Hosta,Hosta Gold Standard,Hosta,Y,Fiore,Confamilial - non-native (resolved),"Asparagaceae (cf. Maianthemum, Polygonatum)",,,,,,,,1,3,,,Part shade to full shade,Medium,,3 to 8,,TRUE,,,,,,July to August,,,,"hosta, shade foliage, slug-prone, bold texture",,,,,,,,,,,,,,,,,,,,,,,,,,,
Golden Tiara Hosta,Hosta Golden Tiara,Hosta,Y,Fiore,Confamilial - non-native (resolved),"Asparagaceae (cf. Maianthemum, Polygonatum)",,,,,,,,1,3,,,Part shade to full shade,Medium,,3 to 8,,TRUE,,,,,,July to August,,,,"hosta, shade foliage, slug-prone, bold texture",,,,,,,,,,,,,,,,,,,,,,,,,,,
Great Expectations Hosta,Hosta Great Expectations,Hosta,Y,Fiore,Confamilial - non-native (resolved),"Asparagaceae (cf. Maianthemum, Polygonatum)",,,,,,,,1,3,,,Part shade to full shade,Medium,,3 to 8,,TRUE,,,,,,July to August,,,,"hosta, shade foliage, slug-prone, bold texture",,,,,,,,,,,,,,,,,,,,,,,,,,,
Guacamole Hosta,Hosta Guacamole,Hosta,Y,Fiore,Confamilial - non-native (resolved),"Asparagaceae (cf. Maianthemum, Polygonatum)",,,,,,,,1,3,,,Part shade to full shade,Medium,,3 to 8,,TRUE,,,,,,July to August,,,,"hosta, shade foliage, slug-prone, bold texture",,,,,,,,,,,,,,,,,,,,,,,,,,,
Hadspen Blue Hosta,Hosta Hadspen Blue,Hosta,Y,Fiore,Confamilial - non-native (resolved),"Asparagaceae (cf. Maianthemum, Polygonatum)",,,,,,,,1,3,,,Part shade to full shade,Medium,,3 to 8,,TRUE,,,,,,July to August,,,,"hosta, shade foliage, slug-prone, bold texture",,,,,,,,,,,,,,,,,,,,,,,,,,,
Halcyon Hosta,Hosta Halcyon,Hosta,Y,Fiore,Confamilial - non-native (resolved),"Asparagaceae (cf. Maianthemum, Polygonatum)",,,,,,,,1,3,,,Part shade to full shade,Medium,,3 to 8,,TRUE,,,,,,July to August,,,,"hosta, shade foliage, slug-prone, bold texture",,,,,,,,,,,,,,,,,,,,,,,,,,,
Humpback Whale Hosta,Hosta Humpback Whale,Hosta,Y,Fiore,Confamilial - non-native (resolved),"Asparagaceae (cf. Maianthemum, Polygonatum)",,,,,,,,1,3,,,Part shade to full shade,Medium,,3 to 8,,TRUE,,,,,,July to August,,,,"hosta, shade foliage, slug-prone, bold texture",,,,,,,,,,,,,,,,,,,,,,,,,,,
Island Breeze Hosta,Hosta Island Breeze,Hosta,Y,Fiore,Confamilial - non-native (resolved),"Asparagaceae (cf. Maianthemum, Polygonatum)",,,,,,,,1,3,,,Part shade to full shade,Medium,,3 to 8,,TRUE,,,,,,July to August,,,,"hosta, shade foliage, slug-prone, bold texture",,,,,,,,,,,,,,,,,,,,,,,,,,,
June Hosta,Hosta June,Hosta,Y,Fiore,Confamilial - non-native (resolved),"Asparagaceae (cf. Maianthemum, Polygonatum)",,,,,,,,1,3,,,Part shade to full shade,Medium,,3 to 8,,TRUE,,,,,,July to August,,,,"hosta, shade foliage, slug-prone, bold texture",,,,,,,,,,,,,,,,,,,,,,,,,,,
Krossa Regal Hosta,Hosta Krossa Regal,Hosta,Y,Fiore,Confamilial - non-native (resolved),"Asparagaceae (cf. Maianthemum, Polygonatum)",,,,,,,,1,3,,,Part shade to full shade,Medium,,3 to 8,,TRUE,,,,,,July to August,,,,"hosta, shade foliage, slug-prone, bold texture",,,,,,,,,,,,,,,,,,,,,,,,,,,
Liberty Hosta,Hosta Liberty,Hosta,Y,Fiore,Confamilial - non-native (resolved),"Asparagaceae (cf. Maianthemum, Polygonatum)",,,,,,,,1,3,,,Part shade to full shade,Medium,,3 to 8,,TRUE,,,,,,July to August,,,,"hosta, shade foliage, slug-prone, bold texture",,,,,,,,,,,,,,,,,,,,,,,,,,,
Loyalist Hosta,Hosta Loyalist,Hosta,Y,Fiore,Confamilial - non-native (resolved),"Asparagaceae (cf. Maianthemum, Polygonatum)",,,,,,,,1,3,,,Part shade to full shade,Medium,,3 to 8,,TRUE,,,,,,July to August,,,,"hosta, shade foliage, slug-prone, bold texture",,,,,,,,,,,,,,,,,,,,,,,,,,,
Minuteman Hosta,Hosta Minuteman,Hosta,Y,Fiore,Confamilial - non-native (resolved),"Asparagaceae (cf. Maianthemum, Polygonatum)",,,,,,,,1,3,,,Part shade to full shade,Medium,,3 to 8,,TRUE,,,,,,July to August,,,,"hosta, shade foliage, slug-prone, bold texture",,,,,,,,,,,,,,,,,,,,,,,,,,,
Paradigm Hosta,Hosta Paradigm,Hosta,Y,Fiore,Confamilial - non-native (resolved),"Asparagaceae (cf. Maianthemum, Polygonatum)",,,,,,,,1,3,,,Part shade to full shade,Medium,,3 to 8,,TRUE,,,,,,July to August,,,,"hosta, shade foliage, slug-prone, bold texture",,,,,,,,,,,,,,,,,,,,,,,,,,,
Patriot Hosta,Hosta Patriot,Hosta,Y,Fiore,Confamilial - non-native (resolved),"Asparagaceae (cf. Maianthemum, Polygonatum)",,,,,,,,1,3,,,Part shade to full shade,Medium,,3 to 8,,TRUE,,,,,,July to August,,,,"hosta, shade foliage, slug-prone, bold texture",,,,,,,,,,,,,,,,,,,,,,,,,,,
Praying Hands Hosta,Hosta Praying Hands,Hosta,Y,Fiore,Confamilial - non-native (resolved),"Asparagaceae (cf. Maianthemum, Polygonatum)",,,,,,,,1,3,,,Part shade to full shade,Medium,,3 to 8,,TRUE,,,,,,July to August,,,,"hosta, shade foliage, slug-prone, bold texture",,,,,,,,,,,,,,,,,,,,,,,,,,,
Rainbows End Hosta,Hosta Rainbows End,Hosta,Y,Fiore,Confamilial - non-native (resolved),"Asparagaceae (cf. Maianthemum, Polygonatum)",,,,,,,,1,3,,,Part shade to full shade,Medium,,3 to 8,,TRUE,,,,,,July to August,,,,"hosta, shade foliage, slug-prone, bold texture",,,,,,,,,,,,,,,,,,,,,,,,,,,
Regal Splendor Hosta,Hosta Regal Splendor,Hosta,Y,Fiore,Confamilial - non-native (resolved),"Asparagaceae (cf. Maianthemum, Polygonatum)",,,,,,,,1,3,,,Part shade to full shade,Medium,,3 to 8,,TRUE,,,,,,July to August,,,,"hosta, shade foliage, slug-prone, bold texture",,,,,,,,,,,,,,,,,,,,,,,,,,,
Royal Standard Hosta,Hosta Royal Standard,Hosta,Y,Fiore,Confamilial - non-native (resolved),"Asparagaceae (cf. Maianthemum, Polygonatum)",,,,,,,,1,3,,,Part shade to full shade,Medium,,3 to 8,,TRUE,,,,,,July to August,,,,"hosta, shade foliage, slug-prone, bold texture",,,,,,,,,,,,,,,,,,,,,,,,,,,
Silly String Hosta,Hosta Silly String,Hosta,Y,Fiore,Confamilial - non-native (resolved),"Asparagaceae (cf. Maianthemum, Polygonatum)",,,,,,,,1,3,,,Part shade to full shade,Medium,,3 to 8,,TRUE,,,,,,July to August,,,,"hosta, shade foliage, slug-prone, bold texture",,,,,,,,,,,,,,,,,,,,,,,,,,,
Stained Glass Hosta,Hosta Stained Glass,Hosta,Y,Fiore,Confamilial - non-native (resolved),"Asparagaceae (cf. Maianthemum, Polygonatum)",,,,,,,,1,3,,,Part shade to full shade,Medium,,3 to 8,,TRUE,,,,,,July to August,,,,"hosta, shade foliage, slug-prone, bold texture",,,,,,,,,,,,,,,,,,,,,,,,,,,
Sum and Substance Hosta,Hosta Sum and Substance,Hosta,Y,Fiore,Confamilial - non-native (resolved),"Asparagaceae (cf. Maianthemum, Polygonatum)",,,,,,,,1,3,,,Part shade to full shade,Medium,,3 to 8,,TRUE,,,,,,July to August,,,,"hosta, shade foliage, slug-prone, bold texture",,,,,,,,,,,,,,,,,,,,,,,,,,,
Sun Mouse Ears Hosta,Hosta Sun Mouse,Hosta,Y,Fiore,Confamilial - non-native (resolved),"Asparagaceae (cf. Maianthemum, Polygonatum)",,,,,,,,1,3,,,Part shade to full shade,Medium,,3 to 8,,TRUE,,,,,,July to August,,,,"hosta, shade foliage, slug-prone, bold texture",,,,,,,,,,,,,,,,,,,,,,,,,,,
Wide Brim Hosta,Hosta Wide Brim,Hosta,Y,Fiore,Confamilial - non-native (resolved),"Asparagaceae (cf. Maianthemum, Polygonatum)",,,,,,,,1,3,,,Part shade to full shade,Medium,,3 to 8,,TRUE,,,,,,July to August,,,,"hosta, shade foliage, slug-prone, bold texture",,,,,,,,,,,,,,,,,,,,,,,,,,,
Elegans Hosta,Hosta sieboldiana Elegans,Hosta,Y,Fiore,Confamilial - non-native (resolved),"Asparagaceae (cf. Maianthemum, Polygonatum)",,,,,,,,1,3,,,Part shade to full shade,Medium,,3 to 8,,TRUE,,,,,,July to August,,,,"hosta, shade foliage, slug-prone, bold texture",,,,,,,,,,,,,,,,,,,,,,,,,,,
Frances Williams Sieboldiana Hosta,Hosta sieboldiana Frances Williams,Hosta,Y,Fiore,Confamilial - non-native (resolved),"Asparagaceae (cf. Maianthemum, Polygonatum)",,,,,,,,1,3,,,Part shade to full shade,Medium,,3 to 8,,TRUE,,,,,,July to August,,,,"hosta, shade foliage, slug-prone, bold texture",,,,,,,,,,,,,,,,,,,,,,,,,,,
Snowflake Evergreen Candytuft,Iberis sempervirens Snowflake,Iberis,Y,Fiore,Confamilial - non-native (resolved),"Brassicaceae (cf. Cardamine, Boechera)",,,,shrub,,,,,,,,Full sun,Dry to medium,,,TRUE,,,,,,,April to May,,,,"candytuft, white carpet in spring, evergreen",,perennial,,,,,,,,,,,,,,,,,,,,,,,,,
Blue Star Creeper,Isotoma fluviatilis,Isotoma,N,Fiore,Confamilial - non-native (resolved),"Campanulaceae (cf. Lobelia, Campanula rotundifolia)",,,,,,,,0.1,0.25,,,Full sun to part shade,Medium,,,,,,,,,blue,June to August,,,,"blue star creeper, between stepping stones, lawn substitute",,,,,,,,,,,,,,,,,,,,,,,,,,,
Blue Star Incised Leaf Kalimeris,Kalimeris incisa Blue Star,Kalimeris,Y,Fiore,Confamilial - non-native (resolved),"Asteraceae (cf. Symphyotrichum, Solidago)",,,,,,,,,,,,Full sun to part shade,Medium,,,,,,,,,,,,,,"kalimeris aster, long-blooming, low maintenance",,,,,,,,,,,,,,,,,,,,,,,,,,,
Golden Guinea Japanese Kerria,Kerria japonica Golden Guinea,Kerria,Y,Fiore,Confamilial - non-native (resolved),"Rosaceae (cf. Rubus, Spiraea)",,,,shrub,,,,4,6,,,Part shade to full shade,Medium,,4 to 9,,,,,,,,April to May,,,,"Japanese kerria, bright spring yellow, multi-season bark",,perennial,,,,,,,,,,,,,,,,,,,,,,,,,
Double Japanese Kerria,Kerria japonica Pleniflora,Kerria,Y,Fiore,Confamilial - non-native (resolved),"Rosaceae (cf. Rubus, Spiraea)",,,,shrub,,,,4,6,,,Part shade to full shade,Medium,,4 to 9,,,,,,,,April to May,,,,"Japanese kerria, bright spring yellow, multi-season bark",,perennial,,,,,,,,,,,,,,,,,,,,,,,,,
Yellow Waxbells,Kirengeshoma palmata,Kirengeshoma,N,Fiore,Confamilial - non-native (resolved),Hydrangeaceae (cf. Hydrangea arborescens),,,,,,,,3,4,,,Part shade to full shade,Medium,,,,,,,,,yellow,August to October,,,,"yellow waxbells, late-season shade plant, architectural foliage",,,,,,,,,,,,,,,,,,,,,,,,,,,
Aureum Spotted Nettle,Lamium maculatum Aureum,Lamium,Y,Fiore,Confamilial - non-native (resolved),"Lamiaceae (cf. Monarda, Pycnanthemum)",,,,flower,,,,0.5,1,,,Part shade to full shade,Medium,,3 to 8,,TRUE,,,0,5,,April to June,,,,"dead nettle, silver-marked foliage, weed-suppressing ground cover",,perennial,,,,,,,,,,,,,,,,,,,,,,,,,
Chequers Spotted Nettle,Lamium maculatum Chequers,Lamium,Y,Fiore,Confamilial - non-native (resolved),"Lamiaceae (cf. Monarda, Pycnanthemum)",,,,flower,,,,0.5,1,,,Part shade to full shade,Medium,,3 to 8,,TRUE,,,0,5,,April to June,,,,"dead nettle, silver-marked foliage, weed-suppressing ground cover",,perennial,,,,,,,,,,,,,,,,,,,,,,,,,
Ghost Spotted Nettle,Lamium maculatum Ghost,Lamium,Y,Fiore,Confamilial - non-native (resolved),"Lamiaceae (cf. Monarda, Pycnanthemum)",,,,flower,,,,0.5,1,,,Part shade to full shade,Medium,,3 to 8,,TRUE,,,0,5,,April to June,,,,"dead nettle, silver-marked foliage, weed-suppressing ground cover",,perennial,,,,,,,,,,,,,,,,,,,,,,,,,
Orchid Frost Spotted Nettle,Lamium maculatum Orchid Frost,Lamium,Y,Fiore,Confamilial - non-native (resolved),"Lamiaceae (cf. Monarda, Pycnanthemum)",,,,flower,,,,0.5,1,,,Part shade to full shade,Medium,,3 to 8,,TRUE,,,0,5,,April to June,,,,"dead nettle, silver-marked foliage, weed-suppressing ground cover",,perennial,,,,,,,,,,,,,,,,,,,,,,,,,
Pink Pewter Spotted Nettle,Lamium maculatum Pink Pewter,Lamium,Y,Fiore,Confamilial - non-native (resolved),"Lamiaceae (cf. Monarda, Pycnanthemum)",,,,flower,,,,0.5,1,,,Part shade to full shade,Medium,,3 to 8,,TRUE,,,0,5,,April to June,,,,"dead nettle, silver-marked foliage, weed-suppressing ground cover",,perennial,,,,,,,,,,,,,,,,,,,,,,,,,
Red Nancy Spotted Nettle,Lamium maculatum Red Nancy,Lamium,Y,Fiore,Confamilial - non-native (resolved),"Lamiaceae (cf. Monarda, Pycnanthemum)",,,,flower,,,,0.5,1,,,Part shade to full shade,Medium,,3 to 8,,TRUE,,,0,5,,April to June,,,,"dead nettle, silver-marked foliage, weed-suppressing ground cover",,perennial,,,,,,,,,,,,,,,,,,,,,,,,,
Shell Pink Spotted Nettle,Lamium maculatum Shell Pink,Lamium,Y,Fiore,Confamilial - non-native (resolved),"Lamiaceae (cf. Monarda, Pycnanthemum)",,,,flower,,,,0.5,1,,,Part shade to full shade,Medium,,3 to 8,,TRUE,,,0,5,,April to June,,,,"dead nettle, silver-marked foliage, weed-suppressing ground cover",,perennial,,,,,,,,,,,,,,,,,,,,,,,,,
White Nancy Dead Nettle,Lamium maculatum White Nancy,Lamium,Y,Fiore,Confamilial - non-native (resolved),"Lamiaceae (cf. Monarda, Pycnanthemum)",,,,flower,,,,0.5,1,,,Part shade to full shade,Medium,,3 to 8,,TRUE,,,0,5,,April to June,,,,"dead nettle, silver-marked foliage, weed-suppressing ground cover",,perennial,,,,,,,,,,,,,,,,,,,,,,,,,
Essence Purple English Lavender,Lavandula angustifolia Essence Purple,Lavandula,Y,Fiore,Confamilial - non-native (resolved),Lamiaceae (cf. Monarda); strong bee value,,,,shrub,,,,1.5,2.5,,,Full sun,Dry to medium,,5 to 8,TRUE,TRUE,,,,,,June to August,,,,"lavender, intensely fragrant, attracts bees",,perennial,,,,,,,,,,,,,,,,,,,,,,,,,
Hidcote Blue English Lavender,Lavandula angustifolia Hidcote,Lavandula,Y,Fiore,Confamilial - non-native (resolved),Lamiaceae (cf. Monarda); strong bee value,,,,shrub,,,,1.5,2.5,,,Full sun,Dry to medium,,5 to 8,TRUE,TRUE,,,,,,June to August,,,,"lavender, intensely fragrant, attracts bees",,perennial,,,,,,,,,,,,,,,,,,,,,,,,,
Munstead English Lavender,Lavandula angustifolia Munstead,Lavandula,Y,Fiore,Confamilial - non-native (resolved),Lamiaceae (cf. Monarda); strong bee value,,,,shrub,,,,1.5,2.5,,,Full sun,Dry to medium,,5 to 8,TRUE,TRUE,,,,,,June to August,,,,"lavender, intensely fragrant, attracts bees",,perennial,,,,,,,,,,,,,,,,,,,,,,,,,
Sweet Romance Lavender,Lavandula angustifolia Sweet Romance,Lavandula,Y,Fiore,Confamilial - non-native (resolved),Lamiaceae (cf. Monarda); strong bee value,,,,shrub,,,,1.5,2.5,,,Full sun,Dry to medium,,5 to 8,TRUE,TRUE,,,,,,June to August,,,,"lavender, intensely fragrant, attracts bees",,perennial,,,,,,,,,,,,,,,,,,,,,,,,,
Phenomenal Lavander,Lavandula x intermedia Phenomenal,Lavandula,Y,Fiore,Confamilial - non-native (resolved),Lamiaceae (cf. Monarda); strong bee value,,,,,,,,1.5,2.5,,,Full sun,Dry to medium,,5 to 8,TRUE,TRUE,,,,,,June to August,,,,"lavender, intensely fragrant, attracts bees",,,,,,,,,,,,,,,,,,,,,,,,,,,
Sensational Lavander,Lavandula x intermedia Sensational,Lavandula,Y,Fiore,Confamilial - non-native (resolved),Lamiaceae (cf. Monarda); strong bee value,,,,,,,,1.5,2.5,,,Full sun,Dry to medium,,5 to 8,TRUE,TRUE,,,,,,June to August,,,,"lavender, intensely fragrant, attracts bees",,,,,,,,,,,,,,,,,,,,,,,,,,,
Brass Buttons,Leptinella squalida,Leptinella,N,Fiore,Confamilial - non-native (resolved),Asteraceae (cf. native asters),,,,,,,,0.1,0.25,,,Full sun to part shade,Medium,,,,,,,,,,,,,,"brass buttons, ferny bronze foliage, groundcover between pavers",,,,,,,,,,,,,,,,,,,,,,,,,,,
Platts Black Brass Buttons,Leptinella squalida Platts Black,Leptinella,Y,Fiore,Confamilial - non-native (resolved),Asteraceae (cf. native asters),,,,,,,,0.1,0.25,,,Full sun to part shade,Medium,,,,,,,,,,,,,,"brass buttons, ferny bronze foliage, groundcover between pavers",,,,,,,,,,,,,,,,,,,,,,,,,,,
Banana Cream Shasta Daisy,Leucanthemum superbum Banana Cream (PP23181),Leucanthemum,Y,Fiore,Confamilial - non-native (resolved),Asteraceae (cf. Symphyotrichum),,,,flower,,,,2,3,,,Full sun,Medium,,4 to 9,,TRUE,,,,,,June to September,,,,"Shasta daisy, classic white daisy, good cut flower",,perennial,,,,,,,,,,,,,,,,,,,,,,,,,
Becky Shasta Daisy,Leucanthemum superbum Becky,Leucanthemum,Y,Fiore,Confamilial - non-native (resolved),Asteraceae (cf. Symphyotrichum),,,,flower,,,,2,3,,,Full sun,Medium,,4 to 9,,TRUE,,,,,,June to September,,,,"Shasta daisy, classic white daisy, good cut flower",,perennial,,,,,,,,,,,,,,,,,,,,,,,,,
Snowcap Shasta Daisy,Leucanthemum superbum Snowcap,Leucanthemum,Y,Fiore,Confamilial - non-native (resolved),Asteraceae (cf. Symphyotrichum),,,,flower,,,,2,3,,,Full sun,Medium,,4 to 9,,TRUE,,,,,,June to September,,,,"Shasta daisy, classic white daisy, good cut flower",,perennial,,,,,,,,,,,,,,,,,,,,,,,,,
Leucanthemum s. Daisy May,Leucanthemum x superbum Daisy Duke,Leucanthemum,Y,Fiore,Confamilial - non-native (resolved),Asteraceae (cf. Symphyotrichum),,,,,,,,2,3,,,Full sun,Medium,,4 to 9,,TRUE,,,,,,June to September,,,,"Shasta daisy, classic white daisy, good cut flower",,,,,,,,,,,,,,,,,,,,,,,,,,,
Britt Marie Crawford Bigleaf Ligularia,Ligularia dentata Britt Marie Crawford,Ligularia,Y,Fiore,Confamilial - non-native (resolved),"Asteraceae (cf. Silphium, Rudbeckia)",,,,flower,,,,2,4,,,Part shade,Medium to wet,,3 to 8,,,,,,,,July to August,,,,"bigleaf ligularia, bold rounded leaves, moisture-loving",,perennial,,,,,,,,,,,,,,,,,,,,,,,,,
Desdemona Bigleaf Ligularia,Ligularia dentata Desdemona,Ligularia,Y,Fiore,Confamilial - non-native (resolved),"Asteraceae (cf. Silphium, Rudbeckia)",,,,flower,,,,2,4,,,Part shade,Medium to wet,,3 to 8,,,,,,,,July to August,,,,"bigleaf ligularia, bold rounded leaves, moisture-loving",,perennial,,,,,,,,,,,,,,,,,,,,,,,,,
Midnight Lady Ligularia,Ligularia dentata Midnight Lady,Ligularia,Y,Fiore,Confamilial - non-native (resolved),"Asteraceae (cf. Silphium, Rudbeckia)",,,,flower,,,,2,4,,,Part shade,Medium to wet,,3 to 8,,,,,,,,July to August,,,,"bigleaf ligularia, bold rounded leaves, moisture-loving",,perennial,,,,,,,,,,,,,,,,,,,,,,,,,
Pandora Ligularia,Ligularia dentata Pandora,Ligularia,Y,Fiore,Confamilial - non-native (resolved),"Asteraceae (cf. Silphium, Rudbeckia)",,,,flower,,,,2,4,,,Part shade,Medium to wet,,3 to 8,,,,,,,,July to August,,,,"bigleaf ligularia, bold rounded leaves, moisture-loving",,perennial,,,,,,,,,,,,,,,,,,,,,,,,,
Bottle Rocket Ligularia,Ligularia stenocephala Bottle Rocket (PP24486),Ligularia,Y,Fiore,Confamilial - non-native (resolved),"Asteraceae (cf. Silphium, Rudbeckia)",,,,,,,,3,4,,,Part shade,Medium to wet,,3 to 8,,,,,,,,July to August,,,,"ligularia, tall yellow spires, bold foliage",,,,,,,,,,,,,,,,,,,,,,,,,,,
Little Rocket Ligularia,Ligularia stenocephala Little Rocket,Ligularia,Y,Fiore,Confamilial - non-native (resolved),"Asteraceae (cf. Silphium, Rudbeckia)",,,,,,,,3,4,,,Part shade,Medium to wet,,3 to 8,,,,,,,,July to August,,,,"ligularia, tall yellow spires, bold foliage",,,,,,,,,,,,,,,,,,,,,,,,,,,
The Rocket Ligularia,Ligularia stenocephala The Rocket,Ligularia,Y,Fiore,Confamilial - non-native (resolved),"Asteraceae (cf. Silphium, Rudbeckia)",,,,,,,,3,4,,,Part shade,Medium to wet,,3 to 8,,,,,,,,July to August,,,,"ligularia, tall yellow spires, bold foliage",,,,,,,,,,,,,,,,,,,,,,,,,,,
Big Blue Lilyturf,Liriope muscari Big Blue,Liriope,Y,Fiore,Confamilial - non-native (resolved),Asparagaceae (cf. Maianthemum),,,,flower,,,coarse,1,1.5,,,Full sun to part shade,dry,"sand, loam, clay",5 to 10,,TRUE,Tolerant,,,,,Late Summer,,,,showy fruit,,moderate growth; moderate-lived; perennial,,,,,,,,,,,,,,,,,,,,,,,,,
Royal Purple Blue Lilyturf,Liriope muscari Royal Purple,Liriope,Y,Fiore,Confamilial - non-native (resolved),Asparagaceae (cf. Maianthemum),,,,flower,,,coarse,1,1.5,,,Full sun to part shade,dry,"sand, loam, clay",5 to 10,,TRUE,Tolerant,,,,,Late Summer,,,,showy fruit,,moderate growth; moderate-lived; perennial,,,,,,,,,,,,,,,,,,,,,,,,,
Variegated Blue Lilyturf,Liriope muscari Variegata,Liriope,Y,Fiore,Confamilial - non-native (resolved),Asparagaceae (cf. Maianthemum),,,,flower,,,coarse,1,1.5,,,Full sun to part shade,dry,"sand, loam, clay",5 to 10,,TRUE,Tolerant,,,,,Late Summer,,,,showy fruit,,moderate growth; moderate-lived; perennial,,,,,,,,,,,,,,,,,,,,,,,,,
Creeping Lilyturf,Liriope spicata,Liriope,N,Fiore,Confamilial - non-native (resolved),Asparagaceae (cf. Maianthemum),,,,flower,,,,0.75,1.25,,,Full sun to part shade,Medium,,4 to 10,,TRUE,,,,,lavender to white,August to September,,,,"vigorous spreading ground cover, erosion control",,perennial,,,,,,,,,,,,,,,,,,,,,,,,,
Mazus,Mazus reptans,Mazus,N,Fiore,Confamilial - non-native (resolved),"Mazaceae/Phrymaceae (cf. Phryma, Mimulus/Erythranthe)",,,,,,,,0.1,0.25,,,Full sun to part shade,Medium,,,,,,,,,blue to purple,May to June,,,,"creeping mazus, between stepping stones, tolerates light foot traffic",,,,,,,,,,,,,,,,,,,,,,,,,,,
Siberian Cypress,Microbiota decussata,Microbiota,N,Fiore,Confamilial - non-native (resolved),Cupressaceae (cf. Juniperus),,,,shrub,,,,1,1.5,,,Part shade to full shade,Medium,,,,TRUE,,,,,,,,,,"Russian cypress, feathery evergreen, coppery fall/winter color",,,,,,,,,,,,,,,,,,,,,,,,,,,
Celtic Pride Serbian Cypress,Microbiota decussata Prides,Microbiota,Y,Fiore,Confamilial - non-native (resolved),Cupressaceae (cf. Juniperus),,,,shrub,,,,1,1.5,,,Part shade to full shade,Medium,,,,TRUE,,,,,,,,,,"Russian cypress, feathery evergreen, coppery fall/winter color",,,,,,,,,,,,,,,,,,,,,,,,,,,
Dark Beauty Purple Moor Grass,Molinia arundinacea Dark Beauty,Molinia,Y,Fiore,Confamilial - non-native (resolved),Poaceae (cf. native bunchgrasses),,,,,,,,3,8,,,Full sun to part shade,Medium to wet,,4 to 9,,,,,,,,July to August,,,,"tall moor grass, elegant arching habit",,,,,,,,,,,,,,,,,,,,,,,,,,,
Flaming Moor Grass,Molinia caerulea Moorflamme,Molinia,Y,Fiore,Confamilial - non-native (resolved),Poaceae (cf. native bunchgrasses),,,,grass,,,,1,2,,,Full sun to part shade,Medium to wet,,4 to 9,,,,,,,,July to August,,,,"purple moor grass, fine-textured, fall color",,,,,,,,,,,,,,,,,,,,,,,,,,,
Cats Meow Catmint,Nepeta faassenii Cats Meow (PP24472),Nepeta,Y,Fiore,Confamilial - non-native (resolved),Lamiaceae (cf. Monarda); strong bee value,,,,,,,,1,3,,,Full sun,Dry to medium,,4 to 8,TRUE,TRUE,,,,,,May to September,,,,"catmint, long-blooming, attracts bees and butterflies, deer resistant",,,,,,,,,,,,,,,,,,,,,,,,,,,
Cats Pajamas Catmint,Nepeta faassenii Cats Pajamas (PP31127),Nepeta,Y,Fiore,Confamilial - non-native (resolved),Lamiaceae (cf. Monarda); strong bee value,,,,,,,,1,3,,,Full sun,Dry to medium,,4 to 8,TRUE,TRUE,,,,,,May to September,,,,"catmint, long-blooming, attracts bees and butterflies, deer resistant",,,,,,,,,,,,,,,,,,,,,,,,,,,
Early Bird Nepeta,Nepeta faassenii Early Bird,Nepeta,Y,Fiore,Confamilial - non-native (resolved),Lamiaceae (cf. Monarda); strong bee value,,,,,,,,1,3,,,Full sun,Dry to medium,,4 to 8,TRUE,TRUE,,,,,,May to September,,,,"catmint, long-blooming, attracts bees and butterflies, deer resistant",,,,,,,,,,,,,,,,,,,,,,,,,,,
Junior Walker Catmint,Nepeta faassenii Junior Walker (Novanepjun),Nepeta,Y,Fiore,Confamilial - non-native (resolved),Lamiaceae (cf. Monarda); strong bee value,,,,,,,,1,3,,,Full sun,Dry to medium,,4 to 8,TRUE,TRUE,,,,,,May to September,,,,"catmint, long-blooming, attracts bees and butterflies, deer resistant",,,,,,,,,,,,,,,,,,,,,,,,,,,
Kit Cat Faassens Catmint,Nepeta faassenii Kit Cat,Nepeta,Y,Fiore,Confamilial - non-native (resolved),Lamiaceae (cf. Monarda); strong bee value,,,,,,,,1,3,,,Full sun,Dry to medium,,4 to 8,TRUE,TRUE,,,,,,May to September,,,,"catmint, long-blooming, attracts bees and butterflies, deer resistant",,,,,,,,,,,,,,,,,,,,,,,,,,,
Blue Wonder Catmint,Nepeta racemosa Blue Wonder,Nepeta,Y,Fiore,Confamilial - non-native (resolved),Lamiaceae (cf. Monarda); strong bee value,,,,flower,,,,1,3,,,Full sun,Dry to medium,,4 to 8,TRUE,TRUE,,,,,,May to September,,,,"catmint, long-blooming, attracts bees and butterflies, deer resistant",,perennial,,,,,,,,,,,,,,,,,,,,,,,,,
Walkers Low Catmint,Nepeta racemosa Walkers Low,Nepeta,Y,Fiore,Confamilial - non-native (resolved),Lamiaceae (cf. Monarda); strong bee value,,,,flower,,,,1,3,,,Full sun,Dry to medium,,4 to 8,TRUE,TRUE,,,,,,May to September,,,,"catmint, long-blooming, attracts bees and butterflies, deer resistant",,perennial,,,,,,,,,,,,,,,,,,,,,,,,,
Black Mondo Grass,Ophiopogon plan. Nigrescens,Ophiopogon,Y,Fiore,Confamilial - non-native (resolved),Asparagaceae (cf. Maianthemum),,,,grass,,,,,,,,Part shade to full shade,Medium,,,,,,,,,,,,,,"mondo grass, grass-like groundcover, shade-tolerant",,,,,,,,,,,,,,,,,,,,,,,,,,,
Ornamental Oregano,Origanum laevigatum Herrenhausen,Origanum,Y,Fiore,Confamilial - non-native (resolved),Lamiaceae (cf. Pycnanthemum); bee value,,,,,,,,0.75,1.5,,,Full sun,Dry to medium,,5 to 8,TRUE,TRUE,,,,,,June to August,,,,"oregano/ornamental oregano, fragrant, attracts bees",,,,,,,,,,,,,,,,,,,,,,,,,,,
Golden Oregano,Origanum vulgare Aureum,Origanum,Y,Fiore,Confamilial - non-native (resolved),Lamiaceae (cf. Pycnanthemum); bee value,,,,,,,,0.75,1.5,,,Full sun,Dry to medium,,5 to 8,TRUE,TRUE,,,0,5,,June to August,,,,"oregano/ornamental oregano, fragrant, attracts bees",,,,,,,,,,,,,,,,,,,,,,,,,,,
Burgundy Bunny Fountain Grass,Pennisetum alopecuroides Burgundy Bunny,Pennisetum,Y,Fiore,Confamilial - non-native (resolved),Poaceae (cf. native grasses); use sterile/clumping selections,,,,grass,,,medium,,,,,Full sun,dry,"sand, loam",,TRUE,,Intolerant,,,,,Mid Summer,,,,fall color,,moderate growth; moderate-lived; perennial,,,,,,,,,,,,,,,,,,,,,,,,,
Desert Plains Fountain Grass,Pennisetum alopecuroides Desert Plains,Pennisetum,Y,Fiore,Confamilial - non-native (resolved),Poaceae (cf. native grasses); use sterile/clumping selections,,,,grass,,,medium,,,,,Full sun,dry,"sand, loam",,TRUE,,Intolerant,,,,,Mid Summer,,,,fall color,,moderate growth; moderate-lived; perennial,,,,,,,,,,,,,,,,,,,,,,,,,
Hameln Dwarf Fountain Grass,Pennisetum alopecuroides Hameln,Pennisetum,Y,Fiore,Confamilial - non-native (resolved),Poaceae (cf. native grasses); use sterile/clumping selections,,,,grass,,,medium,,,,,Full sun,dry,"sand, loam",,TRUE,,Intolerant,,,,,Mid Summer,,,,fall color,,moderate growth; moderate-lived; perennial,,,,,,,,,,,,,,,,,,,,,,,,,
Little Bunny Fountain Grass,Pennisetum alopecuroides Little Bunny,Pennisetum,Y,Fiore,Confamilial - non-native (resolved),Poaceae (cf. native grasses); use sterile/clumping selections,,,,grass,,,medium,,,,,Full sun,dry,"sand, loam",,TRUE,,Intolerant,,,,,Mid Summer,,,,fall color,,moderate growth; moderate-lived; perennial,,,,,,,,,,,,,,,,,,,,,,,,,
Piglet Fountain Grass,Pennisetum alopecuroides Piglet,Pennisetum,Y,Fiore,Confamilial - non-native (resolved),Poaceae (cf. native grasses); use sterile/clumping selections,,,,grass,,,medium,,,,,Full sun,dry,"sand, loam",,TRUE,,Intolerant,,,,,Mid Summer,,,,fall color,,moderate growth; moderate-lived; perennial,,,,,,,,,,,,,,,,,,,,,,,,,
Red Head Fountain Grass,Pennisetum alopecuroides Red Head,Pennisetum,Y,Fiore,Confamilial - non-native (resolved),Poaceae (cf. native grasses); use sterile/clumping selections,,,,grass,,,medium,,,,,Full sun,dry,"sand, loam",,TRUE,,Intolerant,,,,,Mid Summer,,,,fall color,,moderate growth; moderate-lived; perennial,,,,,,,,,,,,,,,,,,,,,,,,,
Karley Rose Oriental Fountain Grass,Pennisetum orientale Karley Rose,Pennisetum,Y,Fiore,Confamilial - non-native (resolved),Poaceae (cf. native grasses); use sterile/clumping selections,,,,grass,,,,,,,,Full sun,Dry to medium,,,TRUE,,,,,,,,,,,"fountain grass, bottlebrush plumes, graceful arching habit",,perennial,,,,,,,,,,,,,,,,,,,,,,,,,
Little Lace Russian Sage,Perovskia Little Lace,Perovskia,Y,Fiore,Confamilial - non-native (resolved),Lamiaceae (= Salvia; cf. Monarda); strong bee value,,,,,,,,,,,,Full sun,Dry to medium,,,TRUE,,,,,,,,,,,"Russian sage, silvery aromatic foliage, long summer bloom",,,,,,,,,,,,,,,,,,,,,,,,,,,
Russian Sage,Perovskia atriplicifolia,Perovskia,N,Fiore,Confamilial - non-native (resolved),Lamiaceae (= Salvia; cf. Monarda); strong bee value,,,,,,,,2,4,,,Full sun,Dry to medium,,,TRUE,TRUE,,,,,blue to lavender,July to September,,,,"aromatic silvery foliage, long summer bloom, drought-tolerant",,,,,,,,,,,,,,,,,,,,,,,,,,,
Crazy Blue Russian Sage,Perovskia atriplicifolia Crazy Blue,Perovskia,Y,Fiore,Confamilial - non-native (resolved),Lamiaceae (= Salvia; cf. Monarda); strong bee value,,,,,,,,2,4,,,Full sun,Dry to medium,,,TRUE,TRUE,,,,,,July to September,,,,"aromatic silvery foliage, long summer bloom, drought-tolerant",,,,,,,,,,,,,,,,,,,,,,,,,,,
Denim n Lace Russian Sage,Perovskia atriplicifolia Denim n Lace (PP28445),Perovskia,Y,Fiore,Confamilial - non-native (resolved),Lamiaceae (= Salvia; cf. Monarda); strong bee value,,,,,,,,2,4,,,Full sun,Dry to medium,,,TRUE,TRUE,,,,,,July to September,,,,"aromatic silvery foliage, long summer bloom, drought-tolerant",,,,,,,,,,,,,,,,,,,,,,,,,,,
Little Spire Russian Sage,Perovskia atriplicifolia Little Spire,Perovskia,Y,Fiore,Confamilial - non-native (resolved),Lamiaceae (= Salvia; cf. Monarda); strong bee value,,,,,,,,2,4,,,Full sun,Dry to medium,,,TRUE,TRUE,,,,,,July to September,,,,"aromatic silvery foliage, long summer bloom, drought-tolerant",,,,,,,,,,,,,,,,,,,,,,,,,,,
Firetail Mountain Fleece,Persicaria amplexicaule Firetail,Persicaria,Y,Fiore,Native cultivar (genus-native tie; resolved),Polygonaceae; native smartweeds (note: some spp. aggressive),,,,,,,,3,5,,,Full sun to part shade,Medium,,3 to 9,,,,,,,,July to October,,,,"mountain fleece, very long bloomer, bold perennial",,,,,,,,,,,,,,,,,,,,,,,,,,,
Smart Weed,Persicaria polymorpha,Persicaria,N,Fiore,Native / near-region (genus-native tie; resolved),Polygonaceae; native smartweeds (note: some spp. aggressive),,,,,,,,4,6,,,Full sun,Medium,,3 to 9,,,,,,,white,June to August,,,,"white fleeceflower, large airy panicles, bold perennial",,,,,,,,,,,,,,,,,,,,,,,,,,,
Illuminati Sparks Mockorange,Philadelphus coronarius SMNPVB (Illuminati Sparks),Philadelphus,Y,Fiore,Confamilial - non-native (resolved),Hydrangeaceae (cf. Hydrangea arborescens),,,,shrub,,,medium,6,12,,,Full sun to part shade,average,clay,4 to 8,,,Intolerant,,0,5,,Late Spring,,,,showy fruit,,moderate growth; long-lived; perennial,,,,,,,,,,,,,,,,,,,,,,,,,
Minnesota Snowflake Virginal Mockorange,Philadelphus virginalis Minnesota Snowflake,Philadelphus,Y,Fiore,Confamilial - non-native (resolved),Hydrangeaceae (cf. Hydrangea arborescens),,,,shrub,,,,6,12,,,Full sun to part shade,Medium,,4 to 8,,,,,,,,May to June,,,,"mock orange, intensely fragrant spring flowers",,,,,,,,,,,,,,,,,,,,,,,,,,,
Frohburg Norway Spruce,Picea abies Frohburg,Picea,Y,Fiore,Native cultivar (genus-native tie; resolved),Pinaceae; Picea glauca/mariana native to region,,,,shrub,,,,,,,,Full sun,Medium,,,,TRUE,,,,,,,,,,"spruce, evergreen conifer, wildlife cover",,perennial,,,,,,,,,,,,,,,,,,,,,,,,,
Birds Nest Spruce,Picea abies Nidiformis,Picea,Y,Fiore,Native cultivar (genus-native tie; resolved),Pinaceae; Picea glauca/mariana native to region,,,,shrub,,,,,,,,Full sun,Medium,,,,TRUE,,,,,,,,,,"spruce, evergreen conifer, wildlife cover",,perennial,,,,,,,,,,,,,,,,,,,,,,,,,
Dwarf Serbian Spruce,Picea omorika Nana,Picea,Y,Fiore,Native cultivar (genus-native tie; resolved),Pinaceae; Picea glauca/mariana native to region,,,,shrub,,,,,,,,Full sun,Medium,,,,TRUE,,,,,,,,,,"spruce, evergreen conifer, wildlife cover",,,,,,,,,,,,,,,,,,,,,,,,,,,
Dwarf Globe Blue Spruce,Picea pungens Glauca Globosa,Picea,Y,Fiore,Native cultivar (genus-native tie; resolved),Pinaceae; Picea glauca/mariana native to region,,,,shrub,,,medium,,,,,Full sun,average,"sand, loam",,,TRUE,Intermediate,,,,,Late Spring,,,,"spruce, evergreen conifer, wildlife cover",,slow growth; long-lived; perennial,,,,,,,,,,,,,,,,,,,,,,,,,
Montgomery Colorado Spruce,Picea pungens Montgomery,Picea,Y,Fiore,Native cultivar (genus-native tie; resolved),Pinaceae; Picea glauca/mariana native to region,,,,shrub,,,medium,,,,,Full sun,average,"sand, loam",,,TRUE,Intermediate,,,,,Late Spring,,,,"spruce, evergreen conifer, wildlife cover",,slow growth; long-lived; perennial,,,,,,,,,,,,,,,,,,,,,,,,,
Mountain Fire Japanese Pieris,Pieris japonica Mountain Fire,Pieris,Y,Fiore,Confamilial - non-native (resolved),"Ericaceae (cf. Vaccinium, Kalmia, Andromeda)",,,,shrub,,,,6,10,,,Part shade,Medium,,4 to 8,,TRUE,,,,,,March to April,,,,"Japanese andromeda, spring flower clusters, acidic soil",,,,,,,,,,,,,,,,,,,,,,,,,,,
Enci Mugo Pine,Pinus mugo Enci,Pinus,Y,Fiore,Native cultivar (genus-native tie; resolved),Pinaceae; Pinus strobus/banksiana/resinosa native,,,,shrub,,,,,,,,Full sun,Dry to medium,,,TRUE,,,,,,,,,,,"pine, evergreen, wildlife cover, drought-tolerant",,,,,,,,,,,,,,,,,,,,,,,,,,,
Fastigiate Mugo Pine,Pinus mugo Fastigiata,Pinus,Y,Fiore,Native cultivar (genus-native tie; resolved),Pinaceae; Pinus strobus/banksiana/resinosa native,,,,shrub,,,,,,,,Full sun,Dry to medium,,,TRUE,,,,,,,,,,,"pine, evergreen, wildlife cover, drought-tolerant",,,,,,,,,,,,,,,,,,,,,,,,,,,
Slowmound Mugo Pine,Pinus mugo Slowmound,Pinus,Y,Fiore,Native cultivar (genus-native tie; resolved),Pinaceae; Pinus strobus/banksiana/resinosa native,,,,shrub,,,,,,,,Full sun,Dry to medium,,,TRUE,,,,,,,,,,,"pine, evergreen, wildlife cover, drought-tolerant",,,,,,,,,,,,,,,,,,,,,,,,,,,
Valley Cushion Mugo Pine,Pinus mugo Valley Cushion,Pinus,Y,Fiore,Native cultivar (genus-native tie; resolved),Pinaceae; Pinus strobus/banksiana/resinosa native,,,,shrub,,,,,,,,Full sun,Dry to medium,,,TRUE,,,,,,,,,,,"pine, evergreen, wildlife cover, drought-tolerant",,,,,,,,,,,,,,,,,,,,,,,,,,,
Mugo Pine,Pinus mugo var. mugo,Pinus,Y,Fiore,Native cultivar (genus-native tie; resolved),Pinaceae; Pinus strobus/banksiana/resinosa native,,,,shrub,,,,,,,,Full sun,Dry to medium,,,TRUE,,,,,,,,,,,"pine, evergreen, wildlife cover, drought-tolerant",,,,,,,,,,,,,,,,,,,,,,,,,,,
Dwarf Mugo Pine,Pinus mugo var. pumilio,Pinus,Y,Fiore,Native cultivar (genus-native tie; resolved),Pinaceae; Pinus strobus/banksiana/resinosa native,,,,shrub,,,,,,,,Full sun,Dry to medium,,,TRUE,,,,,,,,,,,"pine, evergreen, wildlife cover, drought-tolerant",,,,,,,,,,,,,,,,,,,,,,,,,,,
Blue Shag White Pine,Pinus strobus Blue Shag,Pinus,Y,Fiore,Native cultivar (genus-native tie; resolved),Pinaceae; Pinus strobus/banksiana/resinosa native,,,,shrub,,,,,,,,Full sun,Dry to medium,,,TRUE,,,,9,3,,,,,,"pine, evergreen, wildlife cover, drought-tolerant",,,,,,,,,,,,,,,,,,,,,,,,,,,
Contorted White Pine,Pinus strobus Contorta,Pinus,Y,Fiore,Native cultivar (genus-native tie; resolved),Pinaceae; Pinus strobus/banksiana/resinosa native,,,,shrub,,,,,,,,Full sun,Dry to medium,,,TRUE,,,,9,3,,,,,,"pine, evergreen, wildlife cover, drought-tolerant",,,,,,,,,,,,,,,,,,,,,,,,,,,
Weeping White Pine,Pinus strobus Pendula,Pinus,Y,Fiore,Native cultivar (genus-native tie; resolved),Pinaceae; Pinus strobus/banksiana/resinosa native,,,,shrub,,,,,,,,Full sun,Dry to medium,,,TRUE,,,,9,3,,,,,,"pine, evergreen, wildlife cover, drought-tolerant",,,,,,,,,,,,,,,,,,,,,,,,,,,
Pop Star Blue Balloon Flower,Platycodon grandiflorus Pop Star Blue,Platycodon,Y,Fiore,Confamilial - non-native (resolved),"Campanulaceae (cf. Lobelia, Campanula)",,,,flower,,,,1.5,2,,,Full sun to part shade,Medium,,3 to 8,,,,,,,,July to August,,,,"balloon flower, opens from inflated buds",,perennial,,,,,,,,,,,,,,,,,,,,,,,,,
Raspberry Splash Lungwort,Pulmonaria Raspberry Splash,Pulmonaria,Y,Fiore,Confamilial - non-native (resolved),Boraginaceae (cf. Mertensia),,,,,,,,0.75,1.5,,,Part shade to full shade,Medium,,3 to 8,,,,,,,,March to May,,,,"lungwort, silver-spotted foliage, early spring",,,,,,,,,,,,,,,,,,,,,,,,,,,
Trevi Fountain Lungwort,Pulmonaria Trevi Fountain,Pulmonaria,Y,Fiore,Confamilial - non-native (resolved),Boraginaceae (cf. Mertensia),,,,,,,,0.75,1.5,,,Part shade to full shade,Medium,,3 to 8,,,,,,,,March to May,,,,"lungwort, silver-spotted foliage, early spring",,,,,,,,,,,,,,,,,,,,,,,,,,,
Mrs. Moon,Pulmonaria saccharata Mrs. Moon,Pulmonaria,Y,Fiore,Confamilial - non-native (resolved),Boraginaceae (cf. Mertensia),,,,flower,,,,0.75,1.5,,,Part shade to full shade,Medium,,3 to 8,,,,,,,,March to May,,,,"lungwort, silver-spotted foliage, early spring",,perennial,,,,,,,,,,,,,,,,,,,,,,,,,
Pink-a-Blue Lungwort,Pulmonaria x Pink-a-Blue,Pulmonaria,N,Fiore,Confamilial - non-native (resolved),Boraginaceae (cf. Mertensia),,,,,,,,0.75,1.5,,,Part shade to full shade,Medium,,3 to 8,,,,,,,pink to blue,March to May,,,,"lungwort, early spring bloomer, silver-spotted foliage",,,,,,,,,,,,,,,,,,,,,,,,,,,
Fingerleaf Rodgers Flower,Rodgersia aesculifolia,Rodgersia,N,Fiore,Confamilial - non-native (resolved),"Saxifragaceae (cf. Astilbe relatives, Heuchera)",,,,,,,,3,6,,,Part shade,Medium to wet,,,,,,,,,white,June to July,,,,"bold horse-chestnut foliage, moisture-loving, architectural",,,,,,,,,,,,,,,,,,,,,,,,,,,
Bronze Peacock Rodgers Flower,Rodgersia pinnata Bronze Peacock,Rodgersia,Y,Fiore,Confamilial - non-native (resolved),"Saxifragaceae (cf. Astilbe relatives, Heuchera)",,,,,,,,,,,,Part shade,Medium to wet,,,,,,,,,,June to July,,,,"pinnate-leaved rodgersia, bold foliage",,,,,,,,,,,,,,,,,,,,,,,,,,,
Elegans Featherleaf Rodgers Flower,Rodgersia pinnata var. elegans,Rodgersia,Y,Fiore,Confamilial - non-native (resolved),"Saxifragaceae (cf. Astilbe relatives, Heuchera)",,,,,,,,,,,,Part shade,Medium to wet,,,,,,,,,,June to July,,,,"pinnate-leaved rodgersia, bold foliage",,,,,,,,,,,,,,,,,,,,,,,,,,,
Wild Petunia,Ruellia humilis,Ruellia,N,Fiore,Native / near-region (genus-native tie; resolved),Acanthaceae; Ruellia humilis (wild petunia) native prairie sp.,,,,,,,,1,2,,,Full sun to part shade,Dry to medium,,,,,,,7,4,lavender,July to September,,,,"wild petunia, attracts hummingbirds and bees, drought-tolerant",,,,,,,,,,,,,,,,,,,,,,,,,,,
Irish Moss,Sagina subulata,Sagina,N,Fiore,Confamilial - non-native (resolved),Caryophyllaceae (cf. Silene),,,,flower,,,,0.1,0.25,,,Full sun to part shade,Medium,,,,,,,,,white,June to August,,,,"Irish moss, fragrant, lawn alternative, between stepping stones",,perennial,,,,,,,,,,,,,,,,,,,,,,,,,
Plum Drops Burnet,Sanguisorba x Plum Drops,Sanguisorba,Y,Fiore,Native cultivar (genus-native tie; resolved),Rosaceae; Sanguisorba canadensis (Canadian burnet) native,,,,,,,,,,,,Full sun to part shade,Medium to wet,,,,,,,,,,,,,,"burnet, bottlebrush flowers, architectural foliage",,,,,,,,,,,,,,,,,,,,,,,,,,,
Rock Soapwort,Saponaria ocymoides,Saponaria,N,Fiore,Confamilial - non-native (resolved),Caryophyllaceae (cf. Silene),,,,flower,,,,0.5,1,,,Full sun,Dry to medium,,,TRUE,,,,,,pink,May to June,,,,"rock soapwort, tumbling habit, wall and rock garden",,perennial,,,,,,,,,,,,,,,,,,,,,,,,,
Pink Mist Pincushion Flower,Scabiosa Pink Mist,Scabiosa,Y,Fiore,Confamilial - non-native (resolved),Caprifoliaceae s.l. (cf. Lonicera); excellent butterfly/bee nectar,,,,,,,,1,2,,,Full sun,Dry to medium,,3 to 7,TRUE,,,,,,,June to October,,,,"pincushion flower, long-blooming, attracts butterflies",,,,,,,,,,,,,,,,,,,,,,,,,,,
Rosa Sensation False Hydrangea Vine,Schizophragma hydrangeoides Rose Sensation,Schizophragma,Y,Fiore,Confamilial - non-native (resolved),Hydrangeaceae (cf. Hydrangea arborescens),,,,shrub,,,,,,,,Part shade to full shade,Medium,,,,,,,,,,,,,,"Japanese climbing hydrangea, lace-cap flowers, self-clinging",,,,,,,,,,,,,,,,,,,,,,,,,,,
Black Hens and Chicks,Sempervivum Black,Sempervivum,Y,Fiore,Confamilial - non-native (resolved),Crassulaceae (cf. Sedum ternatum),,,,,,,,,,,,Full sun,Dry,,,TRUE,TRUE,,,,,,,,,,"hen and chicks, succulent rosettes, extremely drought-tolerant",,,,,,,,,,,,,,,,,,,,,,,,,,,
Green Wheel Hens and Chicks,Sempervivum Green Wheel,Sempervivum,Y,Fiore,Confamilial - non-native (resolved),Crassulaceae (cf. Sedum ternatum),,,,,,,,,,,,Full sun,Dry,,,TRUE,TRUE,,,,,,,,,,"hen and chicks, succulent rosettes, extremely drought-tolerant",,,,,,,,,,,,,,,,,,,,,,,,,,,
Oddity Hens and Chicks,Sempervivum Oddity,Sempervivum,Y,Fiore,Confamilial - non-native (resolved),Crassulaceae (cf. Sedum ternatum),,,,,,,,,,,,Full sun,Dry,,,TRUE,TRUE,,,,,,,,,,"hen and chicks, succulent rosettes, extremely drought-tolerant",,,,,,,,,,,,,,,,,,,,,,,,,,,
Rocknoll Rosette Hens and Chicks,Sempervivum Rocknoll Rosette,Sempervivum,Y,Fiore,Confamilial - non-native (resolved),Crassulaceae (cf. Sedum ternatum),,,,,,,,,,,,Full sun,Dry,,,TRUE,TRUE,,,,,,,,,,"hen and chicks, succulent rosettes, extremely drought-tolerant",,,,,,,,,,,,,,,,,,,,,,,,,,,
Greelees Moor Grass,Sesleria Greenlee Hybrid,Sesleria,Y,Fiore,Confamilial - non-native (resolved),Poaceae (cf. native bunchgrasses),,,,grass,,,,,,,,Full sun to part shade,Dry to medium,,,,,,,,,,,,,,"moor grass, cool-season, adaptable",,,,,,,,,,,,,,,,,,,,,,,,,,,
Autumn Moor Grass,Sesleria autumnalis,Sesleria,N,Fiore,Confamilial - non-native (resolved),Poaceae (cf. native bunchgrasses),,,,grass,,,,1,2,,,Full sun to part shade,Dry to medium,,,,,,,,,,August to September,,,,"autumn moor grass, late-season interest",,,,,,,,,,,,,,,,,,,,,,,,,,,
False Solomon Seal,Smilacina (maianthemum) racemosa,Smilacina,Y,Fiore,Native cultivar (genus-native tie; resolved),"Asparagaceae; = Maianthemum, native",,,,,,,,,,,,Part shade to full shade,Medium,,,,,,,,,,,,,,"Solomon's plume / false Solomon's seal, fragrant flower clusters",,,,,,,,,,,,,,,,,,,,,,,,,,,
Ural False Spirea,Sorbaria sorbifolia,Sorbaria,N,Fiore,Confamilial - non-native (resolved),Rosaceae (cf. Spiraea); note: suckers,,,,shrub,,,,5,8,5,8,Full sun,Medium,,,,,,,,,white,June to July,,,,"feathery white panicles, suckering spreader",,,,,,,,,,,,,,,,,,,,,,,,,,,
Cherry on Top False Spirea,Sorbaria sorbifolia Bococot (Cherry on Top),Sorbaria,Y,Fiore,Confamilial - non-native (resolved),Rosaceae (cf. Spiraea); note: suckers,,,,shrub,,,,5,8,5,8,Full sun,Medium,,,,,,,,,,June to July,,,,"feathery white panicles, suckering spreader",,,,,,,,,,,,,,,,,,,,,,,,,,,
Sem Ural False Spirea,Sorbaria sorbifolia Sem,Sorbaria,Y,Fiore,Confamilial - non-native (resolved),Rosaceae (cf. Spiraea); note: suckers,,,,shrub,,,,5,8,5,8,Full sun,Medium,,,,,,,,,,June to July,,,,"feathery white panicles, suckering spreader",,,,,,,,,,,,,,,,,,,,,,,,,,,
Summer Crush Betony,Stachys Summer Crush,Stachys,Y,Fiore,Native cultivar (genus-native tie; resolved),Lamiaceae; native hedge-nettles (S. tenuifolia),,,,,,,,,,,,Full sun to part shade,Dry to medium,,,,,,,,,,,,,,"betony/stachys, long-blooming, low maintenance",,,,,,,,,,,,,,,,,,,,,,,,,,,
Big Ears,Stachys byzantina Big Ears (AKA Helene von Steine),Stachys,Y,Fiore,Native cultivar (genus-native tie; resolved),Lamiaceae; native hedge-nettles (S. tenuifolia),,,,flower,,,,1,1.5,,,Full sun,Dry to medium,,,TRUE,,,,0,5,,,,,,"lamb's ear, soft silver foliage, drought-tolerant",,perennial,,,,,,,,,,,,,,,,,,,,,,,,,
Little Lamb Ears,Stachys byzantina Little Lamb,Stachys,Y,Fiore,Native cultivar (genus-native tie; resolved),Lamiaceae; native hedge-nettles (S. tenuifolia),,,,flower,,,,1,1.5,,,Full sun,Dry to medium,,,TRUE,,,,0,5,,,,,,"lamb's ear, soft silver foliage, drought-tolerant",,perennial,,,,,,,,,,,,,,,,,,,,,,,,,
Silver Carpet Lambs Ears,Stachys byzantina Silver Carpet,Stachys,Y,Fiore,Native cultivar (genus-native tie; resolved),Lamiaceae; native hedge-nettles (S. tenuifolia),,,,flower,,,,1,1.5,,,Full sun,Dry to medium,,,TRUE,,,,0,5,,,,,,"lamb's ear, soft silver foliage, drought-tolerant",,perennial,,,,,,,,,,,,,,,,,,,,,,,,,
Dwarf Betony,Stachys minima,Stachys,N,Fiore,Native / near-region (genus-native tie; resolved),Lamiaceae; native hedge-nettles (S. tenuifolia),,,,,,,,0.5,1,,,Full sun to part shade,Dry to medium,,,,,,,,,pink to purple,June to August,,,,"small betony, compact low habit",,,,,,,,,,,,,,,,,,,,,,,,,,,
Alpine Betony,Stachys x Hummelo,Stachys,N,Fiore,Native / near-region (genus-native tie; resolved),Lamiaceae; native hedge-nettles (S. tenuifolia),,,,,,,,1.5,2,,,Full sun to part shade,Medium,,,,,,,,,violet to purple,June to August,,,,"long-blooming, attracts bees, drought-tolerant once established",,,,,,,,,,,,,,,,,,,,,,,,,,,
Crispa Cutleaf Stephanandra,Stephanandra incisa Crispa,Stephanandra,Y,Fiore,Confamilial - non-native (resolved),"Rosaceae (cf. Spiraea, Physocarpus)",,,,shrub,,,,4,6,,,Full sun to part shade,Medium,,3 to 7,,TRUE,,,,,,May to June,,,,"cutleaf stephanandra, lacy foliage, good fall color, mounding",,perennial,,,,,,,,,,,,,,,,,,,,,,,,,
Heath Aster,Symphiotricum (Aster) ericoides,Symphiotricum,Y,Fiore,Native cultivar (genus-native tie; resolved),"Asteraceae; = Symphyotrichum (spelling), native asters",,,,,,,,,,,,Full sun to part shade,Medium,,,,,,,,,,August to October,,,,"aster, fall bloomer",,,,,,,,,,,,,,,,,,,,,,,,,,,
Dark Purple Reblooming Lilac,Syringa Bloomerang Dark Purple,Syringa,Y,Fiore,Confamilial - non-native (resolved),"Oleaceae (cf. Fraxinus, Chionanthus)",,,,shrub,,,,,,,,Full sun,Medium,,,,,,,,,,April to June,,,,"lilac, intensely fragrant spring bloomer",,,,,,,,,,,,,,,,,,,,,,,,,,,
Little Lady Lilac,Syringa Jeflady (Little Lady),Syringa,Y,Fiore,Confamilial - non-native (resolved),"Oleaceae (cf. Fraxinus, Chionanthus)",,,,shrub,,,,,,,,Full sun,Medium,,,,,,,,,,April to June,,,,"lilac, intensely fragrant spring bloomer",,,,,,,,,,,,,,,,,,,,,,,,,,,
Bloomerang Lilac,Syringa Penda,Syringa,Y,Fiore,Confamilial - non-native (resolved),"Oleaceae (cf. Fraxinus, Chionanthus)",,,,shrub,,,,,,,,Full sun,Medium,,,,,,,,,,April to June,,,,"lilac, intensely fragrant spring bloomer",,,,,,,,,,,,,,,,,,,,,,,,,,,
Tinkerbelle Lilac,Syringa Tinkerbelle,Syringa,Y,Fiore,Confamilial - non-native (resolved),"Oleaceae (cf. Fraxinus, Chionanthus)",,,,shrub,,,,,,,,Full sun,Medium,,,,,,,,,,April to June,,,,"lilac, intensely fragrant spring bloomer",,,,,,,,,,,,,,,,,,,,,,,,,,,
Royalty Hybrid Lilac,Syringa josiflexa Royalty,Syringa,Y,Fiore,Confamilial - non-native (resolved),"Oleaceae (cf. Fraxinus, Chionanthus)",,,,shrub,,,,,,,,Full sun,Medium,,,,,,,,,,April to June,,,,"lilac, intensely fragrant spring bloomer",,,,,,,,,,,,,,,,,,,,,,,,,,,
Dwarf Korean Lilac,Syringa meyeri Palibin,Syringa,Y,Fiore,Confamilial - non-native (resolved),"Oleaceae (cf. Fraxinus, Chionanthus)",,,,shrub,,,,,,,,Full sun,Medium,,,,,,,,,,April to June,,,,"lilac, intensely fragrant spring bloomer",,,,,,,,,,,,,,,,,,,,,,,,,,,
Miss Kim Manchurian Lilac,Syringa patula Miss Kim,Syringa,Y,Fiore,Confamilial - non-native (resolved),"Oleaceae (cf. Fraxinus, Chionanthus)",,,,shrub,,,,,,,,Full sun,Medium,,,,,,,,,,April to June,,,,"lilac, intensely fragrant spring bloomer",,,,,,,,,,,,,,,,,,,,,,,,,,,
Donald Wyman Preston Lilac,Syringa prestoniae Donald Wyman,Syringa,Y,Fiore,Confamilial - non-native (resolved),"Oleaceae (cf. Fraxinus, Chionanthus)",,,,shrub,,,,,,,,Full sun,Medium,,,,,,,,,,April to June,,,,"lilac, intensely fragrant spring bloomer",,,,,,,,,,,,,,,,,,,,,,,,,,,
Common Lilac,Syringa vulgaris,Syringa,N,Fiore,Confamilial - non-native (resolved),"Oleaceae (cf. Fraxinus, Chionanthus)",,,,shrub,,,medium,12,20,8,12,Full sun,average,"sand, loam, clay",,,,Intermediate,,0,5,purple,Late Spring,,,,showy flowers,,moderate growth; moderate-lived; perennial,,,,,,,,,,,,,,,,,,,,,,,,,
White Common Lilac,Syringa vulgaris Alba,Syringa,Y,Fiore,Confamilial - non-native (resolved),"Oleaceae (cf. Fraxinus, Chionanthus)",,,,shrub,,,medium,12,16,8,12,Full sun,average,"sand, loam, clay",,,,Intermediate,,0,5,,Late Spring,,,,showy flowers,,moderate growth; moderate-lived; perennial,,,,,,,,,,,,,,,,,,,,,,,,,
Charles Joly Common Lilac,Syringa vulgaris Charles Joly,Syringa,Y,Fiore,Confamilial - non-native (resolved),"Oleaceae (cf. Fraxinus, Chionanthus)",,,,shrub,,,medium,12,16,8,12,Full sun,average,"sand, loam, clay",,,,Intermediate,,0,5,,Late Spring,,,,showy flowers,,moderate growth; moderate-lived; perennial,,,,,,,,,,,,,,,,,,,,,,,,,
Krasavitsa Moskvy or Beauty of Moscow Common Lilac,Syringa vulgaris Krasavitsa Moskvy,Syringa,Y,Fiore,Confamilial - non-native (resolved),"Oleaceae (cf. Fraxinus, Chionanthus)",,,,shrub,,,medium,12,16,8,12,Full sun,average,"sand, loam, clay",,,,Intermediate,,0,5,,Late Spring,,,,showy flowers,,moderate growth; moderate-lived; perennial,,,,,,,,,,,,,,,,,,,,,,,,,
Prairie Petite Common Lilac,Syringa vulgaris Prairie Petite,Syringa,Y,Fiore,Confamilial - non-native (resolved),"Oleaceae (cf. Fraxinus, Chionanthus)",,,,shrub,,,medium,12,16,8,12,Full sun,average,"sand, loam, clay",,,,Intermediate,,0,5,,Late Spring,,,,showy flowers,,moderate growth; moderate-lived; perennial,,,,,,,,,,,,,,,,,,,,,,,,,
Sensation Common Lilac,Syringa vulgaris Sensation,Syringa,Y,Fiore,Confamilial - non-native (resolved),"Oleaceae (cf. Fraxinus, Chionanthus)",,,,shrub,,,medium,12,16,8,12,Full sun,average,"sand, loam, clay",,,,Intermediate,,0,5,,Late Spring,,,,showy flowers,,moderate growth; moderate-lived; perennial,,,,,,,,,,,,,,,,,,,,,,,,,
Wedgwood Blue Common Lilac,Syringa vulgaris Wedgwood Blue,Syringa,Y,Fiore,Confamilial - non-native (resolved),"Oleaceae (cf. Fraxinus, Chionanthus)",,,,shrub,,,medium,12,16,8,12,Full sun,average,"sand, loam, clay",,,,Intermediate,,0,5,,Late Spring,,,,showy flowers,,moderate growth; moderate-lived; perennial,,,,,,,,,,,,,,,,,,,,,,,,,
Baby Kim Lilac,Syringa x SMNSDTP (Baby Kim),Syringa,Y,Fiore,Confamilial - non-native (resolved),"Oleaceae (cf. Fraxinus, Chionanthus)",,,,shrub,,,,,,,,Full sun,Medium,,,,,,,,,,April to June,,,,"lilac, intensely fragrant spring bloomer",,,,,,,,,,,,,,,,,,,,,,,,,,,
Adams Columnar Japanese Yew,Taxus cuspidata Adams Columnar,Taxus,Y,Fiore,Native cultivar (genus-native tie; resolved),Taxaceae; Taxus canadensis (Canada yew) native,,,,shrub,,,fine,,,,,Part shade to full shade,average,loam,,,TRUE,Tolerant,,,,,Mid Spring,,,,"yew, evergreen, shade-tolerant hedge, red berries (toxic)",,slow growth; moderate-lived; perennial,,,,,,,,,,,,,,,,,,,,,,,,,
Capitata Japanese Yew,Taxus cuspidata Capitata,Taxus,Y,Fiore,Native cultivar (genus-native tie; resolved),Taxaceae; Taxus canadensis (Canada yew) native,,,,shrub,,,fine,,,,,Part shade to full shade,average,loam,,,TRUE,Tolerant,,,,,Mid Spring,,,,"yew, evergreen, shade-tolerant hedge, red berries (toxic)",,slow growth; moderate-lived; perennial,,,,,,,,,,,,,,,,,,,,,,,,,
Capitata Unsheared Japanese Yew,Taxus cuspidata Capitata Natural,Taxus,Y,Fiore,Native cultivar (genus-native tie; resolved),Taxaceae; Taxus canadensis (Canada yew) native,,,,shrub,,,fine,,,,,Part shade to full shade,average,loam,,,TRUE,Tolerant,,,,,Mid Spring,,,,"yew, evergreen, shade-tolerant hedge, red berries (toxic)",,slow growth; moderate-lived; perennial,,,,,,,,,,,,,,,,,,,,,,,,,
Dense Intermediate Yew,Taxus media Densiformis,Taxus,Y,Fiore,Native cultivar (genus-native tie; resolved),Taxaceae; Taxus canadensis (Canada yew) native,,,,shrub,,,,,,,,Part shade to full shade,Medium,,,,TRUE,,,,,,,,,,"yew, evergreen, shade-tolerant hedge, red berries (toxic)",,perennial,,,,,,,,,,,,,,,,,,,,,,,,,
Everlow Intermediate Yew,Taxus media Everlow,Taxus,Y,Fiore,Native cultivar (genus-native tie; resolved),Taxaceae; Taxus canadensis (Canada yew) native,,,,shrub,,,,,,,,Part shade to full shade,Medium,,,,TRUE,,,,,,,,,,"yew, evergreen, shade-tolerant hedge, red berries (toxic)",,perennial,,,,,,,,,,,,,,,,,,,,,,,,,
Pyramidal Intermediate Yew,Taxus media Fastigiata,Taxus,Y,Fiore,Native cultivar (genus-native tie; resolved),Taxaceae; Taxus canadensis (Canada yew) native,,,,shrub,,,,,,,,Part shade to full shade,Medium,,,,TRUE,,,,,,,,,,"yew, evergreen, shade-tolerant hedge, red berries (toxic)",,perennial,,,,,,,,,,,,,,,,,,,,,,,,,
Hicks Intermediate Yew,Taxus media Hicksii,Taxus,Y,Fiore,Native cultivar (genus-native tie; resolved),Taxaceae; Taxus canadensis (Canada yew) native,,,,shrub,,,,,,,,Part shade to full shade,Medium,,,,TRUE,,,,,,,,,,"yew, evergreen, shade-tolerant hedge, red berries (toxic)",,perennial,,,,,,,,,,,,,,,,,,,,,,,,,
Taunton Intermediate Yew,Taxus media Tauntonii,Taxus,Y,Fiore,Native cultivar (genus-native tie; resolved),Taxaceae; Taxus canadensis (Canada yew) native,,,,shrub,,,,,,,,Part shade to full shade,Medium,,,,TRUE,,,,,,,,,,"yew, evergreen, shade-tolerant hedge, red berries (toxic)",,perennial,,,,,,,,,,,,,,,,,,,,,,,,,
Fire Chief American Arborvitae,Thuja occidentalis Congabe,Thuja,Y,Fiore,Native cultivar (genus-native tie; resolved),Cupressaceae; Thuja occidentalis (N. white cedar) native,,,,shrub,,,fine,,,,,Full sun,average,"sand, loam, clay",,,,Intermediate,,10,-3,,Mid Spring,,,,"arborvitae, evergreen hedge/screen, wildlife cover",,slow growth; long-lived; perennial,,,,,,,,,,,,,,,,,,,,,,,,,
Danica Dwarf American Arborvitae,Thuja occidentalis Danica,Thuja,Y,Fiore,Native cultivar (genus-native tie; resolved),Cupressaceae; Thuja occidentalis (N. white cedar) native,,,,shrub,,,fine,,,,,Full sun,average,"sand, loam, clay",,,,Intermediate,,10,-3,,Mid Spring,,,,"arborvitae, evergreen hedge/screen, wildlife cover",,slow growth; long-lived; perennial,,,,,,,,,,,,,,,,,,,,,,,,,
Degroots Spire Arborvitae,Thuja occidentalis Degroots Spire,Thuja,Y,Fiore,Native cultivar (genus-native tie; resolved),Cupressaceae; Thuja occidentalis (N. white cedar) native,,,,shrub,,,fine,,,,,Full sun,average,"sand, loam, clay",,,,Intermediate,,10,-3,,Mid Spring,,,,"arborvitae, evergreen hedge/screen, wildlife cover",,slow growth; long-lived; perennial,,,,,,,,,,,,,,,,,,,,,,,,,
Hetz Midget Dwarf Arborvitae,Thuja occidentalis Hetz Midget,Thuja,Y,Fiore,Native cultivar (genus-native tie; resolved),Cupressaceae; Thuja occidentalis (N. white cedar) native,,,,shrub,,,fine,,,,,Full sun,average,"sand, loam, clay",,,,Intermediate,,10,-3,,Mid Spring,,,,"arborvitae, evergreen hedge/screen, wildlife cover",,slow growth; long-lived; perennial,,,,,,,,,,,,,,,,,,,,,,,,,
Holmstrup American Arborvitae,Thuja occidentalis Holmstrup,Thuja,Y,Fiore,Native cultivar (genus-native tie; resolved),Cupressaceae; Thuja occidentalis (N. white cedar) native,,,,shrub,,,fine,,,,,Full sun,average,"sand, loam, clay",,,,Intermediate,,10,-3,,Mid Spring,,,,"arborvitae, evergreen hedge/screen, wildlife cover",,slow growth; long-lived; perennial,,,,,,,,,,,,,,,,,,,,,,,,,
Mr. Bowling Ball American Arborvitae,Thuja occidentalis Mr. Bowling Ball,Thuja,Y,Fiore,Native cultivar (genus-native tie; resolved),Cupressaceae; Thuja occidentalis (N. white cedar) native,,,,shrub,,,fine,,,,,Full sun,average,"sand, loam, clay",,,,Intermediate,,10,-3,,Mid Spring,,,,"arborvitae, evergreen hedge/screen, wildlife cover",,slow growth; long-lived; perennial,,,,,,,,,,,,,,,,,,,,,,,,,
North Pole American Arborvitae,Thuja occidentalis North Pole (Art Boe),Thuja,Y,Fiore,Native cultivar (genus-native tie; resolved),Cupressaceae; Thuja occidentalis (N. white cedar) native,,,,shrub,,,fine,,,,,Full sun,average,"sand, loam, clay",,,,Intermediate,,10,-3,,Mid Spring,,,,"arborvitae, evergreen hedge/screen, wildlife cover",,slow growth; long-lived; perennial,,,,,,,,,,,,,,,,,,,,,,,,,
Unicorn American Arborvitae,Thuja occidentalis Unicorn,Thuja,Y,Fiore,Native cultivar (genus-native tie; resolved),Cupressaceae; Thuja occidentalis (N. white cedar) native,,,,shrub,,,fine,,,,,Full sun,average,"sand, loam, clay",,,,Intermediate,,10,-3,,Mid Spring,,,,"arborvitae, evergreen hedge/screen, wildlife cover",,slow growth; long-lived; perennial,,,,,,,,,,,,,,,,,,,,,,,,,
Woodward or Globe Arborvitae,Thuja occidentalis Woodwardii,Thuja,Y,Fiore,Native cultivar (genus-native tie; resolved),Cupressaceae; Thuja occidentalis (N. white cedar) native,,,,shrub,,,fine,,,,,Full sun,average,"sand, loam, clay",,,,Intermediate,,10,-3,,Mid Spring,,,,"arborvitae, evergreen hedge/screen, wildlife cover",,slow growth; long-lived; perennial,,,,,,,,,,,,,,,,,,,,,,,,,
Yellow Ribbon American Arborvitae,Thuja occidentalis Yellow Ribbon,Thuja,Y,Fiore,Native cultivar (genus-native tie; resolved),Cupressaceae; Thuja occidentalis (N. white cedar) native,,,,shrub,,,fine,,,,,Full sun,average,"sand, loam, clay",,,,Intermediate,,10,-3,,Mid Spring,,,,"arborvitae, evergreen hedge/screen, wildlife cover",,slow growth; long-lived; perennial,,,,,,,,,,,,,,,,,,,,,,,,,
4Ever Goldy Western Red Cedar,Thuja plicata 4Ever Goldy,Thuja,Y,Fiore,Native cultivar (genus-native tie; resolved),Cupressaceae; Thuja occidentalis (N. white cedar) native,,,,shrub,,,fine,,,,,Full sun,average,loam,,,,Tolerant,,,,,Mid Spring,,,,"arborvitae, evergreen hedge/screen, wildlife cover",,slow growth; long-lived; perennial,,,,,,,,,,,,,,,,,,,,,,,,,
Hi-ho Silver variegated Creeping Thyme,Thymus argenteus Hi-Ho Silver,Thymus,Y,Fiore,Confamilial - non-native (resolved),Lamiaceae (cf. Pycnanthemum); bee value,,,,,,,,,,,,Full sun,Dry to medium,,,TRUE,,,,,,,,,,,"thyme, fragrant, drought-tolerant, culinary and ornamental",,,,,,,,,,,,,,,,,,,,,,,,,,,
Lemon Thyme,Thymus citriodorus,Thymus,N,Fiore,Confamilial - non-native (resolved),Lamiaceae (cf. Pycnanthemum); bee value,,,,,,,,0.25,0.75,,,Full sun,Dry to medium,,,TRUE,,,,,,pink to lavender,June to August,,,,"fragrant lemon-scented foliage, culinary herb",,,,,,,,,,,,,,,,,,,,,,,,,,,
Red Mother Creeping Thyme,Thymus praecox Coccineus,Thymus,Y,Fiore,Confamilial - non-native (resolved),Lamiaceae (cf. Pycnanthemum); bee value,,,,shrub,,,,,,,,Full sun,Dry to medium,,,TRUE,,,,,,,,,,,"thyme, fragrant, drought-tolerant, culinary and ornamental",,perennial,,,,,,,,,,,,,,,,,,,,,,,,,
Purple Carpet Creeping Thyme,Thymus praecox Purple Carpet,Thymus,Y,Fiore,Confamilial - non-native (resolved),Lamiaceae (cf. Pycnanthemum); bee value,,,,shrub,,,,,,,,Full sun,Dry to medium,,,TRUE,,,,,,,,,,,"thyme, fragrant, drought-tolerant, culinary and ornamental",,perennial,,,,,,,,,,,,,,,,,,,,,,,,,
Woolly Thyme,Thymus pseudolanuginosus,Thymus,N,Fiore,Confamilial - non-native (resolved),Lamiaceae (cf. Pycnanthemum); bee value,,,,,,,,0.1,0.25,,,Full sun,Dry,,,TRUE,,,,,,,,,,,"woolly thyme, dense carpet, between stepping stones",,,,,,,,,,,,,,,,,,,,,,,,,,,
Elfin Creeping Thyme,Thymus serphyllum Elfin,Thymus,Y,Fiore,Confamilial - non-native (resolved),Lamiaceae (cf. Pycnanthemum); bee value,,,,,,,,,,,,Full sun,Dry to medium,,,TRUE,,,,,,,,,,,"thyme, fragrant, drought-tolerant, culinary and ornamental",,,,,,,,,,,,,,,,,,,,,,,,,,,
Pink Chintz Creeping Thyme,Thymus serphyllum Pink Chintz,Thymus,Y,Fiore,Confamilial - non-native (resolved),Lamiaceae (cf. Pycnanthemum); bee value,,,,,,,,,,,,Full sun,Dry to medium,,,TRUE,,,,,,,,,,,"thyme, fragrant, drought-tolerant, culinary and ornamental",,,,,,,,,,,,,,,,,,,,,,,,,,,
Autumn Glow Toad Lily,Tricyrtis formosana Autumn Glow,Tricyrtis,Y,Fiore,Confamilial - non-native (resolved),"Liliaceae (cf. Lilium, Erythronium)",,,,,,,,2,3,,,Part shade to full shade,Medium,,4 to 9,,,,,,,,August to October,,,,"toad lily, orchid-like fall flowers, shade-loving",,,,,,,,,,,,,,,,,,,,,,,,,,,
Dark Beauty Formosan Toad Lily,Tricyrtis formosana Dark Beauty,Tricyrtis,Y,Fiore,Confamilial - non-native (resolved),"Liliaceae (cf. Lilium, Erythronium)",,,,,,,,2,3,,,Part shade to full shade,Medium,,4 to 9,,,,,,,,August to October,,,,"toad lily, orchid-like fall flowers, shade-loving",,,,,,,,,,,,,,,,,,,,,,,,,,,
Gilt Edge Formosan Toad Lily,Tricyrtis formosana Gilt Edge,Tricyrtis,Y,Fiore,Confamilial - non-native (resolved),"Liliaceae (cf. Lilium, Erythronium)",,,,,,,,2,3,,,Part shade to full shade,Medium,,4 to 9,,,,,,,,August to October,,,,"toad lily, orchid-like fall flowers, shade-loving",,,,,,,,,,,,,,,,,,,,,,,,,,,
Tojen Common Toad Lily,Tricyrtis hirta Tojen,Tricyrtis,Y,Fiore,Confamilial - non-native (resolved),"Liliaceae (cf. Lilium, Erythronium)",,,,flower,,,,2,3,,,Part shade to full shade,Medium,,4 to 9,,,,,,,,August to October,,,,"toad lily, orchid-like fall flowers, shade-loving",,perennial,,,,,,,,,,,,,,,,,,,,,,,,,
Jeddeloh Canadian Hemlock,Tsuga canadensis Jeddeloh,Tsuga,Y,Fiore,Native cultivar (genus-native tie; resolved),Pinaceae; Tsuga canadensis (E. hemlock) native (near-region),,,,shrub,,,,,,,,Part shade to full shade,Medium,,,,TRUE,,,10,3,,,,,,"Eastern hemlock, elegant drooping conifer, shade-tolerant",,perennial,,,,,,,,,,,,,,,,,,,,,,,,,
Moon Frost Canadian Hemlock,Tsuga canadensis Moon Frost,Tsuga,Y,Fiore,Native cultivar (genus-native tie; resolved),Pinaceae; Tsuga canadensis (E. hemlock) native (near-region),,,,shrub,,,,,,,,Part shade to full shade,Medium,,,,TRUE,,,10,3,,,,,,"Eastern hemlock, elegant drooping conifer, shade-tolerant",,perennial,,,,,,,,,,,,,,,,,,,,,,,,,
Sargent Canadian Hemlock,Tsuga canadensis Sargentii,Tsuga,Y,Fiore,Native cultivar (genus-native tie; resolved),Pinaceae; Tsuga canadensis (E. hemlock) native (near-region),,,,shrub,,,,,,,,Part shade to full shade,Medium,,,,TRUE,,,10,3,,,,,,"Eastern hemlock, elegant drooping conifer, shade-tolerant",,perennial,,,,,,,,,,,,,,,,,,,,,,,,,
First Lady Speedwell,Veronica First Lady,Veronica,Y,Fiore,Native cultivar (genus-native tie; resolved),Plantaginaceae; native speedwells (V. americana),,,,,,,,1,2,,,Full sun to part shade,Medium,,4 to 8,,,,,,,,May to August,,,,"speedwell, long-blooming, attracts bees",,,,,,,,,,,,,,,,,,,,,,,,,,,
Magic Show Purple Show Speedwell,Veronica hybrid Purple Illusion,Veronica,Y,Fiore,Native cultivar (genus-native tie; resolved),Plantaginaceae; native speedwells (V. americana),,,,,,,,1,2,,,Full sun to part shade,Medium,,4 to 8,,,,,,,,May to August,,,,"speedwell, long-blooming, attracts bees",,,,,,,,,,,,,,,,,,,,,,,,,,,
Very Van Gogh Speedwell,Veronica hybrid Very Van Gogh,Veronica,Y,Fiore,Native cultivar (genus-native tie; resolved),Plantaginaceae; native speedwells (V. americana),,,,,,,,1,2,,,Full sun to part shade,Medium,,4 to 8,,,,,,,,May to August,,,,"speedwell, long-blooming, attracts bees",,,,,,,,,,,,,,,,,,,,,,,,,,,
Wizard of Ahhs Speedwell,Veronica hybrid Wizard of Ahhs,Veronica,Y,Fiore,Native cultivar (genus-native tie; resolved),Plantaginaceae; native speedwells (V. americana),,,,,,,,1,2,,,Full sun to part shade,Medium,,4 to 8,,,,,,,,May to August,,,,"speedwell, long-blooming, attracts bees",,,,,,,,,,,,,,,,,,,,,,,,,,,
Pure Silver Woolly Speedwell,Veronica incana Pure Silver,Veronica,Y,Fiore,Native cultivar (genus-native tie; resolved),Plantaginaceae; native speedwells (V. americana),,,,,,,,1,2,,,Full sun to part shade,Medium,,4 to 8,,,,,,,,May to August,,,,"speedwell, long-blooming, attracts bees",,,,,,,,,,,,,,,,,,,,,,,,,,,
Royal Candles Speedwell,Veronica spicata Glory,Veronica,Y,Fiore,Native cultivar (genus-native tie; resolved),Plantaginaceae; native speedwells (V. americana),,,,flower,,,,1,2,,,Full sun to part shade,Medium,,4 to 8,,TRUE,,,,,,May to August,,,,"speedwell, long-blooming, attracts bees",,perennial,,,,,,,,,,,,,,,,,,,,,,,,,
Red Fox Spiked Speedwell,Veronica spicata Red Fox,Veronica,Y,Fiore,Native cultivar (genus-native tie; resolved),Plantaginaceae; native speedwells (V. americana),,,,flower,,,,1,2,,,Full sun to part shade,Medium,,4 to 8,,TRUE,,,,,,May to August,,,,"speedwell, long-blooming, attracts bees",,perennial,,,,,,,,,,,,,,,,,,,,,,,,,
Spike Speedwell,Veronica spicata Spike,Veronica,Y,Fiore,Native cultivar (genus-native tie; resolved),Plantaginaceae; native speedwells (V. americana),,,,flower,,,,1,2,,,Full sun to part shade,Medium,,4 to 8,,TRUE,,,,,,May to August,,,,"speedwell, long-blooming, attracts bees",,perennial,,,,,,,,,,,,,,,,,,,,,,,,,
Barren Strawberry,Waldsteinia ternata,Waldsteinia,N,Fiore,Native / near-region (genus-native tie; resolved),Rosaceae; Waldsteinia fragarioides native (near-region),,,,,,,,0.25,0.5,,,Part shade to full shade,Medium,,,,,,,,,yellow,May to June,,,,"barren strawberry, semi-evergreen ground cover, spreads by stolons",,,,,,,,,,,,,,,,,,,,,,,,,,,
Sonic Bloom Pink Weigela,Weigela florida Bokrasopin (Sonic Bloom Pink),Weigela,Y,Fiore,Confamilial - non-native (resolved),"Caprifoliaceae (cf. Lonicera, Diervilla); hummingbird value",,,,shrub,,,,6,9,,,Full sun to part shade,Medium,,4 to 8,,,,,,,,May to June,,,,"weigela, funnel-shaped flowers, attracts hummingbirds",,perennial,,,,,,,,,,,,,,,,,,,,,,,,,
Spilled Wine Old Fashioned Weigela,Weigela florida Bokraspiwi Spilled Wine,Weigela,Y,Fiore,Confamilial - non-native (resolved),"Caprifoliaceae (cf. Lonicera, Diervilla); hummingbird value",,,,shrub,,,,6,9,,,Full sun to part shade,Medium,,4 to 8,,,,,,,,May to June,,,,"weigela, funnel-shaped flowers, attracts hummingbirds",,perennial,,,,,,,,,,,,,,,,,,,,,,,,,
Dark Horse Old Fashioned Weigela,Weigela florida Dark Horse,Weigela,Y,Fiore,Confamilial - non-native (resolved),"Caprifoliaceae (cf. Lonicera, Diervilla); hummingbird value",,,,shrub,,,,6,9,,,Full sun to part shade,Medium,,4 to 8,,,,,,,,May to June,,,,"weigela, funnel-shaped flowers, attracts hummingbirds",,perennial,,,,,,,,,,,,,,,,,,,,,,,,,
Midnight Wine Shine Weigela,Weigela florida Midnight Wine Shine,Weigela,Y,Fiore,Confamilial - non-native (resolved),"Caprifoliaceae (cf. Lonicera, Diervilla); hummingbird value",,,,shrub,,,,6,9,,,Full sun to part shade,Medium,,4 to 8,,,,,,,,May to June,,,,"weigela, funnel-shaped flowers, attracts hummingbirds",,perennial,,,,,,,,,,,,,,,,,,,,,,,,,
Minuet Old Fashioned Weigela,Weigela florida Minuet,Weigela,Y,Fiore,Confamilial - non-native (resolved),"Caprifoliaceae (cf. Lonicera, Diervilla); hummingbird value",,,,shrub,,,,6,9,,,Full sun to part shade,Medium,,4 to 8,,,,,,,,May to June,,,,"weigela, funnel-shaped flowers, attracts hummingbirds",,perennial,,,,,,,,,,,,,,,,,,,,,,,,,
My Monet Purple Effect Weigela,Weigela florida My Monet Purple Effect,Weigela,Y,Fiore,Confamilial - non-native (resolved),"Caprifoliaceae (cf. Lonicera, Diervilla); hummingbird value",,,,shrub,,,,6,9,,,Full sun to part shade,Medium,,4 to 8,,,,,,,,May to June,,,,"weigela, funnel-shaped flowers, attracts hummingbirds",,perennial,,,,,,,,,,,,,,,,,,,,,,,,,
Red Prince Old Fashioned Weigela,Weigela florida Red Prince,Weigela,Y,Fiore,Confamilial - non-native (resolved),"Caprifoliaceae (cf. Lonicera, Diervilla); hummingbird value",,,,shrub,,,,6,9,,,Full sun to part shade,Medium,,4 to 8,,,,,,,,May to June,,,,"weigela, funnel-shaped flowers, attracts hummingbirds",,perennial,,,,,,,,,,,,,,,,,,,,,,,,,
Sonic Bloom Wine Weigela,Weigela florida SMNWFG (Sonic Bloom Wine),Weigela,Y,Fiore,Confamilial - non-native (resolved),"Caprifoliaceae (cf. Lonicera, Diervilla); hummingbird value",,,,shrub,,,,6,9,,,Full sun to part shade,Medium,,4 to 8,,,,,,,,May to June,,,,"weigela, funnel-shaped flowers, attracts hummingbirds",,perennial,,,,,,,,,,,,,,,,,,,,,,,,,
My Monet Old Fashioned Weigela,Weigela florida Verweig,Weigela,Y,Fiore,Confamilial - non-native (resolved),"Caprifoliaceae (cf. Lonicera, Diervilla); hummingbird value",,,,shrub,,,,6,9,,,Full sun to part shade,Medium,,4 to 8,,,,,,,,May to June,,,,"weigela, funnel-shaped flowers, attracts hummingbirds",,perennial,,,,,,,,,,,,,,,,,,,,,,,,,
Sonic Bloom Red Weigela,Weigela florida Verweig 6 (Sonic Bloom Red),Weigela,Y,Fiore,Confamilial - non-native (resolved),"Caprifoliaceae (cf. Lonicera, Diervilla); hummingbird value",,,,shrub,,,,6,9,,,Full sun to part shade,Medium,,4 to 8,,,,,,,,May to June,,,,"weigela, funnel-shaped flowers, attracts hummingbirds",,perennial,,,,,,,,,,,,,,,,,,,,,,,,,
Midnight Sun Weigela,Weigela florida Verweig9 (Midnight Sun),Weigela,Y,Fiore,Confamilial - non-native (resolved),"Caprifoliaceae (cf. Lonicera, Diervilla); hummingbird value",,,,shrub,,,,6,9,,,Full sun to part shade,Medium,,4 to 8,,,,,,,,May to June,,,,"weigela, funnel-shaped flowers, attracts hummingbirds",,perennial,,,,,,,,,,,,,,,,,,,,,,,,,
Very Fine Wine Weigela,Weigela florida Very Fine Wine,Weigela,Y,Fiore,Confamilial - non-native (resolved),"Caprifoliaceae (cf. Lonicera, Diervilla); hummingbird value",,,,shrub,,,,6,9,,,Full sun to part shade,Medium,,4 to 8,,,,,,,,May to June,,,,"weigela, funnel-shaped flowers, attracts hummingbirds",,perennial,,,,,,,,,,,,,,,,,,,,,,,,,
Wine and Roses Old Fashioned Weigela,Weigela florida Wine and Roses (Alexandra),Weigela,Y,Fiore,Confamilial - non-native (resolved),"Caprifoliaceae (cf. Lonicera, Diervilla); hummingbird value",,,,shrub,,,,6,9,,,Full sun to part shade,Medium,,4 to 8,,,,,,,,May to June,,,,"weigela, funnel-shaped flowers, attracts hummingbirds",,perennial,,,,,,,,,,,,,,,,,,,,,,,,,
